{"type":"FeatureCollection","features":[{"type":"Feature","geometry":{"type":"MultiPolygon","coordinates":[[[[-1.8377026578464293,47.24250066535388],[-1.836406326729275,47.24305641771709],[-1.8376089785312426,47.244476663802395],[-1.8349072527681338,47.244246115614246],[-1.8323197270048992,47.243220491354],[-1.8315500952372792,47.243548588281676],[-1.8302216234390194,47.243342181315505],[-1.8278049280250437,47.244160103079565],[-1.8271419163290126,47.24368835084809],[-1.826915985515493,47.242631412069855],[-1.8250061109190068,47.24181327246809],[-1.8240396171935787,47.24035632392327],[-1.8218468470791904,47.23875216198616],[-1.8180385077692314,47.23694496047596],[-1.813356355587315,47.236246204380365],[-1.8101077397871945,47.23409608712795],[-1.806598825505929,47.23080717300684],[-1.803367014476026,47.22964378873912],[-1.7969446064508992,47.22888361085798],[-1.7914153560781472,47.22751243695836],[-1.7907703370283126,47.227863141494446],[-1.790668093651825,47.22952942591725],[-1.7882193824681096,47.22784160278968],[-1.7873829901352802,47.227836326411946],[-1.7871877226694972,47.22976698921627],[-1.783803080614176,47.227157634080044],[-1.7816046029555264,47.22642213293523],[-1.7803596151329477,47.22703548742335],[-1.7786623151013772,47.22637475628529],[-1.7769988782218717,47.22785883527722],[-1.7756188297717759,47.22729389624115],[-1.7746325861071917,47.227897768175026],[-1.7717686695617207,47.22688866297761],[-1.7713511683740824,47.22817592729034],[-1.771894266249322,47.2291132259407],[-1.7632331802276633,47.235990121914114],[-1.7617831473912324,47.23583423099039],[-1.7564345153126335,47.237326627106896],[-1.7514270811292407,47.23654399628145],[-1.74700683269974,47.23915131185619],[-1.7453123342230155,47.239047946437715],[-1.7431945431271902,47.237921916685885],[-1.7421525710128238,47.238721851705],[-1.7403271570809993,47.23902989578584],[-1.7404212727814279,47.24027747043479],[-1.739639836849424,47.24196576575801],[-1.7388949849320132,47.242142122271964],[-1.7365215407159291,47.244150757036735],[-1.7341227974467195,47.248344872108994],[-1.7347511727061182,47.251732605948426],[-1.7333654593847099,47.25413263629354],[-1.7316175410903716,47.255364020558666],[-1.7297269333122485,47.25573854193155],[-1.728663881460809,47.25688161057929],[-1.7269853121220184,47.25753780370024],[-1.7240999700461257,47.26238559541929],[-1.7224506814231209,47.2641599712161],[-1.7191613042261606,47.27393914617107],[-1.7172322157810278,47.27491300908467],[-1.7162546338412692,47.27475412554632],[-1.715115144605589,47.276016357933315],[-1.715294122135511,47.2764635032452],[-1.7183966432473536,47.27781649641147],[-1.7185105588778633,47.278062252261115],[-1.7165691416798072,47.27726888150232],[-1.7158316149072097,47.27801421835003],[-1.714885239742662,47.2781697940381],[-1.7148881104293585,47.2787422649662],[-1.717160935125865,47.2796742626184],[-1.7185464627091982,47.27835628161928],[-1.719637765513348,47.280307562765444],[-1.7197472222738308,47.28292650375491],[-1.7168920088501687,47.286775534535636],[-1.715119594306572,47.28638563390041],[-1.7087768927838092,47.283633336173935],[-1.7054577871645873,47.2834852148292],[-1.6984039463007794,47.286376430867506],[-1.6924295309913502,47.28647702025508],[-1.689631403941357,47.288878913524144],[-1.6878405897713071,47.28847364367172],[-1.6870670111892985,47.28874244107254],[-1.6856295795870846,47.290309007805654],[-1.6837024761451347,47.291293220458726],[-1.6827674913769632,47.29274482145649],[-1.6802746269932187,47.294484404588694],[-1.6793246260116224,47.29574503667292],[-1.6782277853196825,47.29650787157858],[-1.6769114746283522,47.296735185139006],[-1.67397233689709,47.29930454706323],[-1.6711436293294228,47.30030196870221],[-1.6697970796254058,47.301872790046204],[-1.6668133396243578,47.301234961677],[-1.6653801066987504,47.29935695051063],[-1.6644211851251638,47.29935244008417],[-1.6637910376633849,47.29862494867382],[-1.6630621617211538,47.29853865624991],[-1.6621727276000249,47.30091170160553],[-1.655274812201893,47.307374837280385],[-1.650623614393541,47.30595773335486],[-1.6490741503336601,47.30736825578046],[-1.6442912332038588,47.307886213022776],[-1.6441467411222612,47.30875026223471],[-1.6430053661983974,47.30965053367654],[-1.6394958369027728,47.30783719385571],[-1.6336311835861694,47.30601759582809],[-1.6170933411128259,47.297678390826576],[-1.6127682670264927,47.295924288514755],[-1.6046698230043221,47.28690011582001],[-1.6029947401832696,47.28243356458098],[-1.5992502151151822,47.27990543067389],[-1.5937741553850906,47.273693465524545],[-1.5889621281512296,47.274765278428404],[-1.584505587899491,47.27349726396514],[-1.584208170101552,47.27394454858806],[-1.5857834008316767,47.277908430696684],[-1.5858200658334685,47.280702813484005],[-1.5870936212651463,47.28533084620909],[-1.5868896185683583,47.287222967674744],[-1.5860381528021614,47.2884800106999],[-1.5851806264678732,47.29150760722217],[-1.5852045642786339,47.29334133598325],[-1.5841000887870809,47.294948511219744],[-1.5851806412438412,47.296041676062764],[-1.5857366285694816,47.29826412164735],[-1.5827937617610464,47.30153643482398],[-1.579471711590121,47.304017833481666],[-1.5782250316932152,47.307007505324044],[-1.578901038472563,47.30782354782835],[-1.5809284843403726,47.308488667449375],[-1.581257039492453,47.311155755245906],[-1.5844847679283485,47.311801845085114],[-1.5847850768276428,47.31302410684686],[-1.5867699023811863,47.313633733720884],[-1.5874232785835662,47.31423679871033],[-1.5861656458938869,47.314884305101934],[-1.5857684310177516,47.31733898092267],[-1.587276603009521,47.32133574668104],[-1.5895639294789268,47.324649317999246],[-1.5934475261919665,47.32707002382174],[-1.5926344039404106,47.32911058760348],[-1.5977236254654026,47.333638938311495],[-1.5945522297458259,47.336486893409564],[-1.5750645273534671,47.34988378566682],[-1.5740727808418544,47.353268940729244],[-1.5668033638831553,47.3514943481483],[-1.5653234138202352,47.34810948587111],[-1.5635024968564097,47.347429729765935],[-1.5638550933313549,47.34480630255044],[-1.5625514079792941,47.34299359767359],[-1.5608860783169685,47.34222644676283],[-1.5601582725084904,47.34083535146097],[-1.5582701173133315,47.34016197881264],[-1.5571772039977176,47.33844655310586],[-1.553787591585373,47.338068805825884],[-1.5535759754624907,47.336719860113504],[-1.5524702357939313,47.33516239428524],[-1.5472217582254593,47.33367750194365],[-1.546496226007472,47.33261377494233],[-1.5459631898981883,47.32946950302217],[-1.5431631989904258,47.327594562058536],[-1.541550867310123,47.324702036961845],[-1.5413197913306436,47.32219073897804],[-1.5405197167729114,47.32123256403626],[-1.5409581678349789,47.32071298160727],[-1.54060325604059,47.318893881093466],[-1.5412707897816644,47.31831957646796],[-1.5426791203080092,47.31800330048416],[-1.542862669079035,47.316827786009384],[-1.5418848189041392,47.315588637351496],[-1.5376194019855898,47.314794584494784],[-1.5341060997158362,47.312615593298155],[-1.5337394858058617,47.311709912910324],[-1.5341552249429702,47.31085680839114],[-1.5330245266990201,47.30899174900714],[-1.5343706857604318,47.30632453267022],[-1.5384432439743074,47.30584180332934],[-1.538647316828001,47.306952282557255],[-1.5400428086430227,47.30715612968487],[-1.5417192420021293,47.30655220774896],[-1.5414501592760146,47.30566181434112],[-1.5448751426517948,47.305351741637814],[-1.5458310413125527,47.30420349046232],[-1.5463990623213517,47.30219151935967],[-1.545459113527276,47.301620063290805],[-1.546414435783169,47.30051409313725],[-1.5475841540349928,47.300208348911],[-1.5481890156761828,47.29867325925382],[-1.5476658411735031,47.29814446073854],[-1.5456948077715196,47.298133413925925],[-1.5450485100231677,47.29844725247995],[-1.5437292363980948,47.298186808382034],[-1.5462921705399106,47.296057492179365],[-1.5448401575184603,47.29387351602396],[-1.5450812768745446,47.2933539144202],[-1.544095383916606,47.29242070623012],[-1.5448241668260654,47.29120283435073],[-1.5442572285136886,47.29054080640056],[-1.5450418906984047,47.28982452246888],[-1.5449346472449783,47.28902789404912],[-1.546330499527113,47.287961849996925],[-1.5469465661116342,47.2886498511952],[-1.5482470511949862,47.288191522382675],[-1.547691332013243,47.28748992760205],[-1.5464498509918263,47.287793589993264],[-1.5468112752007035,47.28719600568036],[-1.5460021565588673,47.28622129507075],[-1.5464124789356897,47.28549721457569],[-1.5459531736159533,47.284329222681535],[-1.5460970507072058,47.283770211246875],[-1.545210759367377,47.283151292718834],[-1.5423897027808149,47.28277938545407],[-1.5417248108085917,47.283100243121304],[-1.541548793290804,47.28389818905683],[-1.5423468933328435,47.28424638993845],[-1.5430021376261567,47.283819669835964],[-1.5443211557364322,47.28495821133747],[-1.5436098270869907,47.28528265975045],[-1.5428657872528233,47.28448702398021],[-1.5406316127576605,47.28505583444294],[-1.540514638562195,47.284458211011355],[-1.5397317712612284,47.2842018182255],[-1.5386029526474412,47.28438357647317],[-1.5374215336190333,47.285205852415096],[-1.536649573140326,47.28478045199053],[-1.5351119909305806,47.28540350833399],[-1.5356598900105318,47.28391289307572],[-1.5350496381051166,47.28370020878437],[-1.533870779186809,47.28398842442271],[-1.5355613754783621,47.282392858277625],[-1.5357265987038897,47.28167987534967],[-1.53523093862262,47.281283014003584],[-1.5354323815551931,47.28021336567951],[-1.534204797851199,47.27931647737823],[-1.5356285099663025,47.27904795552049],[-1.5358211642955975,47.27836481961853],[-1.534794785186352,47.277790970039135],[-1.5329984024338301,47.27755016069257],[-1.5326739534952871,47.27711575358005],[-1.5356541434479436,47.276996599598675],[-1.5363596524928562,47.27518881606001],[-1.535733751742504,47.27485075892904],[-1.5307630928795244,47.275110816440616],[-1.5316342065625612,47.2738076144796],[-1.5351055669535676,47.27113194338038],[-1.537564895417129,47.26987130899448],[-1.538408367374085,47.268672017530186],[-1.5397523402336257,47.264554745299115],[-1.5384677126601005,47.26335029658496],[-1.5387684467380875,47.26263937768772],[-1.5381862091188059,47.26138201924989],[-1.5382475435379648,47.25937928242224],[-1.540142859526995,47.25519091377157],[-1.5407223430274228,47.25153487745103],[-1.54191738741025,47.25113094191302],[-1.5418783248718788,47.25050841899664],[-1.545723111919868,47.24680627737636],[-1.5465904999790474,47.24361732022259],[-1.5474673686742622,47.242808621050855],[-1.5473204113731993,47.24214839620135],[-1.5502852619551764,47.23851955904475],[-1.549822796215016,47.23735007560106],[-1.5485049956612587,47.23795233120568],[-1.547771461207693,47.23932410550981],[-1.546878249463676,47.23991244316837],[-1.5454209096907003,47.242459697410645],[-1.5455841006756241,47.24359573423253],[-1.5440874525863506,47.24640954658888],[-1.5433258000338532,47.24696586936202],[-1.542206798526592,47.24713381382502],[-1.5406752316713948,47.24835827863158],[-1.5391273151426315,47.25050700833744],[-1.539206684377634,47.25117590750525],[-1.5380994921043787,47.252774588832594],[-1.5383477832598031,47.25550109991342],[-1.536915721748344,47.257244575608354],[-1.5348552752055318,47.25785497917095],[-1.5342129488640368,47.2589455405453],[-1.5344440324806363,47.26110024062301],[-1.536350114260468,47.262326948434676],[-1.5356371366313284,47.26485381860811],[-1.536193581210972,47.26643403701707],[-1.5353749809146282,47.26781702738354],[-1.5345416895248578,47.2679808284132],[-1.5320204044842645,47.27026633396952],[-1.5312060502828118,47.271703922954785],[-1.5289377330167795,47.27340922417115],[-1.5279903285976115,47.274873855039026],[-1.5267437465587312,47.27558108482382],[-1.5254829057236032,47.275689746787194],[-1.5213827735950938,47.274294063573784],[-1.5204042991767484,47.274419133888394],[-1.519636857162524,47.27405871978525],[-1.5189473628293846,47.27431362206227],[-1.519086529625661,47.27483940532302],[-1.5177215955275352,47.275167174416886],[-1.514473122997034,47.27457072790767],[-1.5160146676850228,47.2720425174423],[-1.5143435533608074,47.27052614998826],[-1.5153455717064606,47.270146590911764],[-1.5145709258150355,47.269029879451985],[-1.5164028837300338,47.267548521107926],[-1.5147137054078759,47.266073853770486],[-1.5152440273818182,47.26568714229586],[-1.5150964999591603,47.265100860884715],[-1.514025149079775,47.26461856618024],[-1.5141272284651015,47.26409182002718],[-1.5131196411134438,47.26363868020569],[-1.5130380190177364,47.26307666404486],[-1.5121317240816754,47.262750089175945],[-1.5112400837442457,47.263236953592155],[-1.5106384720040626,47.26282911604395],[-1.509933366105817,47.26293550758604],[-1.5093037520112806,47.26385857177594],[-1.5105570394146681,47.26456846722087],[-1.5088672701009005,47.265126084498114],[-1.5096390966311215,47.26452116988511],[-1.5091256927541636,47.263999466881714],[-1.507807609862988,47.264660321264216],[-1.507142036477985,47.26413941549571],[-1.5061319363765215,47.264420655761185],[-1.5043722024292918,47.263756411665256],[-1.5060096923551312,47.26408801787108],[-1.5066179697465027,47.26370180840207],[-1.5052677011738618,47.262529671785984],[-1.5044587862050194,47.262539711994805],[-1.504791383612674,47.26190791563955],[-1.5057643990776683,47.26209909187575],[-1.5067971056641007,47.261391551467774],[-1.5086768327649416,47.261373311972704],[-1.51085867244558,47.25978017828788],[-1.5120174442870071,47.26019635432157],[-1.5140103071419437,47.25862771853508],[-1.5152878622064923,47.25826376330831],[-1.5153790764278552,47.2575578326617],[-1.5122036996696882,47.25570048256587],[-1.510623625554796,47.256771991960306],[-1.5091439433381149,47.2570521479951],[-1.509392308956129,47.25804213777445],[-1.5084869503142544,47.25757612440989],[-1.50768711412903,47.25808297801672],[-1.5062415842905592,47.25818477866117],[-1.5059917294845062,47.258836793779146],[-1.50525140492459,47.258856892483394],[-1.5050258860316497,47.2583842995467],[-1.5073598359989717,47.25754175401923],[-1.5056536180587403,47.25606376831352],[-1.5057701855780299,47.25511253037368],[-1.5065460925189198,47.25482779653202],[-1.5065742520963334,47.25435946631979],[-1.5054214819383966,47.254071969654596],[-1.5050145920191722,47.25479604435665],[-1.5040242566365256,47.2552315592252],[-1.5036992167138692,47.25476555395607],[-1.5045218900789483,47.254179677951115],[-1.5042010052183075,47.25359172330236],[-1.5034033163928155,47.25354057340438],[-1.5028242124835667,47.254152419214776],[-1.5017466373915327,47.25347561024945],[-1.5008563467041898,47.25379660864232],[-1.5007768892422686,47.252919246204925],[-1.499882125964048,47.252408539094816],[-1.5015536629807595,47.25283863721476],[-1.5023899308004256,47.25225908346799],[-1.5020563750958862,47.25164303067791],[-1.5022316729942273,47.25150014422328],[-1.5027239795251628,47.25254058774587],[-1.5050623970861268,47.25298779181151],[-1.5063633872530535,47.25168911645559],[-1.5046263176385797,47.25047997912905],[-1.5056629285344774,47.25057272386431],[-1.5065295929380287,47.24961824782478],[-1.5049019125207073,47.24884515733704],[-1.5037286473741718,47.249188214424635],[-1.5027479909103807,47.24894133167193],[-1.5025971838154568,47.248040192209125],[-1.5020454038047562,47.24778074522064],[-1.5008065128395462,47.24805052311254],[-1.5012208701288514,47.24932898381697],[-1.500123883775465,47.2494432708498],[-1.4999377209040854,47.24825498309426],[-1.5004491826589654,47.24729608252735],[-1.4997814572621084,47.24655342151752],[-1.4978593655471943,47.247217343817695],[-1.4980697131982645,47.248421429173106],[-1.497334864087294,47.246881282331664],[-1.4956234765860124,47.247190263364146],[-1.4954846911149264,47.24810419850635],[-1.496840275906352,47.250126653327335],[-1.4978522021077185,47.25041516472834],[-1.499134016534376,47.24990186259842],[-1.4992990657663867,47.25016079738206],[-1.4984470355070891,47.25071552222037],[-1.499505363882732,47.251534885618916],[-1.4995583508377655,47.25225541806791],[-1.4985843431818973,47.25238153770867],[-1.4980844237506896,47.25284634760272],[-1.49837218042875,47.25186397216131],[-1.4977870457182703,47.25160505194775],[-1.4969839356948194,47.25179176471089],[-1.496400839920982,47.2525470581972],[-1.4971166508007046,47.25431908543707],[-1.4953343239635186,47.254979550059424],[-1.4955782213961741,47.25584666147766],[-1.4948301879543293,47.255651559164384],[-1.4940813570381895,47.25607896196405],[-1.495126492078656,47.25705716556513],[-1.4931894935033703,47.256578172906785],[-1.4924585977917704,47.256932554258086],[-1.4927485852367217,47.257528394360975],[-1.4944348369028675,47.25774671018553],[-1.4943228175414238,47.25868984933891],[-1.4953043899525609,47.25997280188378],[-1.4945247208392203,47.25996263903562],[-1.4941728189893824,47.260360997564035],[-1.494988375766875,47.26092974516503],[-1.4946208417050326,47.2613092516839],[-1.4949491688620262,47.262060744556514],[-1.4935224058606686,47.262290038047496],[-1.4933103919069597,47.26300692280847],[-1.4924475059645634,47.26237003814335],[-1.491425628907909,47.26272053428851],[-1.4906225614288895,47.26223630174787],[-1.4897083311810007,47.262268518021145],[-1.489263131817216,47.26399655618894],[-1.4913415910110175,47.26429071657057],[-1.4902231905689072,47.26497254619183],[-1.4892000304188737,47.264208823893206],[-1.4881141513291958,47.2646477683792],[-1.4885246466352078,47.265665731136856],[-1.4897161850106269,47.26578136532169],[-1.4908239808178092,47.26681153652958],[-1.4914894666352811,47.26669163304724],[-1.4916939260227648,47.266198577137644],[-1.492322750455945,47.2669118443782],[-1.4913341049289361,47.26808278696177],[-1.4908091996784967,47.26817871346874],[-1.4897787176243866,47.267541642094805],[-1.489020535450095,47.26789502293345],[-1.4889560264373978,47.268778808907214],[-1.4898115729341312,47.26994837404955],[-1.490566510655342,47.27007276055705],[-1.4915402819797066,47.26946890316681],[-1.4925722616274046,47.270044609163676],[-1.492748001197706,47.27081433909144],[-1.4903640307863273,47.271874494748424],[-1.4901273614594943,47.27295095968001],[-1.4908338111422925,47.27329638391222],[-1.492150253698672,47.27298515835867],[-1.4914589229826558,47.273658257464284],[-1.4926355648122072,47.27403131948686],[-1.493361210625777,47.27333431667055],[-1.4943653629979496,47.27326292544363],[-1.4946534820895785,47.27193672497588],[-1.495209116610045,47.27226567972871],[-1.495439254790326,47.272882842137534],[-1.4946327683642284,47.2731312474782],[-1.494665687383026,47.27382305739404],[-1.4938915125019763,47.274223496839056],[-1.494668461547852,47.27484671680009],[-1.4933579370188828,47.27479169598016],[-1.4923521184143251,47.27598748376529],[-1.492874632905675,47.276580760093616],[-1.4938203224262765,47.27665666940657],[-1.493035839658116,47.27719656713097],[-1.4937448370527573,47.27781621707325],[-1.4952970632740645,47.27721184729601],[-1.494538494141459,47.276250828334334],[-1.4956563544109918,47.27681706759925],[-1.4970993868343627,47.276369146653],[-1.4984731347153302,47.27418070456594],[-1.5010105722392615,47.27488732457958],[-1.5022364819079674,47.27466395294866],[-1.5031946717829248,47.27367594829533],[-1.5038800259859013,47.27394164125696],[-1.5035324068940468,47.2745245395008],[-1.5041038444347161,47.275193533271434],[-1.506202582940032,47.275575760935894],[-1.507500217248729,47.2763538059561],[-1.5052482407853398,47.27654129437288],[-1.504610173667498,47.277708096902344],[-1.5047672640344583,47.278513434313844],[-1.5065218289546662,47.280254305998575],[-1.5056676397210083,47.28051525831809],[-1.5044543343991779,47.28243462832158],[-1.5053106083334276,47.28353360468017],[-1.5047503660946933,47.28407611654123],[-1.5054656001331383,47.285139581360795],[-1.5066270298569846,47.28488979191974],[-1.5072165605615175,47.2854337714757],[-1.5088037820208047,47.28525852914246],[-1.5093089433009195,47.28579703699032],[-1.5106138943555123,47.28583637693699],[-1.5113986728219415,47.28629475456305],[-1.511903475510538,47.285632819041446],[-1.510819592348124,47.28552210475522],[-1.5104880780738237,47.28505335955558],[-1.5122773834016425,47.28509598473018],[-1.5131095105521617,47.28433377206244],[-1.5150544603588971,47.2849127031964],[-1.5159251109766472,47.28435166263807],[-1.5167391985264487,47.2850988604437],[-1.5179649860012765,47.28497441119405],[-1.517745912946837,47.28574364282601],[-1.5182330891071358,47.286118210181975],[-1.5195848713816418,47.286088102167035],[-1.5197482095509993,47.28535940788965],[-1.5203687518927376,47.285051850523246],[-1.5207353000067865,47.286553678386625],[-1.522263477397679,47.28713464061687],[-1.5240425806172875,47.286698453473726],[-1.5242444019051709,47.28539717266285],[-1.524665504596553,47.285387904477325],[-1.5240849161721746,47.28876086511899],[-1.5248692630177252,47.289282334252476],[-1.5250381552609171,47.29043503573327],[-1.5247092106410451,47.29107717531323],[-1.52395229950233,47.291085599677494],[-1.5236961189241958,47.2915561763625],[-1.5246697631057042,47.29293951174182],[-1.524381009890367,47.29351088328254],[-1.525751036553746,47.29494570306627],[-1.5276185472896064,47.29557131464647],[-1.5255960737475887,47.29590842405217],[-1.5251128691275686,47.296927314413395],[-1.5255271740340755,47.29736854141475],[-1.5246167189888808,47.298166357516415],[-1.5252920003059987,47.29879045324771],[-1.5264802904003665,47.29856552339787],[-1.5251191895077931,47.299308384788375],[-1.525397035776579,47.30229262351439],[-1.524755277631533,47.30265557461245],[-1.5243424590039225,47.303757456445105],[-1.5251559203585119,47.30443390025377],[-1.5275221976708977,47.30484274430927],[-1.527821122298981,47.305529440981175],[-1.5254282761119742,47.30926423856056],[-1.5261396717739169,47.309637800183886],[-1.5283170725765876,47.30905538019534],[-1.5295776434683168,47.31013011045762],[-1.5294494277398736,47.31129439478351],[-1.5267632887175695,47.31323669271803],[-1.5259160095299578,47.313368476140376],[-1.5234062787074285,47.316070982269174],[-1.5228020605161592,47.316063773410114],[-1.5223737513255655,47.31540186003103],[-1.5212882927607083,47.315292976529754],[-1.5228578828164585,47.31492742627002],[-1.5227011149247376,47.31393072206451],[-1.520845825534275,47.31361834451128],[-1.5178039769204321,47.31374113079204],[-1.5169139474114322,47.314381259535224],[-1.5170593003078239,47.31518210649072],[-1.5162787117809842,47.31558594325064],[-1.5164614589686223,47.31710830040072],[-1.5103471363413363,47.3172567197543],[-1.5095194031379322,47.316885335432254],[-1.5080878200875607,47.31767289196524],[-1.5056120275207088,47.31778676992286],[-1.5049200221988328,47.318357385086806],[-1.5038718123994468,47.318150527800256],[-1.5029823033341947,47.31935201446665],[-1.5040715269293001,47.319921584910965],[-1.5044548575910333,47.321552380453284],[-1.5084237957869533,47.322834842012384],[-1.509875672199808,47.32251795387364],[-1.511599324044856,47.32290528611026],[-1.5071991713312474,47.324012771182275],[-1.5029959861005968,47.326016508144335],[-1.4973856732134305,47.32539922132696],[-1.4956778200025354,47.324602228597335],[-1.4956146825560017,47.32380547575934],[-1.4938495354760468,47.32339220897451],[-1.4915599338255692,47.322028782899245],[-1.4840858870173634,47.32029916313996],[-1.4811252329622384,47.32106124036105],[-1.479127009039441,47.32099153368225],[-1.4787800070458363,47.32182658772322],[-1.4772669609349038,47.32145465196],[-1.4725879267104685,47.322203522705095],[-1.471241585759503,47.32392470987907],[-1.471100747268662,47.3257677928371],[-1.4700563131755093,47.326230680497744],[-1.467395516632087,47.32651290750021],[-1.4652574197059762,47.32601025045763],[-1.461515899995148,47.32639526425991],[-1.4582785393011903,47.32629095766136],[-1.4573048424520025,47.326987309728274],[-1.4524671521487933,47.32756992667853],[-1.450058357036538,47.32862246201217],[-1.4471872414992444,47.32510971215669],[-1.4455322888310873,47.324908028209485],[-1.4388093668868835,47.32548936852063],[-1.4379709251534736,47.32499696648226],[-1.4370813795415283,47.325125725171716],[-1.4363917678185785,47.324589294966835],[-1.4314635675787113,47.3254850014218],[-1.4302543459395558,47.324914656853025],[-1.4290447488420666,47.32489197012946],[-1.427816287895556,47.325508692970836],[-1.4288803503476213,47.326911628945076],[-1.4279528664156316,47.32783189043908],[-1.4271415829193996,47.3277061614744],[-1.4264814102704255,47.32807632911658],[-1.4255269110252018,47.327801753239136],[-1.424978797084572,47.32814335004559],[-1.4255415004526393,47.32932047121825],[-1.4269282185253915,47.32947310154428],[-1.4266449332415436,47.33051438813107],[-1.4278242244839863,47.330895828469586],[-1.426526583928067,47.33209353990168],[-1.4268184653415938,47.332784533965274],[-1.4262330367664304,47.33317222069745],[-1.4262380550901959,47.33446168310371],[-1.429563473685744,47.33506724659251],[-1.4302007263462502,47.33485848958262],[-1.4320100839674128,47.3352169490216],[-1.4329274796917313,47.33491875937157],[-1.4333682968038424,47.33534940893947],[-1.4341643060125862,47.33521260517543],[-1.433752466109836,47.33608012088294],[-1.434751204931365,47.33646078220424],[-1.4361818682540506,47.33613699333853],[-1.4366251145973479,47.335558106046804],[-1.4370930212709276,47.335676696962224],[-1.4350562541081597,47.337285398803765],[-1.437185173929432,47.33920820801535],[-1.443126922595973,47.33851210863877],[-1.443475883942108,47.338040660558946],[-1.4427872579798324,47.3371745313488],[-1.4437530199077064,47.33739667367587],[-1.4442956066615635,47.336953923215034],[-1.444339060882273,47.338182961282016],[-1.4409216296012546,47.339250903368026],[-1.439742793748187,47.33897820825491],[-1.4367819678976113,47.33983523240792],[-1.4348219564840718,47.34113515885014],[-1.4335617555646711,47.34273904674831],[-1.426605508612446,47.34247613865485],[-1.4122063298166008,47.342817640039755],[-1.4034856202370602,47.344152259867165],[-1.4039760258256413,47.340991128067806],[-1.4027780140933883,47.33955969837627],[-1.4026415991644652,47.33756566995663],[-1.4032894826612008,47.33212985275474],[-1.40004259785347,47.33064055368331],[-1.3995807410694434,47.33009697244309],[-1.399621608337746,47.32918944050755],[-1.4015290950975885,47.32667423717842],[-1.4010040834024895,47.32478165901632],[-1.4001798657279196,47.32388630038751],[-1.3981008585074735,47.32336863318823],[-1.3995802989534893,47.32065842265692],[-1.3985595617996431,47.31984354105955],[-1.3979454709484906,47.317984026065574],[-1.3960480211349053,47.31804954443531],[-1.395676935062233,47.31727607134584],[-1.394214330258223,47.316563626494954],[-1.3940122490761602,47.31551608053551],[-1.3926123637375984,47.31458714921164],[-1.3923460566201202,47.311970878496545],[-1.3905934669060371,47.30915822639109],[-1.389532388268839,47.30915352748364],[-1.386440725833469,47.31258315283855],[-1.3828674297565031,47.30890128300574],[-1.3814889138452329,47.308548814392125],[-1.3799545150589896,47.30900787427027],[-1.378799905180522,47.30887972246469],[-1.3753560651374392,47.310071745853605],[-1.373758822137279,47.31150739941745],[-1.3717822897269436,47.31081656592079],[-1.3692999548726077,47.31097679678246],[-1.3669956490136888,47.309697567885834],[-1.3651391899737706,47.3096168181412],[-1.3642275088842242,47.30811277947159],[-1.3594586667943567,47.3057015864206],[-1.360151396838891,47.304281285533726],[-1.359855027029662,47.303678949040176],[-1.3626191274364439,47.30272948231371],[-1.363381654322457,47.30281746701025],[-1.364127872446135,47.302216103930384],[-1.3649531994473587,47.30241225945108],[-1.3706467648498015,47.300473022239565],[-1.3789066673454797,47.29559867403929],[-1.3829396536542127,47.294455426962145],[-1.384886697559122,47.29303047004575],[-1.3859555971357567,47.29157004459791],[-1.3878472506719806,47.29154487683953],[-1.3904567762613458,47.290045736337376],[-1.3905865297695337,47.28954931560841],[-1.3891886159583442,47.289243371299854],[-1.3855116458610863,47.291043905706545],[-1.3898091510602335,47.28880614745048],[-1.3915081627365853,47.28827443289825],[-1.3920023600274287,47.288747930058406],[-1.392724631787896,47.28873752418648],[-1.3954537792287929,47.28686666033033],[-1.3992676537458895,47.28333691999454],[-1.3999546663924565,47.283367128175094],[-1.4056076663556725,47.2812172874659],[-1.408077339561366,47.27884790910214],[-1.410849190567802,47.27726078581562],[-1.415519766716919,47.27285910932914],[-1.4187026037814505,47.267862332963716],[-1.4274781760166955,47.262424794318136],[-1.4301811221738678,47.26212754096025],[-1.4334841725434997,47.26068078339169],[-1.4337856430542342,47.26022842148742],[-1.4373040728723472,47.259330144491585],[-1.4382682559203726,47.2583420469976],[-1.4420430514021645,47.256406899444706],[-1.4438069433063134,47.254842515412776],[-1.4451639182993612,47.25444887775972],[-1.447466589130761,47.251464967901],[-1.451630083740543,47.24825532129519],[-1.4552864194565969,47.24654120477401],[-1.4593764784228804,47.24371261686622],[-1.4636503347059957,47.24293251605437],[-1.4699281251451164,47.238522318833006],[-1.4735447275866764,47.2350085116219],[-1.473789695708005,47.23448429499455],[-1.473349665172484,47.23395806592419],[-1.473941726002662,47.232932674534645],[-1.4746523617992389,47.232786668427735],[-1.4764274647166138,47.23097534219808],[-1.4812236574405333,47.22893705015979],[-1.4844739216218799,47.226776854363784],[-1.496867659027986,47.22253312937164],[-1.5041273570058131,47.22062189633597],[-1.5101393783265715,47.21956788285849],[-1.5112779143241533,47.220448746649225],[-1.5121988912960325,47.219935449424014],[-1.513122060019076,47.220249280767575],[-1.5156389591446302,47.219562223854176],[-1.5160390915057946,47.219059970715016],[-1.5154297793876537,47.21867479925622],[-1.5119501521795011,47.219068455174266],[-1.5157360735736958,47.218180492287324],[-1.516002910151327,47.217545613755256],[-1.5184070181005347,47.21668109822342],[-1.5213129142802635,47.21629147531292],[-1.5219418941004748,47.215661110737095],[-1.5232153421231314,47.216234290155015],[-1.523306543983662,47.21712569580161],[-1.524037183710116,47.21724174946628],[-1.525201715564399,47.21662150892588],[-1.5249675090617494,47.21605016713307],[-1.5240634771765207,47.21584693980905],[-1.5244481817163122,47.21491040626822],[-1.5256658144504407,47.21453372150763],[-1.5261123155280105,47.21450990311851],[-1.5268436321554661,47.21555242923516],[-1.5276322413386396,47.215385898242474],[-1.5274725066141628,47.21469800938407],[-1.5280034166637562,47.21458689864027],[-1.528929269502809,47.215401612332684],[-1.5310080905273422,47.215512286993736],[-1.532267902580839,47.21498357592591],[-1.5322244016969315,47.21392760046624],[-1.531442479707326,47.2136219059034],[-1.5308844279754557,47.214083215332415],[-1.5302774640787027,47.213450754669076],[-1.5295701263208794,47.21337801890539],[-1.5378288304622978,47.21232419884664],[-1.5396660376038425,47.2125664151414],[-1.5397819814797402,47.2137569271898],[-1.5378498879764615,47.2145407844304],[-1.5368352547589377,47.21431170259959],[-1.5351206386173888,47.215727592132964],[-1.534704139072355,47.21523378744079],[-1.533929509250865,47.21535178132453],[-1.533683063772474,47.21641260686265],[-1.5354742405753639,47.21662696146323],[-1.5362162695995345,47.21726183281714],[-1.5345150183709946,47.21766581828002],[-1.5321334434995704,47.21767599740435],[-1.5325701521367476,47.21979601021856],[-1.5317704875603486,47.219735628477146],[-1.531851301587358,47.21865326528733],[-1.5307569571685513,47.2176581652152],[-1.5269092146757204,47.21875729908999],[-1.5265347911459077,47.21923927788702],[-1.5272007462523345,47.2198184436816],[-1.5253650159191585,47.22045263922625],[-1.5249566194122735,47.220934062513734],[-1.525256467742945,47.22137024703986],[-1.5246386046646558,47.2217438088728],[-1.524001466476745,47.22138142481202],[-1.5227365364747887,47.22141443965713],[-1.522262238946968,47.222064839900725],[-1.5202148586026476,47.22244573409266],[-1.5204462292078935,47.223214970773846],[-1.5199161452409984,47.22419430481457],[-1.5206274117580034,47.22456584120026],[-1.5213354199255285,47.22443166795682],[-1.5215925075163068,47.22361598079721],[-1.522390780464852,47.22355119472629],[-1.5228962358163747,47.22278385462789],[-1.5231674655899519,47.22526249371896],[-1.5227393942249194,47.22591917517812],[-1.5233000053990997,47.22623369090544],[-1.5245756090754974,47.22615431566292],[-1.5243083901509002,47.226993561426426],[-1.5254807639903754,47.22712903880331],[-1.5260095232614952,47.22636784046738],[-1.5256753041370938,47.22494198119486],[-1.5266551480463615,47.22510633186062],[-1.5264643964402795,47.22566203885628],[-1.527239900014956,47.22595359590696],[-1.528750112514588,47.225084558746666],[-1.5281780127169184,47.224379225159986],[-1.5271008482128205,47.22468444644269],[-1.527545296619729,47.2239253023783],[-1.52706376714438,47.22350270057998],[-1.5258610302624556,47.22383891938181],[-1.525620204634648,47.22487283205002],[-1.5243724786563386,47.224341431338104],[-1.5248250772846668,47.222241282918766],[-1.52747727749228,47.22234804435126],[-1.5278247234125064,47.22330990963159],[-1.5291123111209386,47.22354138741873],[-1.529338419257122,47.22517080529594],[-1.5303345542905933,47.225476631679385],[-1.5317704969797241,47.225230149963934],[-1.5329073022299529,47.226156249410195],[-1.5329351567084055,47.226712069978724],[-1.5337613781653123,47.226833454607494],[-1.5342431433068824,47.22529089459571],[-1.5322287682235647,47.22477178925246],[-1.5310552871594245,47.223889924108754],[-1.5316073771453584,47.22346401531829],[-1.5323002251906763,47.22304579121279],[-1.5335787378222696,47.22344190999119],[-1.5344313491847459,47.22276470898656],[-1.5348821984365146,47.223052377751344],[-1.5337356148382078,47.223440550467814],[-1.5334791274461947,47.22400221097685],[-1.5350042223977725,47.224915736207954],[-1.5363723701833683,47.224255894814455],[-1.538160511179137,47.2241147835325],[-1.5384917411478742,47.22367122545721],[-1.5366434262524282,47.221825720375264],[-1.5367897894143272,47.221068191986234],[-1.53587719539055,47.220245009646334],[-1.5350728585540596,47.22049908117736],[-1.5353256323039777,47.221072065139516],[-1.5346280217634687,47.221427502102564],[-1.5347279545293744,47.221905645602796],[-1.532693866187689,47.222134108476375],[-1.532186128663515,47.22252442331522],[-1.531631916848638,47.22224893982042],[-1.5323532670035684,47.22184808103481],[-1.5319637613698767,47.22126373535869],[-1.5328832618626913,47.2201050111092],[-1.5344199719279996,47.220635807731284],[-1.535042170292026,47.220340508088746],[-1.5350181610172167,47.21969498036588],[-1.5362022384987344,47.220002044808794],[-1.5370305154647268,47.21923586360539],[-1.5378763885786437,47.21972428569048],[-1.5392372750067307,47.2187709314251],[-1.5404211684677867,47.218876184317374],[-1.5408665516067566,47.21828061865415],[-1.5417344331829825,47.21811753165881],[-1.543573333348752,47.218490405016844],[-1.5445829099533632,47.21949158764258],[-1.545756664034378,47.21929206888058],[-1.5460128212191238,47.21879576442017],[-1.5452028514528238,47.218136700301116],[-1.5464483356117036,47.217947111607614],[-1.5476444760023822,47.21671881730904],[-1.5474137343866174,47.21597020866966],[-1.546599647417652,47.21575078011302],[-1.5453434340805545,47.216466701734355],[-1.54310113071561,47.215678793927275],[-1.5457174083300562,47.21599700102004],[-1.546624535763291,47.215727365428314],[-1.5468037953846203,47.21412261462843],[-1.547608967617095,47.213720828708354],[-1.5468598466600545,47.21458381340355],[-1.5475686102649793,47.21590587943641],[-1.548791425439917,47.21591016300063],[-1.5502644073484877,47.21521819350655],[-1.5505039330460726,47.21640165905204],[-1.5497328575768947,47.21732404459746],[-1.5500098933121436,47.21835779851454],[-1.5508384082414224,47.21853346417097],[-1.5502541159810797,47.219555753589276],[-1.5496675838747338,47.21972475800467],[-1.5491343249134544,47.219129777247836],[-1.547877165462756,47.21954032053595],[-1.5469406378884856,47.21892284138361],[-1.5450340741662518,47.21983258232602],[-1.5448882791656493,47.22028618084321],[-1.5454759953482966,47.22074359931971],[-1.5445270380918854,47.22113514999063],[-1.5446110125622112,47.22276906264084],[-1.545148156608038,47.22347119138944],[-1.5461745421421378,47.22330702907843],[-1.5467172666114952,47.222763342562786],[-1.546306062085502,47.222182400976244],[-1.5467236549207606,47.22163818496757],[-1.5457291606160135,47.22083500810939],[-1.5466743825630054,47.2208457506705],[-1.5472491347311714,47.220439479276806],[-1.546891327757001,47.22161221821932],[-1.548466154672764,47.22186023817579],[-1.5476654578294229,47.22279890459006],[-1.5483730961722488,47.22339840007581],[-1.5482782555545755,47.22403325468886],[-1.548979505464356,47.224203394926406],[-1.5495908025135416,47.22379870032249],[-1.550477306083756,47.22471982642958],[-1.5519621563543213,47.22429790440217],[-1.552651143935779,47.225305802853114],[-1.55241331470615,47.22562998348208],[-1.5516054025795223,47.22541002685971],[-1.5508399353543862,47.22586416098033],[-1.549350129825164,47.22589896421988],[-1.5487163187829824,47.22719734539544],[-1.5476229289213166,47.226829589693644],[-1.546949517235225,47.227217017212254],[-1.547070032475947,47.22772876922283],[-1.548159296780279,47.22787440292164],[-1.5489521758637446,47.228858797234004],[-1.5500704178161084,47.228852512394035],[-1.552201997271755,47.227981002411774],[-1.5501086982768955,47.22989737524928],[-1.5480520472609727,47.231036545580615],[-1.5472538619431646,47.232501074935804],[-1.548193269565021,47.23491111363921],[-1.5490564224695038,47.235147080460244],[-1.5501525420318603,47.2342905468468],[-1.5498738888310417,47.23257384429572],[-1.5511278424370187,47.23221590024177],[-1.5513516265807428,47.23128315406624],[-1.5523695534703368,47.231021001613456],[-1.5523013270941743,47.23180851209949],[-1.5543032220981727,47.2324081737821],[-1.5566151141763147,47.23112805298625],[-1.5567270008333922,47.23053462544269],[-1.5560260529370316,47.23005520376601],[-1.5540290726702284,47.23109716162923],[-1.5534581433881272,47.23069700580108],[-1.5527251828542643,47.23082034891438],[-1.5534114938250947,47.229676319208956],[-1.5531853119171908,47.229214585136695],[-1.554703074736244,47.22954805058909],[-1.5561071326840195,47.2283044708934],[-1.5575748238338423,47.22820480648089],[-1.5584473367760574,47.22916387838553],[-1.5594857254221028,47.22895506771119],[-1.5596478205639916,47.227996644300404],[-1.5585435245295503,47.22732967065854],[-1.5589282957012984,47.226938102525935],[-1.5586555203907333,47.22635221336804],[-1.557352469901223,47.226382227260935],[-1.5569402092591633,47.225472501251176],[-1.5557986405863327,47.22520952051133],[-1.5556088392124114,47.22478662712953],[-1.5561974213709204,47.22427293209817],[-1.5553666181484773,47.22345945432365],[-1.5555220492349071,47.22300514601561],[-1.5567546914239647,47.22274542862534],[-1.556757962952303,47.222105388869515],[-1.558109591305752,47.22292518340139],[-1.5572276229960667,47.223647163306325],[-1.557876479432378,47.22414174863359],[-1.559681546330171,47.22399950776696],[-1.5615908236498373,47.22204530885049],[-1.5619871149565003,47.22211983641959],[-1.5627466419488198,47.222679563137085],[-1.5620506112767703,47.22416276755948],[-1.5642114561849798,47.22558469114019],[-1.565849285679192,47.22511747056295],[-1.5661206902713425,47.224685718681926],[-1.5639479125441338,47.22283937112727],[-1.5629171428029576,47.222642378077545],[-1.5634009731681728,47.2216030416577],[-1.5643841137684795,47.22284217439992],[-1.567220961017774,47.2241980519446],[-1.5699433190291279,47.22314485570693],[-1.5699945795614314,47.22218827088816],[-1.5691832513082653,47.22214137412311],[-1.5689759796272584,47.22165887084629],[-1.5675009443010262,47.221312685802786],[-1.5669420259090994,47.220780460822425],[-1.5660565630766907,47.221331017563905],[-1.564828284764356,47.22056576936748],[-1.5645299937157442,47.21962927135918],[-1.563530443139684,47.21928420085284],[-1.5634906223478848,47.21890684838717],[-1.5643423430427632,47.219379802654075],[-1.5651517110495472,47.21906197214019],[-1.5668791255834815,47.219662532963696],[-1.567222779729155,47.21895720026345],[-1.5682589992563463,47.218678973736374],[-1.568045455128954,47.21797270596103],[-1.5670912278189555,47.2176547834769],[-1.566312398507225,47.218164334974176],[-1.565548366355827,47.217793683032184],[-1.5634402433289156,47.21859163274235],[-1.5625836438911236,47.21831722233362],[-1.5625793135276835,47.21792470507801],[-1.5627382726747274,47.21766595067901],[-1.563639476915629,47.21794621298333],[-1.564868258270077,47.217333949286136],[-1.565090265697266,47.216895144757636],[-1.5645544715167392,47.21621388014809],[-1.5648879258053845,47.216008128647175],[-1.5660979407396973,47.21633864565496],[-1.5668855585418187,47.21545794020992],[-1.5689066480500244,47.21702885736284],[-1.5710000457684958,47.216661213771275],[-1.5706337773008228,47.215789577034265],[-1.5682422590828462,47.215386479974846],[-1.5677003232070086,47.21445785557456],[-1.5665145400801341,47.21439543535641],[-1.5665028173420157,47.21405791418639],[-1.5674693639569814,47.21376952668861],[-1.5673873615725524,47.21232568735321],[-1.5692616586057204,47.212189656528054],[-1.5701251701530279,47.21118713096728],[-1.5703992123234247,47.21197246956172],[-1.5699408788738443,47.21254695060069],[-1.5709538520745234,47.21338767349137],[-1.5718166934013937,47.213467915354705],[-1.5732497032800812,47.21273763124896],[-1.5739215190480444,47.213073929116185],[-1.5745973374643258,47.212870112350835],[-1.5744823880167362,47.211911974003606],[-1.5728598468685786,47.211544719588964],[-1.5725235011572598,47.21077964554203],[-1.5736895769611745,47.21071804828362],[-1.5741695899011132,47.210231125948596],[-1.574971847092459,47.210409521819784],[-1.5765355960372727,47.209563459630665],[-1.5766368154068682,47.20898842525773],[-1.5757758347552473,47.20848770738263],[-1.5758241408221432,47.2079094958191],[-1.5736033260029267,47.20798165945147],[-1.5742373650885277,47.20729169948128],[-1.5731833462332658,47.20675822850686],[-1.5749096847635506,47.20684759117835],[-1.5763378022630112,47.20646268877244],[-1.5759303437822707,47.20493478930205],[-1.576293228476462,47.204324969037096],[-1.575543478052105,47.2037405377694],[-1.5758875846718021,47.203225715673426],[-1.5769171591958753,47.20385984165902],[-1.5781890047728753,47.20334426315739],[-1.5779402738885124,47.20430794414235],[-1.5788841494574593,47.20471659073496],[-1.5797168327396507,47.204166762200686],[-1.5793100723093965,47.20359376761929],[-1.5806887640667961,47.20292901767909],[-1.5813889527336857,47.20374214447563],[-1.5845183793774291,47.20325551190554],[-1.5841664688890165,47.20232139702255],[-1.5818117763667767,47.2020635085963],[-1.5810714565251998,47.2014566717921],[-1.5796369302090643,47.20177409509437],[-1.5781169664164705,47.20126803129622],[-1.5775315744035125,47.20157274765316],[-1.5776525947070077,47.202040533962005],[-1.5764032103271595,47.20245497956112],[-1.5760633955913885,47.20187802019177],[-1.5772121676987583,47.20049839343106],[-1.5782474591500257,47.199825036205375],[-1.5788814372590516,47.20088312272915],[-1.5796300083330592,47.20101789980934],[-1.5801947759930854,47.200623997530364],[-1.579981242428355,47.20003345090089],[-1.5810984600704976,47.1995967444889],[-1.5810377253075545,47.199147789139545],[-1.5823520824315513,47.199626293764794],[-1.5850925031344645,47.19843681446533],[-1.588112341277773,47.19803706096875],[-1.5884596723617366,47.19758796374376],[-1.5899415132692833,47.19714781702431],[-1.588833429569277,47.19564734849728],[-1.5960273758244714,47.1934502213581],[-1.5997533494221974,47.193167734443165],[-1.6005126568614514,47.193650975752355],[-1.6013219636724445,47.193369597492214],[-1.6004944725455488,47.19522341346297],[-1.5989221671600746,47.19553414102408],[-1.5973366399872608,47.193591323549064],[-1.5947951730492433,47.19389608541679],[-1.594311562829395,47.19432416824634],[-1.5949334428987587,47.19581127849908],[-1.596777212900653,47.19559129802855],[-1.5971405552535265,47.19514122739344],[-1.5976616573578508,47.19559324932799],[-1.596249275981352,47.19635144338637],[-1.5956865625171681,47.19590888601931],[-1.5948834099937208,47.19611702103625],[-1.593996536921737,47.196993634502824],[-1.5941747998121987,47.198487774669324],[-1.5965228437385992,47.198836413582754],[-1.596030593346017,47.199512783316635],[-1.5966142880743472,47.19993682247443],[-1.5973425367680318,47.19982203200163],[-1.597532910604948,47.19920409655827],[-1.5979849929908319,47.19939623480694],[-1.5974323909046522,47.199991512417554],[-1.5981076904851055,47.20042417036494],[-1.599787297893776,47.20000863660379],[-1.599908278948218,47.19935205144312],[-1.5990748781433672,47.198876284270845],[-1.5999855087785764,47.19884879870804],[-1.6003255266245555,47.19839254046692],[-1.6036460615230455,47.19834335716091],[-1.6036706198743556,47.199562396080715],[-1.6051209755988967,47.19971149382221],[-1.605829650294475,47.198591891153],[-1.6054325823549802,47.197825175564624],[-1.6064815200110962,47.19739155774327],[-1.6073812925406272,47.19762261737557],[-1.6103595537301072,47.1960454570627],[-1.6099447804068925,47.195174614360226],[-1.608768347786148,47.19461857301393],[-1.6097427493975105,47.19413656464208],[-1.6104938378907463,47.19491145844152],[-1.613629288808413,47.19515065814343],[-1.6164209624358457,47.19460465039348],[-1.6176545909156734,47.19536823953731],[-1.618561386059336,47.19463168342205],[-1.6174874809737145,47.194121533174545],[-1.6228715281572696,47.19416993543048],[-1.6238953543604837,47.19469102237093],[-1.624578575835612,47.19416628918297],[-1.6253898004452576,47.19412536167411],[-1.6259810801140624,47.19472684892236],[-1.6249097240097587,47.196072995892166],[-1.6258032446612245,47.196629842912884],[-1.6268270814956436,47.196439551754935],[-1.627169973072212,47.19577396477241],[-1.629219576079385,47.19583836015736],[-1.6292787562164204,47.19527561632249],[-1.6286135917809046,47.1948629331212],[-1.628895794889123,47.19416069865124],[-1.6312978095513881,47.19386766688804],[-1.6301259679877387,47.194147226346125],[-1.6298865836672127,47.19466313050061],[-1.6303249886607314,47.19498142548978],[-1.631747004961996,47.19500142137592],[-1.6329359120688367,47.19482322180785],[-1.6334412652380756,47.194318017247696],[-1.6359646278369322,47.194480497996054],[-1.6363461878456096,47.19407845428923],[-1.6359325352178964,47.19337465916381],[-1.6455310928427471,47.19230925243629],[-1.6464413032965821,47.19265689270947],[-1.6476363432392611,47.19225574360465],[-1.6613592886701278,47.19383261596143],[-1.6672348891066269,47.19527818459808],[-1.6727173739154795,47.19726773356095],[-1.6744341462188368,47.198261433574494],[-1.6754575455469154,47.19813850363333],[-1.684691996410366,47.20112176624598],[-1.6952681772498055,47.20523479145601],[-1.696584605978662,47.20529261552583],[-1.70184454409159,47.20700946990988],[-1.7060585179522603,47.207842475185146],[-1.729527859103993,47.208562755302616],[-1.742606743971496,47.20645476395492],[-1.743973977048733,47.20636343592197],[-1.7446987636638882,47.20672079610265],[-1.747717265298796,47.206243588201424],[-1.747189740884541,47.206864374859364],[-1.7479903655091238,47.207232404170284],[-1.7486121096977674,47.20662266706887],[-1.7478050758072359,47.20622818444863],[-1.7515032509399815,47.205828197967236],[-1.7555543596191672,47.206109291329874],[-1.7583441902584707,47.20690108713595],[-1.7599188950487727,47.20696909319014],[-1.7916953348681814,47.21347507415746],[-1.7986654640230604,47.215302084567455],[-1.806689313321306,47.21816580942043],[-1.8090442529450408,47.219576956198814],[-1.816016530061321,47.22262130113817],[-1.8234299740172863,47.22696716212895],[-1.8294196604079669,47.232743189583154],[-1.8377026578464293,47.24250066535388]],[[-1.3940830900782288,47.30313434005418],[-1.3921083476765828,47.30325145939917],[-1.3922695991234384,47.30405317488935],[-1.3945426405543941,47.303994409203185],[-1.3946565549990864,47.303537797329675],[-1.3940830900782288,47.30313434005418]],[[-1.3946425022216469,47.2951696722349],[-1.3937816688231432,47.29464257967688],[-1.3933503582331555,47.29547134017376],[-1.3941682625417866,47.295763094580664],[-1.3946425022216469,47.2951696722349]],[[-1.3969837036351298,47.28899246874481],[-1.3945350749571082,47.289379088624024],[-1.3943505950086874,47.2904280323139],[-1.395060906027144,47.29056080238631],[-1.3961172287083894,47.28986264646578],[-1.3970711459729854,47.28975050980808],[-1.3969837036351298,47.28899246874481]],[[-1.4097175755147289,47.310664550344164],[-1.410818088289785,47.31083910527333],[-1.4113274610871165,47.31023503462645],[-1.4111207084027004,47.30974491686068],[-1.4097960070214985,47.30969841532502],[-1.4097175755147289,47.310664550344164]],[[-1.4216609328663146,47.33373212455145],[-1.4209593139659966,47.33388796394028],[-1.4208587820688627,47.334394674018164],[-1.4223188696617761,47.33468352920807],[-1.4226504870826997,47.33409139283852],[-1.4216609328663146,47.33373212455145]],[[-1.431050506098619,47.337473820726665],[-1.4309249637374217,47.33558812719893],[-1.42884893183213,47.33544859910397],[-1.4290490580913675,47.33745898542918],[-1.431050506098619,47.337473820726665]],[[-1.4297766203432485,47.310477147713634],[-1.4303594999465896,47.30988649237558],[-1.4298563449225374,47.30915322023092],[-1.4291591082284267,47.30901496913417],[-1.4284675019454,47.3096820765137],[-1.4290057835344319,47.3103728883271],[-1.4297766203432485,47.310477147713634]],[[-1.4345040998449954,47.340104491337655],[-1.4363204082913124,47.3394071948669],[-1.4358381679734813,47.33890477340059],[-1.4345374944214255,47.33910283518065],[-1.4345040998449954,47.340104491337655]],[[-1.433090295063732,47.288305673342556],[-1.4321710134663141,47.28834003982193],[-1.4322099069799965,47.28898736252118],[-1.4331628902938707,47.288944772131714],[-1.433090295063732,47.288305673342556]],[[-1.4442182668213355,47.28596337842514],[-1.44157800837287,47.2852563782235],[-1.4397799276307357,47.28592484367048],[-1.4396117892562719,47.28669781878763],[-1.438911354338696,47.28655885061465],[-1.4375134993913752,47.287198646863956],[-1.4373588005437705,47.287749057786705],[-1.4390389509042618,47.28814722293164],[-1.4426794321225913,47.28770455335517],[-1.4443175046394736,47.28673077675406],[-1.4442182668213355,47.28596337842514]],[[-1.4383639814130826,47.26877929733682],[-1.437646280913952,47.26774159572178],[-1.4368480402221424,47.26840565268354],[-1.4378045099995587,47.26904546263298],[-1.4383639814130826,47.26877929733682]],[[-1.4442279236625974,47.27626758701892],[-1.4440650708966483,47.275550649007116],[-1.4429115297670836,47.27570143296363],[-1.4421633371767906,47.275301727850604],[-1.440520335526687,47.27556776844778],[-1.4399206257638377,47.27483187995487],[-1.4384219547560064,47.275441903760836],[-1.438915553745244,47.275999205299684],[-1.4403034444402012,47.275852619980036],[-1.441021254321903,47.2770384837991],[-1.4423593175781282,47.277012087851105],[-1.4428082204668355,47.276122572743674],[-1.4433867420427473,47.27656489834662],[-1.4442279236625974,47.27626758701892]],[[-1.4403291485329066,47.26452293853047],[-1.4386043401742528,47.26423315226555],[-1.4376051766874234,47.26526505846343],[-1.4381920425140375,47.265779404750255],[-1.4391561826436288,47.265829942989946],[-1.4406876258394388,47.26519149987317],[-1.4403291485329066,47.26452293853047]],[[-1.4424876400513449,47.2677807011294],[-1.4419511826189426,47.26733647176985],[-1.441859134355597,47.26622045063612],[-1.4406583872441878,47.26593551012045],[-1.4391982322115293,47.26702561708222],[-1.4389952065440543,47.26789191754031],[-1.4400981450180734,47.26854964771429],[-1.4417908099194534,47.26859128407523],[-1.4424876400513449,47.2677807011294]],[[-1.445484572966537,47.29204901111025],[-1.4437401346033676,47.29158436166836],[-1.4420985184107598,47.29228627095375],[-1.4412433757786478,47.293188146671305],[-1.4415444752544653,47.29368120990657],[-1.4423621519757461,47.29362734709295],[-1.441538137564725,47.29414881380286],[-1.4420230268206389,47.29500387978796],[-1.443382886185461,47.29547723196757],[-1.4474359420855554,47.294528170751235],[-1.445484572966537,47.29204901111025]],[[-1.4420424205642586,47.291397913341925],[-1.4427810429500056,47.29184463826722],[-1.4434896413135352,47.29124223152165],[-1.4425233774497455,47.2907592051486],[-1.4420424205642586,47.291397913341925]],[[-1.4439343748270819,47.26383757060826],[-1.4432812372510686,47.263922748209524],[-1.4422101985392275,47.26485952979183],[-1.4424669328177542,47.26567958674413],[-1.4432521690527325,47.265612917103404],[-1.4443203428635605,47.26452991118814],[-1.4439343748270819,47.26383757060826]],[[-1.446717219441351,47.281715383002755],[-1.4449543875004307,47.28197107347946],[-1.44482787281749,47.28267037203055],[-1.4472951295840228,47.28256552803167],[-1.4475004416551926,47.282008362813215],[-1.446717219441351,47.281715383002755]],[[-1.4451745798689073,47.27021940229026],[-1.4448012086580122,47.26960248708397],[-1.4438800153762035,47.26989073330895],[-1.4443255948635076,47.270497824746144],[-1.4451745798689073,47.27021940229026]],[[-1.450491394262814,47.293891967728484],[-1.4495288592281754,47.29186100034317],[-1.4482160417379835,47.29128156563213],[-1.4464419496735352,47.29283069959246],[-1.4473355129836227,47.29367290399738],[-1.4486533526188479,47.293273446796086],[-1.449053619431952,47.294181423170876],[-1.4497378883323406,47.29437801774261],[-1.450491394262814,47.293891967728484]],[[-1.4477745776819024,47.28381361620427],[-1.4467784097073706,47.282940578213946],[-1.445883956465939,47.283125545362495],[-1.4466913611668666,47.28426919619999],[-1.4474816559994157,47.28426058620596],[-1.4477745776819024,47.28381361620427]],[[-1.4538148416217571,47.287244825480514],[-1.453141912843051,47.28602251708259],[-1.452134961617836,47.28565797847569],[-1.4511869217690447,47.28598586749352],[-1.451165673394971,47.286801772058915],[-1.4506616337275213,47.2870281520638],[-1.449619062483766,47.2865621983508],[-1.447137102622516,47.286811473887475],[-1.4465664304540293,47.28744859590374],[-1.447763122316563,47.289894166426414],[-1.4485566101609368,47.289985863773204],[-1.4536398434312785,47.28768138867344],[-1.4538148416217571,47.287244825480514]],[[-1.4491941365461976,47.263361871707055],[-1.4471823892525493,47.26279549899095],[-1.4471995465433374,47.26214441222956],[-1.4465144226838662,47.261886327702314],[-1.4458433612348909,47.26216324237503],[-1.4449831023319826,47.26344582222576],[-1.445633477476693,47.263894817507385],[-1.4485574672554273,47.26443303841167],[-1.4491941365461976,47.263361871707055]],[[-1.451702734942618,47.283517727226716],[-1.4530471256754545,47.28241864710656],[-1.4527894834885384,47.281756185987604],[-1.4516950885687865,47.2815767244307],[-1.449972385217136,47.282360587658395],[-1.449953622599023,47.28202340012097],[-1.4511657424139481,47.28177973902662],[-1.4512490930802817,47.28132594895743],[-1.4495105983257686,47.280580156851244],[-1.4488161691049326,47.27946048266574],[-1.4479181128479426,47.27947727831417],[-1.4476947886947404,47.281002609163515],[-1.448492372038376,47.281401008016516],[-1.4489972555271395,47.283389725233256],[-1.4501991623659545,47.28358353405944],[-1.450828324759276,47.28320032853865],[-1.451702734942618,47.283517727226716]],[[-1.4524302250550682,47.29459853149275],[-1.4525535101331395,47.29521705874805],[-1.4535091373173272,47.29514051240816],[-1.453420536465526,47.294445574370904],[-1.4524302250550682,47.29459853149275]],[[-1.4535718527771817,47.28438339799342],[-1.4528883087132025,47.28490962248505],[-1.4538057454647226,47.28557168605985],[-1.4544111708026082,47.285054608365506],[-1.4535718527771817,47.28438339799342]],[[-1.4559249769143858,47.27900975766853],[-1.4565028330753615,47.277924755101665],[-1.4558647879623137,47.277735111976284],[-1.4545333810548018,47.2783144149289],[-1.453643425763841,47.27812176287987],[-1.4530169784414453,47.27868465018859],[-1.4540519418898659,47.279393394080145],[-1.4559249769143858,47.27900975766853]],[[-1.456637355839748,47.282467942786035],[-1.4557540250452123,47.282026226439164],[-1.4542768330404046,47.282425863274945],[-1.4538214198597312,47.28308041428223],[-1.4543107399869362,47.28339375862699],[-1.4560801778873178,47.28335099297029],[-1.4567056041530788,47.28293123450294],[-1.456637355839748,47.282467942786035]],[[-1.4552494465169923,47.28108047061818],[-1.4542479258285972,47.28121670310778],[-1.4543699964236374,47.28185374531253],[-1.455420375247415,47.28172706098425],[-1.4552494465169923,47.28108047061818]],[[-1.4600007874517473,47.30796846538154],[-1.4594690249040931,47.307583174390025],[-1.458098772057512,47.307657244252525],[-1.4575994408615016,47.30680454009454],[-1.4566289443219682,47.30711661929684],[-1.4571399279658799,47.30856653618869],[-1.459591699957344,47.308692922039555],[-1.4600007874517473,47.30796846538154]],[[-1.457174151369643,47.27937049093776],[-1.4563158283504847,47.278918296736634],[-1.4556773096634543,47.279416540796554],[-1.4564832716383853,47.2799334264427],[-1.457174151369643,47.27937049093776]],[[-1.4604190472176302,47.29470680422859],[-1.458699222422628,47.29284360582728],[-1.4571924614205316,47.29362130333504],[-1.4581849830059053,47.295437939750435],[-1.45898690912591,47.295426950851635],[-1.4604190472176302,47.29470680422859]],[[-1.4582875456677662,47.28477012855989],[-1.4572745442995405,47.28457439081891],[-1.4571116521232532,47.285330004703724],[-1.4580292857982855,47.285435212974384],[-1.4582875456677662,47.28477012855989]],[[-1.46605447500572,47.280577064691585],[-1.4653635982938464,47.280533693276475],[-1.4649918226462133,47.2809508263561],[-1.464049576570731,47.280165119087584],[-1.4625413716471272,47.28059720706855],[-1.4622005610717852,47.279997058550336],[-1.4605542348213267,47.28016322402189],[-1.45984766024405,47.27978888583218],[-1.4583705010352959,47.280499156430245],[-1.4575397096638085,47.280471466675706],[-1.4568680473123818,47.28092219212873],[-1.4570246328722005,47.281642195788514],[-1.4593024681195426,47.28237730382606],[-1.4582067375264414,47.282502497753164],[-1.457681672100358,47.28340705019321],[-1.4583369774079922,47.28364755325805],[-1.4594371548652072,47.28329976582189],[-1.4597588256105385,47.28266381315194],[-1.4611493921159764,47.28270033788019],[-1.4631958437857715,47.28210114814021],[-1.4640692592604156,47.28228520625311],[-1.4651695579808792,47.281865164111],[-1.4654262156193132,47.28137515229297],[-1.4663419010234846,47.281263449072235],[-1.46605447500572,47.280577064691585]],[[-1.458677764976982,47.27887845725305],[-1.4577062402045147,47.27888658301887],[-1.4577616511484095,47.27961251342872],[-1.4587669233321963,47.27953667405497],[-1.458677764976982,47.27887845725305]],[[-1.4593629526292051,47.256269245020825],[-1.4596236335317132,47.25579839022911],[-1.4590024290433998,47.25503381822968],[-1.4575045923024397,47.25514799408062],[-1.4581280051741818,47.256430399823536],[-1.4593629526292051,47.256269245020825]],[[-1.4624392134709157,47.299923323491704],[-1.4630679632970462,47.29942173390775],[-1.4623140443756664,47.299021750870516],[-1.4617250326421731,47.29952842903551],[-1.4624392134709157,47.299923323491704]],[[-1.4670404840736875,47.32325798684541],[-1.4672848085990673,47.32203247153379],[-1.466698942116594,47.321790963358076],[-1.464787551015879,47.32193729014609],[-1.4639486635998566,47.32270039820896],[-1.4650130902096867,47.32354149011977],[-1.4670404840736875,47.32325798684541]],[[-1.4636196562507842,47.27943534935575],[-1.4636339047408191,47.278422057671136],[-1.462846757412557,47.27802223413014],[-1.4618486756327913,47.27867641693089],[-1.4627486203459468,47.279611755594324],[-1.4636196562507842,47.27943534935575]],[[-1.4625544067934757,47.26688063087647],[-1.4621796818853992,47.267347941373636],[-1.4629596857079812,47.268670535798904],[-1.4648596529058142,47.26833922943463],[-1.4649603156522963,47.267846825249244],[-1.4637977567729594,47.26678797549378],[-1.4625544067934757,47.26688063087647]],[[-1.462602434170767,47.255921747053],[-1.4640854128872296,47.25494159749415],[-1.463568644003891,47.254588062622446],[-1.4620648609919347,47.25512549167599],[-1.462602434170767,47.255921747053]],[[-1.4652440972199687,47.288893862694756],[-1.4662086608775955,47.28883742108777],[-1.4661568511099212,47.28815425665629],[-1.465144299549912,47.288245819339735],[-1.4652440972199687,47.288893862694756]],[[-1.4638671574608983,47.25223070205464],[-1.46288973491714,47.25202980751023],[-1.4621785783352876,47.25299498851175],[-1.4627750156200738,47.25320381601766],[-1.4637312340055306,47.252928660157934],[-1.4638671574608983,47.25223070205464]],[[-1.4664706861710304,47.270505171582904],[-1.466979040707367,47.269791182787685],[-1.466220673691782,47.269077884852884],[-1.4640481929426195,47.26963924034354],[-1.4648147658336004,47.271151218456055],[-1.4664706861710304,47.270505171582904]],[[-1.465333596908264,47.27766102455899],[-1.464978788720233,47.278262694831476],[-1.46597933256398,47.27860542169864],[-1.4664070178899165,47.27794150375573],[-1.465333596908264,47.27766102455899]],[[-1.4677655184194076,47.27485015460919],[-1.4660463277211913,47.27386652690656],[-1.465202929678056,47.274135271996194],[-1.4653005239327173,47.27493749450997],[-1.466188497859942,47.27588517788503],[-1.467720832328417,47.275551037294655],[-1.4677655184194076,47.27485015460919]],[[-1.4674178317107567,47.27211903454683],[-1.4668160923050368,47.27110847725858],[-1.4654240989493896,47.271587847201644],[-1.466071400923441,47.2724263561588],[-1.4674178317107567,47.27211903454683]],[[-1.4675393330748465,47.279435494643224],[-1.4667180097323251,47.27974293833072],[-1.4671860998485484,47.28030921452852],[-1.4680112810115185,47.27999060784662],[-1.4675393330748465,47.279435494643224]],[[-1.4682292918042228,47.27755272132172],[-1.468713701290484,47.27697933689348],[-1.4677269620846412,47.2764953456841],[-1.466873717509462,47.27727547242346],[-1.4674670560875394,47.277689030563245],[-1.4682292918042228,47.27755272132172]],[[-1.4679458862847705,47.250057609558844],[-1.4683287498650301,47.24967042130334],[-1.4679988165948088,47.2491240230299],[-1.466759861053033,47.24920879512842],[-1.4665876209974422,47.25014012808055],[-1.4679458862847705,47.250057609558844]],[[-1.4693781605677236,47.273466564215845],[-1.4686223004364758,47.27382197903475],[-1.4691372795427322,47.274463960671504],[-1.4701281324588573,47.27397940103401],[-1.4693781605677236,47.273466564215845]],[[-1.472912807735792,47.279557957107286],[-1.4731582813511244,47.27908012252892],[-1.4722962653975038,47.27875669192654],[-1.4720779851009742,47.277607908183235],[-1.4709760113241601,47.27734568233114],[-1.4698003870196337,47.27824060166342],[-1.4698121254862813,47.27870413110654],[-1.4717496056930102,47.279855575193665],[-1.472912807735792,47.279557957107286]],[[-1.4761688013505478,47.31658046009394],[-1.4750668361628552,47.3154051925468],[-1.4743290864197878,47.31536840653112],[-1.4731605620169268,47.31699833164092],[-1.4750202709798994,47.317641538963585],[-1.4761688013505478,47.31658046009394]],[[-1.470930103213762,47.27122311463708],[-1.4700015160974809,47.27097029549228],[-1.4694458267726733,47.27169242113119],[-1.470724737397393,47.27202793555874],[-1.470930103213762,47.27122311463708]],[[-1.4758501111398425,47.29310899234012],[-1.474832569798096,47.29292722944894],[-1.4744602287248727,47.293920413739706],[-1.4737988443202716,47.29384229863069],[-1.4742892488708652,47.293315900777166],[-1.4738970659106025,47.2928580322876],[-1.4727331504640464,47.2926556028912],[-1.4721951861706777,47.293262704725585],[-1.4736107721390526,47.293914106529705],[-1.473370048765209,47.29445732814754],[-1.4740073116182748,47.294763888320475],[-1.4755179407829702,47.29449809306375],[-1.4758501111398425,47.29310899234012]],[[-1.471623300401878,47.25535705697175],[-1.470599669832236,47.25423529094877],[-1.4698984831806465,47.25448827987281],[-1.4692943913044514,47.25538161328759],[-1.4696847491511444,47.25589606334606],[-1.471623300401878,47.25535705697175]],[[-1.4722846809188408,47.27509803759867],[-1.4729929539969304,47.27527214784932],[-1.4736706848954741,47.2747969426527],[-1.472662419206192,47.27378782255071],[-1.4716691608313182,47.27424121613367],[-1.4722846809188408,47.27509803759867]],[[-1.4724319000945765,47.27090525673696],[-1.4723193294239123,47.27159267565698],[-1.4736499815477213,47.27217265087939],[-1.4760998140348853,47.27076274351211],[-1.4748947735043072,47.269815955847875],[-1.4724319000945765,47.27090525673696]],[[-1.4724425289260443,47.250366331738114],[-1.4714656660200274,47.24923181784793],[-1.470532106464179,47.24929752636783],[-1.4704350004585995,47.24978310075903],[-1.4713592852359898,47.25065581024152],[-1.4720233465909283,47.25073229555879],[-1.4724425289260443,47.250366331738114]],[[-1.4781238283009777,47.276616532481626],[-1.4780596879693844,47.27490940012941],[-1.4773380943766656,47.27467519767659],[-1.4743997776495523,47.27601520618857],[-1.4734231745840287,47.27691698451004],[-1.4750187641490735,47.27791317988933],[-1.4781238283009777,47.276616532481626]],[[-1.473472529104676,47.260086654854625],[-1.4727799583163153,47.259654327289056],[-1.4721301541157878,47.26012311059077],[-1.4728465563673285,47.26060085632827],[-1.473472529104676,47.260086654854625]],[[-1.4783240778859439,47.3140804451885],[-1.4785976942774057,47.313610881431735],[-1.4780821391570673,47.313177207748325],[-1.4768581417769293,47.31360979532402],[-1.4773963854538599,47.31433229928228],[-1.4783240778859439,47.3140804451885]],[[-1.4770012407664634,47.27361991027894],[-1.477188859984033,47.27306101755379],[-1.476210347525826,47.27240940127608],[-1.473991051803232,47.2732832032812],[-1.475236453985565,47.27437383216487],[-1.4770012407664634,47.27361991027894]],[[-1.4751133615095138,47.26888572911799],[-1.4753473067064127,47.268458423178366],[-1.4748512430382372,47.26801979201902],[-1.473766043067248,47.268327330494344],[-1.4740061913192695,47.26894079626608],[-1.4751133615095138,47.26888572911799]],[[-1.4774445792141788,47.29558194807941],[-1.4764932519429612,47.29681914769248],[-1.4773186805578398,47.297138608125444],[-1.4783082722600889,47.29654528484832],[-1.4782622079503072,47.29587793425305],[-1.4774445792141788,47.29558194807941]],[[-1.4748035084508113,47.267273910854676],[-1.4747262502003227,47.26790567020453],[-1.4756988910494024,47.26799621836282],[-1.4757502573344397,47.26729385068318],[-1.4748035084508113,47.267273910854676]],[[-1.4751730605861617,47.25352353725294],[-1.4754608685944561,47.2531106139227],[-1.4750483841018929,47.252699739558395],[-1.4743218776342375,47.252594542717695],[-1.473699019884774,47.25294004186872],[-1.4740810458303972,47.25370213491116],[-1.4751730605861617,47.25352353725294]],[[-1.4787257356221466,47.27800146127103],[-1.4774636607387381,47.27734853805735],[-1.4760316358627683,47.278344783815804],[-1.4772084063134674,47.27914534929048],[-1.4787257356221466,47.27800146127103]],[[-1.4786415536089925,47.28329780758389],[-1.4782415370574629,47.28272025233423],[-1.477185122428654,47.28293009020531],[-1.4765849311884143,47.284381743560985],[-1.4771188972075298,47.2849436697895],[-1.4782409773929674,47.28464270164746],[-1.4786415536089925,47.28329780758389]],[[-1.4744316777646398,47.24392155078362],[-1.4747744178936297,47.24329948511201],[-1.4736588244824482,47.24289638787832],[-1.473273967093935,47.24374853464201],[-1.4744316777646398,47.24392155078362]],[[-1.4741697845244806,47.23634948377137],[-1.4736355041199158,47.235626194080986],[-1.4727485229390704,47.236190747105816],[-1.4732824772885622,47.236705183550484],[-1.4741697845244806,47.23634948377137]],[[-1.480263827880629,47.31003850990568],[-1.4793618005365716,47.31024430796011],[-1.4796077490295616,47.31100410822177],[-1.480658964590624,47.31080414139144],[-1.480263827880629,47.31003850990568]],[[-1.4796642812219147,47.29551481685787],[-1.4822178043218626,47.295478638880724],[-1.4822236509641367,47.29485902184424],[-1.4806139928700666,47.293895381153376],[-1.4797882449061193,47.293979646857906],[-1.4796094958938764,47.2931468704189],[-1.4782238149854219,47.29338796086945],[-1.4780989770549435,47.29391100773219],[-1.4796642812219147,47.29551481685787]],[[-1.4799169203385294,47.26293830787514],[-1.479314957696451,47.262543657619304],[-1.478623084568363,47.26313906535427],[-1.4768566853864582,47.2626901266069],[-1.4760702083913577,47.26334226162344],[-1.4762752552954646,47.26432167995474],[-1.4771774461630511,47.264662574901635],[-1.476889203397,47.26556667534812],[-1.4784717885125158,47.26570827934802],[-1.4778080261175652,47.26632664217121],[-1.4783044515644148,47.26682536199338],[-1.4794478151240407,47.26663146751776],[-1.4796590672839556,47.26514509764732],[-1.4776192478147931,47.26461174516535],[-1.4796000619115603,47.26460558825935],[-1.4797564362846258,47.26401300994976],[-1.4789550298034948,47.26375513554384],[-1.4787102141099735,47.26325625341703],[-1.479472978488645,47.263424722901775],[-1.4799169203385294,47.26293830787514]],[[-1.4767600360467725,47.253673846373914],[-1.4757588981795726,47.25344271108841],[-1.4754823319171226,47.254202708391816],[-1.4764357858183192,47.25434128173892],[-1.4767600360467725,47.253673846373914]],[[-1.4810987351285763,47.29175740480407],[-1.480970693150615,47.291006204599036],[-1.4800856185887301,47.29092570891436],[-1.479565806279615,47.29126291042583],[-1.4799892107248838,47.291956622675656],[-1.4810987351285763,47.29175740480407]],[[-1.483151849079089,47.30638681389089],[-1.4830608305008826,47.30591530892598],[-1.4822408852993323,47.30560857246323],[-1.4810644381879574,47.30644989748941],[-1.4821852536632132,47.30708538786855],[-1.483151849079089,47.30638681389089]],[[-1.4835081589927945,47.290485071526454],[-1.4832353741608455,47.28782764919705],[-1.4825397228844122,47.28772824896304],[-1.4820935222244944,47.28813011052263],[-1.480884266233595,47.28721839263982],[-1.4797536810375465,47.28765798821449],[-1.4799105134762816,47.28929253119264],[-1.4821020207466318,47.29088453617394],[-1.4835081589927945,47.290485071526454]],[[-1.4783460287240016,47.24940918083107],[-1.4776842842816027,47.248389224558586],[-1.4767082643230867,47.248862630842645],[-1.4769695935195972,47.24946848729571],[-1.4776971993092793,47.24964096727502],[-1.4783460287240016,47.24940918083107]],[[-1.4802539940195747,47.28223125637105],[-1.480592594495926,47.283011167372926],[-1.4815218565479866,47.28297390289626],[-1.481299001171491,47.28208749618954],[-1.4802539940195747,47.28223125637105]],[[-1.4808629086515837,47.284407750546684],[-1.4824452904965943,47.28390814812493],[-1.4821717903089775,47.28338477400384],[-1.4807075843363762,47.2835280085649],[-1.4808629086515837,47.284407750546684]],[[-1.4857680567228517,47.31989114785101],[-1.4866189420985099,47.319536954473534],[-1.4863325632142732,47.318900318954455],[-1.484958424696491,47.31838892626014],[-1.4838349427595572,47.31879580078311],[-1.4840915331352629,47.31962037541757],[-1.4857680567228517,47.31989114785101]],[[-1.4861022429223014,47.268487595110095],[-1.486836061086121,47.26839312012365],[-1.4869471145336997,47.26785828971289],[-1.4861642847845826,47.267248791399666],[-1.4852565526564478,47.26744758239197],[-1.483690842962073,47.264575735609306],[-1.4827041218371182,47.26393552390082],[-1.4846578287790912,47.264066057776596],[-1.4848199765164014,47.26299358933281],[-1.484126906278843,47.26251575341143],[-1.4827772900598493,47.26248460597093],[-1.4823466275405535,47.26284505521587],[-1.4825285829816757,47.26380267519688],[-1.4817999113324745,47.263775701162025],[-1.4808216120531108,47.26446249991377],[-1.4811828245281127,47.26566832200692],[-1.4801368378312785,47.266710667064125],[-1.4806655216762377,47.26841464193897],[-1.4814002733885279,47.2689256160647],[-1.482615513296523,47.26874141998848],[-1.4820494559859576,47.26740334003537],[-1.482451908006649,47.267217282921735],[-1.4830688564630594,47.26783374900694],[-1.4839457350070093,47.26796586328005],[-1.4849006794296398,47.26913227586348],[-1.4855919471163948,47.26909541726194],[-1.4861022429223014,47.268487595110095]],[[-1.479263378659572,47.25129231281167],[-1.480756742221122,47.2512641442895],[-1.4811559262291403,47.25084657298875],[-1.4799632210158726,47.250021857420755],[-1.4788190152732912,47.25076612591683],[-1.479263378659572,47.25129231281167]],[[-1.4843794447181369,47.29311160041362],[-1.482823865781969,47.29366359507688],[-1.482860293184705,47.294868261160495],[-1.48389287178707,47.294976216152605],[-1.4848834907530775,47.29434926616779],[-1.4848664541465832,47.29341666933875],[-1.4843794447181369,47.29311160041362]],[[-1.4834775954804096,47.284983977092764],[-1.4831392884215957,47.2843860661014],[-1.4822283992635295,47.284604455157705],[-1.4825584029192918,47.28523650712681],[-1.4834775954804096,47.284983977092764]],[[-1.486993988583381,47.30150677101029],[-1.4855996496927337,47.30253307189875],[-1.486266363887511,47.30297172619357],[-1.4875686330537392,47.301957468532244],[-1.486993988583381,47.30150677101029]],[[-1.4858247060641883,47.29345211127915],[-1.486684296585105,47.29273160829954],[-1.4863681625100895,47.291991658116125],[-1.485084693003461,47.29196136813213],[-1.4851379514316363,47.29329219838255],[-1.4858247060641883,47.29345211127915]],[[-1.4829409960176982,47.25223539922417],[-1.4830208182323525,47.25161146401894],[-1.482084029589572,47.25154340097001],[-1.4819723686624413,47.25219542532106],[-1.4829409960176982,47.25223539922417]],[[-1.4867345629099713,47.29578427473744],[-1.4867644687140995,47.295133409040744],[-1.4857268976237907,47.29511693427803],[-1.4857440303460105,47.29582962666604],[-1.4867345629099713,47.29578427473744]],[[-1.4844760004181445,47.2493592857871],[-1.4830968787556547,47.248454144025644],[-1.4821614331428201,47.24875147805121],[-1.4831155026028267,47.25014059681767],[-1.482332915555827,47.25084063113977],[-1.483831870143208,47.251833798771536],[-1.4846440962772998,47.251259361366365],[-1.4834077854930907,47.25021164060387],[-1.4844577892205588,47.24996158643343],[-1.4844760004181445,47.2493592857871]],[[-1.4820681523800248,47.24231243904336],[-1.4822040470923956,47.243140423289944],[-1.4834026839651147,47.24302621018613],[-1.4841415320974842,47.242123089034756],[-1.4839735261836582,47.241546685360454],[-1.483040258996923,47.24137730461088],[-1.4820681523800248,47.24231243904336]],[[-1.4885937510138356,47.26366444193354],[-1.488116801842373,47.26251927189497],[-1.4865841967528144,47.262077907327516],[-1.485233963143304,47.26272245376824],[-1.4861251503417618,47.26355307662712],[-1.4858490906481474,47.264017896097926],[-1.4847813745302374,47.26403560216361],[-1.4841339622678653,47.264856889963674],[-1.485398383387318,47.26516672143736],[-1.4862068238908592,47.264455748951754],[-1.4876740759904874,47.2649454738346],[-1.4885937510138356,47.26366444193354]],[[-1.4889147005501326,47.29460728970861],[-1.4880225815204653,47.2940447680671],[-1.4873761663285359,47.294877590574885],[-1.4881534068520224,47.29519834279865],[-1.4889147005501326,47.29460728970861]],[[-1.4866456005742203,47.27118635541779],[-1.4873951746299192,47.27020111699687],[-1.4866342516179478,47.26975350234843],[-1.485573824706115,47.26991597953465],[-1.485717938167654,47.270993206238956],[-1.4866456005742203,47.27118635541779]],[[-1.4854916934480602,47.26709509012824],[-1.4864278674582054,47.26699203869947],[-1.4862475072056622,47.26632690819758],[-1.485295251699022,47.266472841075945],[-1.4854916934480602,47.26709509012824]],[[-1.491447695259552,47.32030588612692],[-1.4935213090438104,47.319838996563796],[-1.493416271926338,47.31893557501301],[-1.4916974998348398,47.31863159125294],[-1.4912281545577466,47.318025178516876],[-1.490429276161868,47.31814053942175],[-1.4902181957360348,47.318633433890895],[-1.491203701917207,47.31946998912171],[-1.491447695259552,47.32030588612692]],[[-1.488363958995463,47.25008917872146],[-1.4891759548584287,47.24880138655943],[-1.4884423023712314,47.24851953339209],[-1.487761702291424,47.248903278849546],[-1.4868393945123815,47.24871787315343],[-1.4854472961614151,47.2491231546491],[-1.485270552384098,47.24956593393976],[-1.4857985065704977,47.25005781519901],[-1.4847792570476552,47.250561865872704],[-1.4854867413059787,47.25148949483054],[-1.4868239918350414,47.25136332634868],[-1.4860528225182672,47.25011460749498],[-1.4866219086168877,47.250000884450316],[-1.4874646744057336,47.251031499636696],[-1.4888448770861165,47.250946260444984],[-1.4889938628805117,47.25039709363723],[-1.488363958995463,47.25008917872146]],[[-1.4915860026790981,47.30174393590128],[-1.492590528196291,47.30123910754201],[-1.4921772799987056,47.30081516211851],[-1.491446655678492,47.300675229317534],[-1.4908740737829422,47.301038151215295],[-1.49034074758845,47.300477643180486],[-1.489538644051972,47.30069551170259],[-1.489847510331127,47.301578202570475],[-1.4908371193611694,47.30130471525923],[-1.4915860026790981,47.30174393590128]],[[-1.4899757118110735,47.27088904793286],[-1.4877864753741072,47.27048397951728],[-1.487146503654427,47.271158856624254],[-1.4889067743865316,47.272416039191604],[-1.4895973214453642,47.27204883544499],[-1.4899757118110735,47.27088904793286]],[[-1.489384363932263,47.266311080116054],[-1.488560666539915,47.26599052234887],[-1.4871705056472189,47.26661399387914],[-1.4878271531811962,47.26795328918278],[-1.488991971851101,47.26774426245435],[-1.489384363932263,47.266311080116054]],[[-1.4876505077366087,47.257441188852965],[-1.4885515282647683,47.25651348445181],[-1.4884966577611967,47.256049596757414],[-1.4870447741544839,47.25584335583166],[-1.486492516660914,47.25735915615984],[-1.4876505077366087,47.257441188852965]],[[-1.4878515650122732,47.252879355882456],[-1.4874402739217727,47.25251398035027],[-1.4878045276316667,47.251646619799374],[-1.4868315604384899,47.2514440387637],[-1.486299754490789,47.25207178476673],[-1.4863857471424606,47.253185947301525],[-1.4874674879719072,47.25352729804644],[-1.4878515650122732,47.252879355882456]],[[-1.4951544242171393,47.298321035055054],[-1.495767104952221,47.29737689227432],[-1.4950869813414873,47.296750520467114],[-1.4943594613992537,47.296870119841536],[-1.4923094503818386,47.296242561767066],[-1.491574646312266,47.29674171685052],[-1.4909067253281856,47.29637123691504],[-1.490234377801376,47.2966597036357],[-1.4903821937455088,47.29729166118214],[-1.4912828534295146,47.29747682186479],[-1.4907501349293026,47.29782796258301],[-1.4908971940538198,47.29832701750535],[-1.4918965485330509,47.29851720272484],[-1.492371568604816,47.29922438611744],[-1.493192061954502,47.29901903560362],[-1.4933542200695271,47.29820331940533],[-1.4941792920211303,47.29788341331967],[-1.4951544242171393,47.298321035055054]],[[-1.49068587524935,47.27654121038616],[-1.491825762965483,47.27625465346862],[-1.491214482919452,47.27513970947762],[-1.490349506139692,47.27547681555535],[-1.49068587524935,47.27654121038616]],[[-1.4945247170069524,47.306109637630954],[-1.4938708922336823,47.30602335679206],[-1.4932081246235278,47.30642860089425],[-1.4932703447609321,47.30705466513503],[-1.494543849346802,47.306936303287316],[-1.4945247170069524,47.306109637630954]],[[-1.4903536447567531,47.24751767615876],[-1.490200112362045,47.24704304916504],[-1.4893738474947595,47.246877533556564],[-1.488337708218714,47.2472874993936],[-1.4883176016697794,47.24801130679308],[-1.4892952754074047,47.24827914501075],[-1.4903536447567531,47.24751767615876]],[[-1.4944833865657159,47.29423291934857],[-1.4941773745260134,47.29375332039354],[-1.4933828827325022,47.293812017446264],[-1.492338521399075,47.2949805835226],[-1.4924840851213088,47.29542746539654],[-1.4934098916425742,47.29545488777216],[-1.4944833865657159,47.29423291934857]],[[-1.490491337788225,47.238541484040695],[-1.490235873153274,47.237592715480055],[-1.4895005240718289,47.23739589353573],[-1.4884844588732027,47.237768426455276],[-1.4881399774440542,47.238976642608854],[-1.4886899546849026,47.23930325651741],[-1.490062322415207,47.23916955213754],[-1.490491337788225,47.238541484040695]],[[-1.4916378733265616,47.2576878055717],[-1.491420911909751,47.258148126545564],[-1.4899803926901265,47.25829581037731],[-1.4903261507029013,47.25916399258728],[-1.491233116499471,47.25910289683958],[-1.491599882019059,47.25835715913555],[-1.4929274142359654,47.25830828324338],[-1.4926150561818468,47.257563865090916],[-1.4916378733265616,47.2576878055717]],[[-1.4952264205745702,47.30001232396069],[-1.4966633714412898,47.2989323712185],[-1.496154603041622,47.29862674726991],[-1.4952143828727198,47.29905926677658],[-1.4940471871926766,47.29860316847518],[-1.4933151300276473,47.29897652472552],[-1.4937304353606506,47.29967317726981],[-1.4952264205745702,47.30001232396069]],[[-1.4908428375590643,47.23616792470688],[-1.490260153928584,47.23563183665414],[-1.4895886043620508,47.23562835268062],[-1.48891156712067,47.23691123795826],[-1.4894985450071225,47.2371381406585],[-1.4906516048999996,47.23689596516966],[-1.4908428375590643,47.23616792470688]],[[-1.5118467071155868,47.223474042992905],[-1.5120261551442788,47.222823576054765],[-1.510325518515691,47.221974862260986],[-1.5065265455382375,47.22256679007132],[-1.506414378620887,47.223190637832644],[-1.507969731850334,47.22375832691027],[-1.5054322151238166,47.22527666017741],[-1.506710714834168,47.22423244642652],[-1.5063547148626608,47.223640502928305],[-1.5055652529814616,47.22361261491183],[-1.5036600516331333,47.22493667752426],[-1.504004385038129,47.225451885010635],[-1.5049517708071087,47.225442109595626],[-1.5048093005365661,47.2258085220275],[-1.5025294225088983,47.226966455807165],[-1.5002158986759673,47.22739668028893],[-1.4998494957470658,47.22783548927309],[-1.496473655177948,47.22890751221948],[-1.496506914627451,47.22985143869795],[-1.4973376192370214,47.230937001899996],[-1.4911330565523904,47.23469041291757],[-1.4910919296634682,47.23526681400767],[-1.4917949805222206,47.23542929001386],[-1.494635823834825,47.23468219475357],[-1.4975174231703794,47.23325494421719],[-1.500622892818082,47.23116368132002],[-1.5036742899147,47.22791597955129],[-1.5081289044299264,47.22505929079463],[-1.5118467071155868,47.223474042992905]],[[-1.49433598189423,47.24528460929689],[-1.4948336731560927,47.24491591764033],[-1.4945766387024424,47.24448681428814],[-1.4928384211110877,47.244046038158274],[-1.492144233724628,47.24422983727777],[-1.4923539887476789,47.245306518767066],[-1.49433598189423,47.24528460929689]],[[-1.4985560663234923,47.31367655702156],[-1.499628836560574,47.31369255047321],[-1.4996078588674162,47.312789130114304],[-1.4986872698231384,47.312864593269325],[-1.4985560663234923,47.31367655702156]],[[-1.499943920514161,47.301371172380414],[-1.5004640708914843,47.30076593121328],[-1.4994917845466946,47.299455391671955],[-1.4986509542890032,47.29929289610564],[-1.4980877101208692,47.30026067629401],[-1.499170453568514,47.301279734527725],[-1.499943920514161,47.301371172380414]],[[-1.5028239117062465,47.31684785707803],[-1.5031742445519685,47.317882887674635],[-1.5045044077221976,47.31753552904401],[-1.5037020327643493,47.31496477404364],[-1.5030929293254178,47.314664015232886],[-1.5018426955657864,47.31517620654659],[-1.5014294799997205,47.31615941991438],[-1.501709042901377,47.31686404330054],[-1.5028239117062465,47.31684785707803]],[[-1.497965355996375,47.25062576833426],[-1.4970260338520156,47.25048119721261],[-1.496797512930601,47.25113347537843],[-1.4978578984637458,47.25132125268743],[-1.497965355996375,47.25062576833426]],[[-1.5023449765395327,47.29855041872553],[-1.5052552891202076,47.29757718963759],[-1.5048508949438388,47.29691777630676],[-1.501813455016072,47.29743157915076],[-1.5014491333571545,47.29814640006466],[-1.5023449765395327,47.29855041872553]],[[-1.5019491491354349,47.284108417846134],[-1.5009617272930216,47.28428401748224],[-1.5013806882262124,47.28500650172604],[-1.5023702383271809,47.28472721949218],[-1.5019491491354349,47.284108417846134]],[[-1.50340781441784,47.30393172626257],[-1.504044211992206,47.30345554004952],[-1.5033321190746556,47.30303158348737],[-1.5027217462092202,47.303517941674016],[-1.50340781441784,47.30393172626257]],[[-1.5041685798512057,47.284042596359576],[-1.5044545485765208,47.283576058450514],[-1.5038108144492845,47.283090327054204],[-1.5023863043913794,47.28366110436999],[-1.5028147847662772,47.284452063951726],[-1.5041685798512057,47.284042596359576]],[[-1.5098752084436244,47.308013204953696],[-1.5096740319687711,47.30712834370185],[-1.5064823442607624,47.30600539234438],[-1.504964202332295,47.30657511196214],[-1.5061918524039195,47.30803123018442],[-1.5081370498661004,47.30761718433774],[-1.5087327923209983,47.308155366231794],[-1.5098752084436244,47.308013204953696]],[[-1.5047221839149025,47.28598330281761],[-1.5035297262917144,47.28631982949972],[-1.5039324846475983,47.286997445968844],[-1.505260333650686,47.286664538069914],[-1.5047221839149025,47.28598330281761]],[[-1.5014441780059467,47.23551937088347],[-1.501949980017442,47.23443815460818],[-1.5015076800876743,47.234098356879095],[-1.4999155287531711,47.23444591286852],[-1.5007454942341354,47.235635682988004],[-1.5014441780059467,47.23551937088347]],[[-1.5028381129279351,47.246247582008586],[-1.5024366502705115,47.246864611495376],[-1.503460917328722,47.247156452640226],[-1.5038173785464986,47.246419648465775],[-1.5028381129279351,47.246247582008586]],[[-1.506797857084712,47.23593780579409],[-1.506076524443212,47.234866586808906],[-1.5052226311418095,47.23530257748099],[-1.504154937424337,47.23521931767513],[-1.5032438216848751,47.234663124234935],[-1.5024729785417272,47.235164594126715],[-1.502822882245651,47.235840738535444],[-1.5037790339448616,47.235802778903754],[-1.5035688740854845,47.23675869532487],[-1.5042522738596211,47.23712137548137],[-1.5052279106864466,47.236959332777666],[-1.5057408626340427,47.236141936861515],[-1.506797857084712,47.23593780579409]],[[-1.5074622628139438,47.24666627038529],[-1.5072558468099528,47.24509649624796],[-1.5060456353594243,47.244732585509624],[-1.5046566013431637,47.24495574907639],[-1.5040028195137207,47.24633625575255],[-1.5049138365243186,47.24770713211567],[-1.5057322406317752,47.24775802182537],[-1.5074622628139438,47.24666627038529]],[[-1.5068568704718284,47.23934113211626],[-1.5075730141957093,47.239019953550574],[-1.5074088541364112,47.238151145376754],[-1.5049422959704295,47.2379547153004],[-1.5046534036821209,47.23879226125411],[-1.5054266290971354,47.239260094927985],[-1.5068568704718284,47.23934113211626]],[[-1.5085906527480548,47.26337012616495],[-1.5078175054221945,47.26280962683746],[-1.5071389617272946,47.26356454182915],[-1.50793216338291,47.26390570303436],[-1.5085906527480548,47.26337012616495]],[[-1.5060366478263114,47.23345050753805],[-1.5050519143712413,47.233220293230374],[-1.5047446967636022,47.233921404425544],[-1.5058075195243499,47.23408428104481],[-1.5060366478263114,47.23345050753805]],[[-1.5093141834562018,47.261626318584916],[-1.508488570040863,47.26276775206376],[-1.509765720896794,47.26283211028488],[-1.5102443442980231,47.26233508102419],[-1.510007877334105,47.26178901455306],[-1.5093141834562018,47.261626318584916]],[[-1.5088354616120219,47.241610046668555],[-1.5089790949818496,47.240173756298184],[-1.5080488724411725,47.24016133396836],[-1.5076571608628264,47.24118351263696],[-1.5067083214164252,47.24141148535764],[-1.5068446450998159,47.24206337681454],[-1.507608527956988,47.24219950407681],[-1.5088354616120219,47.241610046668555]],[[-1.5097489523383096,47.25203948808884],[-1.5094363004048783,47.25162798233241],[-1.50862321619315,47.251606339539414],[-1.508346304703723,47.25258168660893],[-1.5093072240073646,47.25274619113886],[-1.5097489523383096,47.25203948808884]],[[-1.507909231013582,47.23306906453835],[-1.506937201195607,47.233208771331896],[-1.5071385744456185,47.23395421978789],[-1.5081785719195961,47.23385172360433],[-1.507909231013582,47.23306906453835]],[[-1.5111034777240941,47.247055502093474],[-1.5104832326826167,47.246382591291976],[-1.5095158548980456,47.246618297457125],[-1.5085178422086447,47.24934177838126],[-1.5092010715725632,47.2499372440936],[-1.5098700536677243,47.249878821710524],[-1.5107730291278503,47.24907744436422],[-1.5104637576281945,47.248468473058686],[-1.5111034777240941,47.247055502093474]],[[-1.511092063717787,47.26101660572379],[-1.510115835362444,47.26078152077055],[-1.5098513268462979,47.26153412523646],[-1.5107669920089757,47.261667367164286],[-1.511092063717787,47.26101660572379]],[[-1.5093435250604572,47.24159554617809],[-1.50864707208462,47.241892585002425],[-1.508657519500881,47.24305286851031],[-1.5097706425988815,47.24383330173625],[-1.5109758810993368,47.242050006211784],[-1.5093435250604572,47.24159554617809]],[[-1.5105302868636392,47.231679363875024],[-1.5086990136642968,47.23112291423227],[-1.5077164801615777,47.23177892922998],[-1.5081577684608203,47.23217829390091],[-1.5092328865060893,47.23215007961427],[-1.5099177873090497,47.23277967527342],[-1.510938361096486,47.23237046209425],[-1.5105302868636392,47.231679363875024]],[[-1.5107171250275626,47.254443103472454],[-1.5102361660355212,47.255012593886306],[-1.5110428499310762,47.255323708741415],[-1.5116011266306448,47.25475577023254],[-1.5107171250275626,47.254443103472454]],[[-1.5121549625868436,47.25414928740568],[-1.5118983792985092,47.253497927629944],[-1.5109669095559768,47.25360421007496],[-1.5111665498049995,47.254386542934334],[-1.5121549625868436,47.25414928740568]],[[-1.509598046404288,47.234866770986734],[-1.5098858567620874,47.23528459356573],[-1.5106218678127283,47.23535641101409],[-1.5110794371508083,47.23460421388655],[-1.5101334632070609,47.234255159335774],[-1.509598046404288,47.234866770986734]],[[-1.5282128577937004,47.248159283300346],[-1.527551278109085,47.246764330097335],[-1.5250125927821145,47.24645121532962],[-1.5250797280585502,47.24593704602453],[-1.5243591532360197,47.245613681153344],[-1.5219744946974156,47.24705683303345],[-1.5226538640940928,47.24796316803739],[-1.5209793487596845,47.24792002984103],[-1.5199855935130044,47.24979155916932],[-1.5192864953593783,47.25002337389958],[-1.519265130859911,47.249580072437944],[-1.5206202086366982,47.24854697191254],[-1.5205269064254174,47.248093051304934],[-1.5180937665367564,47.24790622646753],[-1.5181694310671559,47.24948634754598],[-1.516344045170266,47.248109698003496],[-1.5166480454940796,47.247415067601914],[-1.5154316704898523,47.24687113585235],[-1.5133906730471212,47.24750018633052],[-1.511544862666015,47.247597941917256],[-1.5111446432149633,47.24836845510923],[-1.5130263588864108,47.24970010403549],[-1.5130429344616612,47.25057121578613],[-1.512266899175165,47.251275700731654],[-1.5133570095666253,47.25183398856322],[-1.5156560379043826,47.25072738799898],[-1.5164089953638111,47.25096060058467],[-1.5179457873821396,47.25063708311665],[-1.5186660582395404,47.25163448612275],[-1.519896928289957,47.2516899645172],[-1.520429963824493,47.25122410421664],[-1.5204913033161271,47.25006059462981],[-1.5214330804511789,47.24986774977973],[-1.521879968070538,47.2492670260308],[-1.5230646729415158,47.250487527319365],[-1.520575514481851,47.25189454131056],[-1.5200394131752801,47.25272956166022],[-1.5212896965025389,47.25342809908277],[-1.522375825083166,47.25280324756898],[-1.5229730283543428,47.253083628073654],[-1.5219558734966314,47.25338902736932],[-1.5226290407335652,47.25396428625796],[-1.5232755975181167,47.2533427622507],[-1.5248736890992025,47.252884061660346],[-1.5258472079531935,47.25175277304682],[-1.5254451176447592,47.251194818229216],[-1.5271935832070989,47.25063787224378],[-1.5282128577937004,47.248159283300346]],[[-1.5126300194386955,47.245454780118436],[-1.5120856267236644,47.244862216018234],[-1.5109066745557846,47.245349892037474],[-1.5115477165059519,47.24592141076714],[-1.5126300194386955,47.245454780118436]],[[-1.5142083308600243,47.243612020062606],[-1.5127644056237644,47.242768325080384],[-1.5118913165646557,47.24301999296834],[-1.5119866536448998,47.24369684922824],[-1.513186282992779,47.24444579094182],[-1.514016822707239,47.2443223204323],[-1.5142083308600243,47.243612020062606]],[[-1.5146623752188442,47.255689199807584],[-1.5142597217172789,47.25511009654701],[-1.51340483139938,47.25539146041316],[-1.5137972106959168,47.25597893917935],[-1.5146623752188442,47.255689199807584]],[[-1.5165847473708263,47.242136699776495],[-1.5169493488424888,47.23968000863052],[-1.5160639048344409,47.23912351984114],[-1.5153278702613018,47.23920700352494],[-1.5150200013907595,47.2398133537133],[-1.513401234959476,47.23959725682707],[-1.5125262863972184,47.24008783180674],[-1.512683481203109,47.24063338720219],[-1.5158236333368431,47.24223551549993],[-1.5165847473708263,47.242136699776495]],[[-1.5155298393794816,47.25470657245119],[-1.5151400079612152,47.25364397708196],[-1.514221516279632,47.253569680432015],[-1.5138383282062762,47.25406993766687],[-1.514271745092662,47.25502293855451],[-1.5150500092190509,47.25519447508618],[-1.5155298393794816,47.25470657245119]],[[-1.5122061160289684,47.221334236903274],[-1.511815118415245,47.22180550546103],[-1.5124252580251993,47.22220576455491],[-1.5146157845416626,47.22159271859172],[-1.5139549566641624,47.220977621789565],[-1.5122061160289684,47.221334236903274]],[[-1.5178560946088493,47.26162687593406],[-1.5169433218804196,47.26120976475211],[-1.5155055722580772,47.261671491913205],[-1.5152740115439767,47.26229835748096],[-1.5165528482051256,47.262819268382515],[-1.5177922248172828,47.262128448098395],[-1.5178560946088493,47.26162687593406]],[[-1.5137277367003181,47.22655456933029],[-1.512771268553483,47.226643316517375],[-1.5127738674170659,47.22752375023226],[-1.5140487112855674,47.22726939221712],[-1.5137277367003181,47.22655456933029]],[[-1.5151916918191557,47.238346353928065],[-1.5152923117253863,47.23724598172306],[-1.5144253222999877,47.23699087762742],[-1.513557748711472,47.23822934156703],[-1.514464973457267,47.238708525209816],[-1.5151916918191557,47.238346353928065]],[[-1.5209241086140848,47.271046900165686],[-1.5194742587539158,47.270487452057885],[-1.5202149630284,47.2692809813897],[-1.5197060066958756,47.26838765517665],[-1.518920091448223,47.268375943803605],[-1.5183768178026729,47.26903728670812],[-1.5176801929735473,47.26874201104276],[-1.5170936390099479,47.26891453308387],[-1.5181889970801257,47.27111461641501],[-1.520241797629177,47.27203786118687],[-1.5212930940507186,47.27166425283612],[-1.5209241086140848,47.271046900165686]],[[-1.5183572495731696,47.256155340177],[-1.5180364713624654,47.254717147466074],[-1.5171613139225875,47.25476859495837],[-1.5166382821333395,47.255516095299825],[-1.517184057680419,47.25628568811449],[-1.5183572495731696,47.256155340177]],[[-1.515921231315424,47.23204868020154],[-1.5169900844350401,47.23066572737432],[-1.5164790443247795,47.23012986830976],[-1.5155364935066473,47.230449316857936],[-1.514976927101794,47.23128681054399],[-1.5150977190790582,47.231895447498424],[-1.515921231315424,47.23204868020154]],[[-1.5174652106699267,47.23249263246989],[-1.5164843386052005,47.23239995836557],[-1.5162953988773973,47.233206585346835],[-1.5174582135561052,47.23319871260974],[-1.5174652106699267,47.23249263246989]],[[-1.518849571620361,47.24380417420268],[-1.5188802346077286,47.243323844386715],[-1.518246754234025,47.242995715025515],[-1.5172441105350567,47.24345780348978],[-1.517991053891809,47.24425004855149],[-1.518849571620361,47.24380417420268]],[[-1.516773955469123,47.21998622824036],[-1.5159180407775914,47.21965407019689],[-1.5154441770007268,47.22028751689176],[-1.5163210552250168,47.22056584224349],[-1.516773955469123,47.21998622824036]],[[-1.5225368670784065,47.29301364851365],[-1.522696557445287,47.29381093041559],[-1.5241043401600856,47.29350346894778],[-1.5237983341913885,47.292907217237946],[-1.5225368670784065,47.29301364851365]],[[-1.5190031586650954,47.236482387504054],[-1.5181009727801664,47.236089594900506],[-1.5176041119886348,47.23677137399941],[-1.5185765567641072,47.23705150543615],[-1.5190031586650954,47.236482387504054]],[[-1.5203322948164513,47.22850790374072],[-1.5206580728675305,47.22764394200983],[-1.519610477663374,47.22651568013153],[-1.5186401412662718,47.2266032534607],[-1.5181416643176677,47.227314240349614],[-1.5172049277388053,47.227421691693934],[-1.5170164074753083,47.22863180693066],[-1.5183192913567487,47.22928955406729],[-1.5174855031298973,47.229664882187556],[-1.517783812317121,47.23067331072967],[-1.5184539952145122,47.230719580723154],[-1.5204960375000942,47.22979165780498],[-1.520753267610285,47.228920749999475],[-1.5203322948164513,47.22850790374072]],[[-1.5205631694244988,47.25796500945611],[-1.5196568245364939,47.25814197231744],[-1.5198882926305546,47.25877070936004],[-1.5208161563510985,47.25860564170537],[-1.5205631694244988,47.25796500945611]],[[-1.521424575215658,47.24713607013335],[-1.5203182121067544,47.24622136056642],[-1.5197986990424135,47.24651572172049],[-1.5204486179389802,47.24746990673571],[-1.521424575215658,47.24713607013335]],[[-1.5205641083982562,47.23302935250222],[-1.519851777117643,47.23295764123009],[-1.5193860420104621,47.23337021304439],[-1.5198428618503892,47.234114566415066],[-1.5209390927052697,47.23366266617814],[-1.5205641083982562,47.23302935250222]],[[-1.5239852194551826,47.26740392824184],[-1.5236373787122797,47.26675864837093],[-1.522728523953357,47.26691112442596],[-1.522938195629396,47.26758203023484],[-1.5239852194551826,47.26740392824184]],[[-1.5228658918789606,47.22106696916281],[-1.5233727391176923,47.21951238356815],[-1.52172878827604,47.21911149541085],[-1.5211267551204777,47.219462713469795],[-1.521264356053184,47.22019985917581],[-1.5200246798019246,47.220172675352224],[-1.518837688696517,47.22112081165031],[-1.51979620813745,47.22168640682217],[-1.5228658918789606,47.22106696916281]],[[-1.520471025220622,47.2257317266265],[-1.520425178834754,47.22502860508101],[-1.519521838221087,47.224997715065165],[-1.5193639899368279,47.225806627670735],[-1.520471025220622,47.2257317266265]],[[-1.5241466236376762,47.265306439858634],[-1.5232251677638036,47.26484857239029],[-1.5226589740476142,47.26549369717394],[-1.5236761721122194,47.26595785698912],[-1.5241466236376762,47.265306439858634]],[[-1.5222038679803085,47.24558069037576],[-1.5225094240847796,47.244870138868755],[-1.5213051143358778,47.24475783603732],[-1.521185271079496,47.24539742369393],[-1.5222038679803085,47.24558069037576]],[[-1.5207121310999774,47.21916723897595],[-1.5198784099708311,47.21870169097839],[-1.518915645346746,47.219336477923825],[-1.5192733840915755,47.21975857987469],[-1.5201580269248176,47.21986903599982],[-1.5207121310999774,47.21916723897595]],[[-1.5230547259254532,47.23986894013343],[-1.523395876425429,47.23867835490345],[-1.5223371694311658,47.23809024544315],[-1.520811454568151,47.23886498332985],[-1.520907829969511,47.23976480914845],[-1.5221778372617456,47.24011480694567],[-1.5230547259254532,47.23986894013343]],[[-1.5252392855817005,47.24370612765892],[-1.523562002215987,47.24331571948242],[-1.5223760625550526,47.24409077203084],[-1.523021072817675,47.244524681461385],[-1.5246537461355036,47.244653778633534],[-1.5252392855817005,47.24370612765892]],[[-1.5258933632924627,47.26577157951641],[-1.5250087681201117,47.265351944846174],[-1.5244270484996163,47.266129512899724],[-1.525331787587697,47.266403742949315],[-1.5258933632924627,47.26577157951641]],[[-1.522329882389055,47.23300927723175],[-1.5232070151274477,47.23272300366695],[-1.522730223903427,47.23213092546067],[-1.5219008453610785,47.232422608392675],[-1.522329882389055,47.23300927723175]],[[-1.5236426036651356,47.230832210383824],[-1.5226118904285164,47.2305026765908],[-1.522318705493481,47.23128222122071],[-1.523494647221587,47.23161589524468],[-1.5236426036651356,47.230832210383824]],[[-1.522753835001091,47.2267811383067],[-1.5222044344918688,47.22731666945301],[-1.52293432847169,47.22770241529127],[-1.5235363980950591,47.22718166877311],[-1.522753835001091,47.2267811383067]],[[-1.5278955472360845,47.258941966856376],[-1.5254343191210127,47.25861976001058],[-1.5253787513897394,47.25963140184918],[-1.5277675210954342,47.25977070057047],[-1.5278955472360845,47.258941966856376]],[[-1.5246473822362718,47.228075475761464],[-1.5240248759542259,47.227511574658635],[-1.5231983123005246,47.22780568505156],[-1.5230237714963986,47.22929385452338],[-1.5236975495422589,47.22977472366006],[-1.5245664644066583,47.22952772139298],[-1.5246473822362718,47.228075475761464]],[[-1.5288725137830017,47.25672639249646],[-1.5305065182693127,47.25454358449918],[-1.5296394956161536,47.254367608155796],[-1.5288007296737516,47.25357422698737],[-1.5291925546324712,47.252484309516994],[-1.5265570790712828,47.25165604919508],[-1.5258049360832366,47.253498145107656],[-1.526843475961777,47.25385096769687],[-1.5269701261013502,47.25450198431072],[-1.5284460893638674,47.2547008323884],[-1.5288383288820835,47.25521389214489],[-1.5270547316762506,47.25503965203345],[-1.5264621608941105,47.25576689860083],[-1.5255840283796145,47.25580892998993],[-1.5257403845446111,47.25710988271213],[-1.5273753333805717,47.25718476836362],[-1.5277397338504288,47.256120685980356],[-1.5281482633666095,47.25669086967684],[-1.5288725137830017,47.25672639249646]],[[-1.5259820656677197,47.23736928375188],[-1.5249537683365686,47.23720694314791],[-1.5246135537597976,47.2377949554456],[-1.5259243981387025,47.23817794528231],[-1.5263227615657058,47.237797153064285],[-1.5259820656677197,47.23736928375188]],[[-1.5274735497339962,47.24334513660579],[-1.5265093976284922,47.24306199878568],[-1.5255059911346196,47.24357562614592],[-1.5254593590988408,47.24407039303237],[-1.5260285274816863,47.24431837816886],[-1.5268684957484884,47.24411570882244],[-1.5274735497339962,47.24334513660579]],[[-1.525223120462877,47.236552159964326],[-1.5261450477260505,47.23651353798966],[-1.5262809507704855,47.23567618383738],[-1.524998645338918,47.23581774833665],[-1.525223120462877,47.236552159964326]],[[-1.52864258552512,47.24294802466404],[-1.527751685483173,47.24181450178145],[-1.5264198540439187,47.2423822806604],[-1.5280127050986627,47.243205977370806],[-1.52864258552512,47.24294802466404]],[[-1.5303823066223352,47.2635705680965],[-1.5304015063522673,47.26280019723651],[-1.5285645166674782,47.2628290838447],[-1.5285371249376554,47.26331704513791],[-1.5294076154491232,47.2637465002568],[-1.5303823066223352,47.2635705680965]],[[-1.530638596171893,47.24099402951639],[-1.5294405901403691,47.239901214830134],[-1.5276928515167718,47.23936648937756],[-1.527067510354597,47.23986856191375],[-1.5267820823609375,47.241137993816245],[-1.5298926261161214,47.24242973308586],[-1.5304106851087458,47.242114120678835],[-1.5300470871113399,47.24156719535134],[-1.530638596171893,47.24099402951639]],[[-1.5299966458889358,47.259256316453566],[-1.529015069641365,47.25907696972818],[-1.528632049475219,47.25989117870816],[-1.5298406234047697,47.26019704989713],[-1.5299966458889358,47.259256316453566]],[[-1.5284150027888173,47.238605376994954],[-1.5279571725950667,47.23797793461813],[-1.5269275787528276,47.23834970173016],[-1.5275671237511745,47.239206476603734],[-1.5284150027888173,47.238605376994954]],[[-1.531198233137347,47.25667434516858],[-1.5297714738801456,47.25640776344977],[-1.5287253824764926,47.25776394501299],[-1.529041592905311,47.25871913886182],[-1.5298655746773815,47.258666026568015],[-1.5303073879785298,47.25783764070982],[-1.5312934103772142,47.25756260599688],[-1.531198233137347,47.25667434516858]],[[-1.5277796075000156,47.23530823237112],[-1.528756482000452,47.235415270505364],[-1.5289022520900621,47.234740827693656],[-1.5278861234813859,47.23465211092714],[-1.5277796075000156,47.23530823237112]],[[-1.5315762007939626,47.25943938199666],[-1.530910177081451,47.25955787273119],[-1.5304190548412928,47.26032959159731],[-1.5309849367120718,47.260974843537696],[-1.5316864105489414,47.26082113030093],[-1.5320769386288937,47.2600035304473],[-1.5315762007939626,47.25943938199666]],[[-1.530419715565466,47.22709521723293],[-1.5298090168303229,47.225725749365985],[-1.5288797473703346,47.22565921124926],[-1.5282742188283263,47.22636986850977],[-1.5287417048911975,47.22804367770396],[-1.5299759942211564,47.22771837907841],[-1.530419715565466,47.22709521723293]],[[-1.5341800191653088,47.25826887806642],[-1.5325077055653824,47.25784639701323],[-1.5330027926756404,47.256591427932364],[-1.5337855727122807,47.25620957688543],[-1.533103734841173,47.25563304744002],[-1.5316395205600628,47.25663710305798],[-1.531254004489435,47.258599586592496],[-1.5336897221845007,47.25918607384603],[-1.5341800191653088,47.25826887806642]],[[-1.529599835985371,47.23469918427547],[-1.5305019659023742,47.234381772744925],[-1.530135631986593,47.23380147705573],[-1.5291960979178798,47.234100183314354],[-1.529599835985371,47.23469918427547]],[[-1.531834235326894,47.25244387756528],[-1.5310343663817783,47.25278843981801],[-1.531555725796513,47.253394384246675],[-1.5325083038326526,47.25298427288393],[-1.531834235326894,47.25244387756528]],[[-1.536349751442239,47.24476183633203],[-1.5372979926122539,47.24318653870631],[-1.5359251673010188,47.242904810687506],[-1.533520970667023,47.24373158775308],[-1.5325618347622818,47.2447876661503],[-1.5312281848315463,47.24495972448094],[-1.5311880556523478,47.24750067494668],[-1.5321074688848675,47.24769692587668],[-1.5326369547136645,47.24745021793233],[-1.5328505973969937,47.24631667050619],[-1.5323084252148536,47.245954056803996],[-1.5327679371912593,47.245396658300685],[-1.5347952843953037,47.245547665015906],[-1.5352263242934812,47.24497851642731],[-1.536349751442239,47.24476183633203]],[[-1.5321217624191334,47.231671922848115],[-1.532090902385645,47.23113554719148],[-1.5307202199363206,47.230575821576124],[-1.5297555745983042,47.23078640766907],[-1.5307090740132463,47.23203701758269],[-1.5321217624191334,47.231671922848115]],[[-1.532947611620681,47.25395432273928],[-1.5320185400011888,47.2542121216384],[-1.5323013123701572,47.254809863842645],[-1.5334959651848898,47.25464688934515],[-1.532947611620681,47.25395432273928]],[[-1.53438746701924,47.24067031076116],[-1.5321823748786185,47.24072947801789],[-1.531673464021429,47.241495284455034],[-1.5331440879554206,47.242044877995504],[-1.5335828697333846,47.24142303075713],[-1.5345524334387755,47.24124513407654],[-1.53438746701924,47.24067031076116]],[[-1.5343975587672392,47.25262375035203],[-1.533468303877262,47.25247095083607],[-1.5330735850313255,47.25326747174305],[-1.5341890202797939,47.253354342762194],[-1.5343975587672392,47.25262375035203]],[[-1.5342123978297069,47.23635221755281],[-1.5335293986935412,47.23620848012486],[-1.531980295206486,47.23673245005503],[-1.5320768813659995,47.2385527314285],[-1.5332507550198937,47.2383245375014],[-1.5328409993749421,47.23753429500001],[-1.534255208611292,47.236967847056796],[-1.5342123978297069,47.23635221755281]],[[-1.532648509065863,47.22743130609324],[-1.5325687755385056,47.22647995530818],[-1.5318654092307231,47.226275085076935],[-1.5309469142577208,47.22672038237835],[-1.5311115812703875,47.22729702856756],[-1.5319951870333823,47.227579193872785],[-1.532648509065863,47.22743130609324]],[[-1.5323419098313498,47.24024735827271],[-1.533314403456821,47.2403672258642],[-1.5335145756797457,47.23962328996263],[-1.5323876583676448,47.23943847727128],[-1.5323419098313498,47.24024735827271]],[[-1.5331725085387122,47.21611296823127],[-1.5335585555463374,47.21548165624714],[-1.5332481826956008,47.21507470804075],[-1.5316208498467896,47.21549555851644],[-1.5321319313962642,47.217008889191355],[-1.5334964517072547,47.21682266999395],[-1.5331725085387122,47.21611296823127]],[[-1.5354999726013647,47.24179300197733],[-1.5344004469244483,47.24193009973868],[-1.534860552680406,47.24289934528641],[-1.5360623507695077,47.24246374926369],[-1.5354999726013647,47.24179300197733]],[[-1.5359887627102025,47.24009656733985],[-1.5359907872428336,47.23956581218931],[-1.5351582253851386,47.23937426394609],[-1.5343988131172783,47.24021972705751],[-1.5351446127953658,47.24061248893506],[-1.5359887627102025,47.24009656733985]],[[-1.5353050963426649,47.231581291079046],[-1.53493034856762,47.230974511453894],[-1.533924971059209,47.231250069123774],[-1.534441289074693,47.23192370104722],[-1.5353050963426649,47.231581291079046]],[[-1.5393397222731553,47.226767949419546],[-1.537721019118834,47.22569858464767],[-1.5361915626732767,47.22635171231022],[-1.534601177873275,47.226420276553064],[-1.5339435121006344,47.22723203146755],[-1.5352257932593631,47.228193428136336],[-1.5352515657924695,47.22889537090201],[-1.5364080142424041,47.228853914691044],[-1.537323209098974,47.22927744000595],[-1.5384075197574383,47.228529222780786],[-1.5380257324789643,47.227851916402294],[-1.539299424757982,47.22731592333491],[-1.5393397222731553,47.226767949419546]],[[-1.5343455263892174,47.21502812552195],[-1.534966923509941,47.21411125538594],[-1.5339478998680096,47.21402122831476],[-1.5337001796141814,47.214848686142815],[-1.5343455263892174,47.21502812552195]],[[-1.5374718218037366,47.23308392905363],[-1.5365296934424726,47.23270399986129],[-1.5353807819976788,47.23330521136152],[-1.5352866203667224,47.233799440309085],[-1.5370509688255078,47.23448540961947],[-1.537783176259122,47.23403712418142],[-1.5374718218037366,47.23308392905363]],[[-1.5386856221654543,47.24394253430396],[-1.5391377971143951,47.24332071330797],[-1.5383229793524538,47.24302348839707],[-1.5377251695068956,47.24364153087907],[-1.5386856221654543,47.24394253430396]],[[-1.5385700065146566,47.23182799224222],[-1.5385814495710133,47.23109716377539],[-1.536854279023928,47.23104782904921],[-1.5372426452735297,47.23212361035473],[-1.5385700065146566,47.23182799224222]],[[-1.537822922646632,47.22456404080572],[-1.5371751746740248,47.2244535146748],[-1.5364144840172458,47.22488305854139],[-1.5366618599126889,47.22559229934134],[-1.5380875001464949,47.22524437057042],[-1.537822922646632,47.22456404080572]],[[-1.539903089455354,47.23731759403667],[-1.5390123447467845,47.23635638318739],[-1.5379369772299214,47.23673672280836],[-1.5388458370611642,47.23775036760316],[-1.539903089455354,47.23731759403667]],[[-1.5402774893406679,47.21942112019884],[-1.5390004055303939,47.21939852330323],[-1.5384669185266626,47.22006876472272],[-1.5376708418849445,47.2202258689513],[-1.5370262393683438,47.2210525766331],[-1.5376356343226727,47.22176845446735],[-1.5384091774194544,47.221860292887314],[-1.5394720657567849,47.221413835257785],[-1.5393124743210673,47.220722304817905],[-1.5404092989969558,47.21993135057307],[-1.5402774893406679,47.21942112019884]],[[-1.5412537235185189,47.23898320535569],[-1.5410530789964614,47.23801862356713],[-1.5401846560215373,47.237795467124876],[-1.539318720618128,47.238668855669445],[-1.540700628229402,47.239263960895784],[-1.5412537235185189,47.23898320535569]],[[-1.5401233923503401,47.2237523087568],[-1.5404340029799974,47.22331084018531],[-1.5399909184030953,47.2229321980029],[-1.5386833839541665,47.2233697870295],[-1.5390993071830958,47.22398824821019],[-1.5401233923503401,47.2237523087568]],[[-1.5428764786079658,47.23310422352546],[-1.5421658338567557,47.23260630782296],[-1.5413958717603196,47.23263131551262],[-1.5409889027710617,47.2335510015931],[-1.5398889870919594,47.233931157860425],[-1.5399104709268379,47.23453102055541],[-1.5413646109750074,47.234771994117345],[-1.5420724162822996,47.23390919758668],[-1.5439286754677906,47.23426481626869],[-1.5438839511652678,47.233177623345796],[-1.5428764786079658,47.23310422352546]],[[-1.5464309304549282,47.304469393983496],[-1.545768469445877,47.30492093072943],[-1.5464757476373858,47.30557614901471],[-1.5471721092931507,47.30489798013391],[-1.5464309304549282,47.304469393983496]],[[-1.5426022360470455,47.222061761595164],[-1.5431791547264504,47.22152589861795],[-1.5422150511803394,47.220751283589244],[-1.5406535149941114,47.22080048419495],[-1.5396172380510593,47.22135465248459],[-1.540564025898697,47.222511308598044],[-1.5426022360470455,47.222061761595164]],[[-1.541719254271119,47.23024448843165],[-1.5407415798256971,47.23037301465872],[-1.5408531810029578,47.23101367085835],[-1.5419821724489016,47.2310049763951],[-1.541719254271119,47.23024448843165]],[[-1.5449555617133814,47.22873098824798],[-1.5463674224331798,47.22636506519954],[-1.5456762691500299,47.22606836756891],[-1.5450459432665726,47.22641644588883],[-1.5440956841301468,47.22635553401182],[-1.5435167756470716,47.22687321898741],[-1.5438019859925953,47.226093450669644],[-1.5447333347119674,47.225682243787176],[-1.5445825016712822,47.22477246504719],[-1.5424540908509206,47.22522460646495],[-1.5419136157889932,47.22756276817939],[-1.5409033517203925,47.22823915469234],[-1.5408213072047356,47.229002204269236],[-1.542807960621158,47.22963562863902],[-1.5436948309725222,47.228944545188924],[-1.5449555617133814,47.22873098824798]],[[-1.5474393596065847,47.281704060837804],[-1.5471509645603598,47.28105678342715],[-1.5458667253495468,47.28121686615068],[-1.5452555099718965,47.282270913642606],[-1.5456194058622763,47.2830051150169],[-1.5466865005078667,47.28296503686796],[-1.5468030402291806,47.28194732086798],[-1.5474393596065847,47.281704060837804]],[[-1.5484922819839004,47.283565705684765],[-1.547635690621544,47.28349507332033],[-1.5462129369026247,47.284557810299766],[-1.548439112180625,47.28551461650553],[-1.5491589308577705,47.285034165832876],[-1.5491315450082583,47.2840933183922],[-1.5484922819839004,47.283565705684765]],[[-1.5503727633216662,47.30298610789169],[-1.5498863477172438,47.302369400438174],[-1.549014994543296,47.30260846869472],[-1.5494343444245668,47.303359814432675],[-1.5503727633216662,47.30298610789169]],[[-1.5494701812694875,47.29411620021369],[-1.5484498701188316,47.29420697971857],[-1.548649155496647,47.29503156131326],[-1.5497612651513861,47.294763327597174],[-1.5494701812694875,47.29411620021369]],[[-1.5490433679807485,47.29929381779419],[-1.549189030918276,47.29995857678452],[-1.5501299420861379,47.29991322709248],[-1.5500048709454066,47.29922119135691],[-1.5490433679807485,47.29929381779419]],[[-1.5462447067391503,47.25364527090012],[-1.5467747501464244,47.252461701307105],[-1.546023551624529,47.252348048390814],[-1.5453275902226895,47.253366759548456],[-1.5462447067391503,47.25364527090012]],[[-1.545632924314297,47.237283375231875],[-1.5446409671014332,47.236971615505425],[-1.5443097009318676,47.23780326299423],[-1.545225291286107,47.23796700565329],[-1.545632924314297,47.237283375231875]],[[-1.544621268232171,47.22378979900473],[-1.5442995855095178,47.22313349761489],[-1.5433882319358212,47.223285485316154],[-1.5436094863765866,47.22407344341361],[-1.544621268232171,47.22378979900473]],[[-1.548382238843116,47.261022551946596],[-1.5469258468533895,47.26032205147793],[-1.5465078515640314,47.26097584483696],[-1.547934448048697,47.261452008926305],[-1.548382238843116,47.261022551946596]],[[-1.552271097427795,47.308711212959835],[-1.5516850322542608,47.30803037360377],[-1.5505964919659507,47.30829950844883],[-1.5510501280842162,47.30910831549071],[-1.5519224380043029,47.30915108172237],[-1.552271097427795,47.308711212959835]],[[-1.5461434344305598,47.249710970090135],[-1.547023042301036,47.24943719128574],[-1.5465458925808384,47.248807482008395],[-1.5456318327900909,47.2491295662109],[-1.5461434344305598,47.249710970090135]],[[-1.5458796718322318,47.23226890118704],[-1.5452155637198397,47.23172650196054],[-1.5442870755614455,47.23232493510357],[-1.5450348759749375,47.23281509225961],[-1.5458796718322318,47.23226890118704]],[[-1.5469703464341569,47.235777041961484],[-1.547415785554457,47.23513580103655],[-1.5462601725661578,47.23454529178778],[-1.5447365463275688,47.23495194674782],[-1.5450690806058462,47.23579299926357],[-1.5469703464341569,47.235777041961484]],[[-1.5515016695424613,47.295516287788246],[-1.551272277080861,47.29501834476069],[-1.5505974636999047,47.29494113947991],[-1.5499545301935587,47.29594141412918],[-1.5509919535477983,47.29623491873778],[-1.5515016695424613,47.295516287788246]],[[-1.5469808344841405,47.25223314960289],[-1.5479451663074884,47.251237654833844],[-1.546588506914926,47.251113556787686],[-1.5463596394985826,47.252066262934726],[-1.5469808344841405,47.25223314960289]],[[-1.5503384261710207,47.27877860087625],[-1.5510309742354624,47.277142709726526],[-1.5502165122211584,47.2761068056356],[-1.5489884424741447,47.27618865221054],[-1.5491392414878746,47.276968022050475],[-1.5485958838953153,47.277406998359574],[-1.5489818172622665,47.27858682492918],[-1.5503384261710207,47.27877860087625]],[[-1.5531469057504839,47.28410027352313],[-1.5526251262342674,47.28311562398408],[-1.551186905509776,47.28358987394218],[-1.549986264589456,47.283174338261205],[-1.5509261544780273,47.28289859000356],[-1.5510365401224,47.282398896055],[-1.5500323462252266,47.2819420605884],[-1.5493245380204084,47.28218555404553],[-1.5491480473374064,47.282892819272206],[-1.5498876808010738,47.28319093880363],[-1.5494429430502052,47.28392930547597],[-1.5503561320553256,47.28511428026724],[-1.5538243118470083,47.28512958365441],[-1.5539840169975419,47.284431511034796],[-1.5531469057504839,47.28410027352313]],[[-1.550017391471471,47.261998444502154],[-1.5500112475273269,47.26144237621203],[-1.5489046020420612,47.260934935164364],[-1.54783314559797,47.26243376776152],[-1.5488687254597913,47.26271719273503],[-1.550017391471471,47.261998444502154]],[[-1.5480535490185556,47.23702475901737],[-1.5477637427859752,47.23640469770274],[-1.5467595309026356,47.23610019805434],[-1.5461037910896693,47.23634097031397],[-1.547052393561535,47.23736844294074],[-1.5480535490185556,47.23702475901737]],[[-1.5477978433416517,47.225997479654055],[-1.5468713631420636,47.225465385721165],[-1.5461622521808354,47.22587782593883],[-1.5471121936745575,47.22673871025802],[-1.5477712538946153,47.226514456858204],[-1.5477978433416517,47.225997479654055]],[[-1.552767487449229,47.28231812695369],[-1.5518036990830244,47.281867822940875],[-1.5512523831165739,47.28250748771649],[-1.5522111100593643,47.28288469359977],[-1.552767487449229,47.28231812695369]],[[-1.5499459937649616,47.25067197529936],[-1.5508102987280068,47.24937968191267],[-1.5499422680943407,47.24899281523075],[-1.549128802720637,47.249256293990385],[-1.5485392138587353,47.250089477692384],[-1.5499459937649616,47.25067197529936]],[[-1.5515015243082013,47.26143144488563],[-1.5533137095135396,47.25988684441102],[-1.5532625678299024,47.25936373904966],[-1.5518101029760638,47.25896124913093],[-1.5510327767298493,47.25931451065107],[-1.5510965885779775,47.259837995869866],[-1.550079434992797,47.259786837501395],[-1.549558173980874,47.2605700037416],[-1.5515015243082013,47.26143144488563]],[[-1.5508085986515232,47.2462738285361],[-1.549792076361005,47.245407515903736],[-1.5485028796766573,47.2457908718207],[-1.5489443063875672,47.24635909774694],[-1.5502398025069248,47.246587287090236],[-1.5508085986515232,47.2462738285361]],[[-1.5534910394104688,47.27910578915267],[-1.5529314437933563,47.278737623913464],[-1.5514407485868749,47.27892025161331],[-1.5513847420696731,47.27964233258167],[-1.5521333031007065,47.280568416558815],[-1.5530934130770753,47.28042312755013],[-1.5534910394104688,47.27910578915267]],[[-1.553541772945754,47.288036111246136],[-1.552702526799142,47.28841041569152],[-1.5531293301990219,47.28897149501448],[-1.5540834440071083,47.28863906102988],[-1.553541772945754,47.288036111246136]],[[-1.5498286650235416,47.22467306150523],[-1.5490496540320378,47.224318883094504],[-1.5485031445289137,47.22484699779974],[-1.549341377670891,47.22527392000532],[-1.5498286650235416,47.22467306150523]],[[-1.5565353294307533,47.25202211922791],[-1.5567754733292412,47.251510138700475],[-1.5559653845702373,47.251183318261425],[-1.55586095083007,47.25056808998105],[-1.5543849490292594,47.25049785436301],[-1.5535366649363196,47.24995317321975],[-1.5510817299598807,47.2520045203517],[-1.551638508914766,47.252486228674464],[-1.5540147642062219,47.252513415994976],[-1.5544474016279428,47.251859436500084],[-1.5538555146387654,47.251448591929844],[-1.5542674639299192,47.25118895456469],[-1.5556673273864199,47.25202791492657],[-1.5565353294307533,47.25202211922791]],[[-1.5543749017367172,47.26121817801154],[-1.5533588436044365,47.2612214264954],[-1.553333597428693,47.26225613853763],[-1.5525824120248188,47.26268947353253],[-1.5533463190100294,47.26356034628353],[-1.5541969089219179,47.263246536170165],[-1.5538152955160187,47.26234800375978],[-1.5545748591897786,47.26169563727522],[-1.5543749017367172,47.26121817801154]],[[-1.5531058796862607,47.26429350594273],[-1.553045246441756,47.26501815792668],[-1.5541618231412178,47.26489714823657],[-1.5540447402019746,47.26421905830642],[-1.5531058796862607,47.26429350594273]],[[-1.5531801077000222,47.247935205858646],[-1.5539540358569373,47.24627851814229],[-1.5527247158084108,47.245917454661864],[-1.5522245652421534,47.24628370846378],[-1.5521936756641361,47.24789468361684],[-1.5531801077000222,47.247935205858646]],[[-1.552175874162171,47.235204760870886],[-1.5521833324489795,47.234546720767],[-1.5512450892262655,47.23454640245988],[-1.5512215898738504,47.23521282037377],[-1.552175874162171,47.235204760870886]],[[-1.5546178785194213,47.254700472740716],[-1.5535644010858713,47.25493463207075],[-1.5537280693349256,47.25558506529441],[-1.5549832687369347,47.255390458443486],[-1.5546178785194213,47.254700472740716]],[[-1.5538746149719553,47.2380881658501],[-1.5534012862125919,47.237463907667845],[-1.5525175326467324,47.2376871519739],[-1.552957881338022,47.23841253615185],[-1.5538746149719553,47.2380881658501]],[[-1.5601394855870403,47.299766203839546],[-1.5593094648891144,47.300068296564525],[-1.5597501059020107,47.300721763239565],[-1.5608813764647804,47.30036253837704],[-1.5601394855870403,47.299766203839546]],[[-1.5570812647531649,47.23824318051501],[-1.5559726750675935,47.23798011309769],[-1.5549584105557677,47.23872324331395],[-1.555103691982968,47.239874991913176],[-1.555889886720229,47.2403025028351],[-1.557077119192639,47.23974924576706],[-1.5570812647531649,47.23824318051501]],[[-1.5630949500204812,47.30818938895343],[-1.562337767499182,47.30775341975829],[-1.5613749240854462,47.30835851768039],[-1.5621414435207215,47.30874354088614],[-1.5630949500204812,47.30818938895343]],[[-1.5574651919327207,47.24077855449703],[-1.5564753390385926,47.24075830926472],[-1.5562611486720936,47.24156844340216],[-1.5575077201153045,47.24147061244222],[-1.5574651919327207,47.24077855449703]],[[-1.558557478651709,47.23747268683578],[-1.5593601569473081,47.23731548413333],[-1.559304421443676,47.236694994510636],[-1.5573675744546733,47.23602953841055],[-1.556602675698885,47.23622185097795],[-1.5566546110287895,47.23686485067948],[-1.558557478651709,47.23747268683578]],[[-1.5591140574278586,47.23434765203699],[-1.5593699912467185,47.23377809112996],[-1.5582510075700657,47.23307758294459],[-1.5562624283081756,47.23437344873501],[-1.5570798437961602,47.23504426274755],[-1.5591140574278586,47.23434765203699]],[[-1.5637910271966189,47.297703899095076],[-1.563197140196072,47.297168045716184],[-1.5618993453027046,47.29763470906307],[-1.563086296359521,47.29820061893878],[-1.5637910271966189,47.297703899095076]],[[-1.5586484314022486,47.252860480300086],[-1.5586782641967336,47.25359420465657],[-1.559776229455491,47.25355656328843],[-1.559575186303967,47.25282412361573],[-1.5586484314022486,47.252860480300086]],[[-1.55845497618718,47.235402575387845],[-1.5577409900086632,47.234966347997805],[-1.5569744220815078,47.23546339803301],[-1.5578307880608757,47.235925001881895],[-1.55845497618718,47.235402575387845]],[[-1.5587070389023943,47.23850514963978],[-1.5579520915882648,47.23804642693344],[-1.5572516458089978,47.238471181702806],[-1.5580476000527623,47.23908989230129],[-1.5587070389023943,47.23850514963978]],[[-1.5567606607021267,47.22430173792656],[-1.5567138267355463,47.224959960200295],[-1.5576535034800219,47.22498218557031],[-1.557709407065958,47.22433362620727],[-1.5567606607021267,47.22430173792656]],[[-1.5639958249621504,47.268618717092224],[-1.5657451557920081,47.267846501152796],[-1.5653575062305303,47.26742872258999],[-1.561253702170424,47.26716560001366],[-1.560526978943197,47.26917830560229],[-1.5611103949546072,47.26949507833475],[-1.563362998419239,47.26930756885309],[-1.5639958249621504,47.268618717092224]],[[-1.5616121683072186,47.23161146896388],[-1.5604313591546801,47.23154699534742],[-1.5596010471699238,47.23089996431848],[-1.5588703684265517,47.23106970988687],[-1.5590500507388416,47.23042907837833],[-1.5586084679251966,47.2300297931353],[-1.5575185261213456,47.23042050331015],[-1.5575201398124254,47.2313167256819],[-1.5582553330438604,47.23200764952587],[-1.5591184215142095,47.232164792483715],[-1.5590475233871628,47.23311025169249],[-1.560174629524891,47.233695234237565],[-1.5594192716570188,47.234198384964415],[-1.5603294359902935,47.235325840511344],[-1.561259690011809,47.235343705725455],[-1.5618454784651847,47.23490687593334],[-1.5610580459951098,47.23276198471682],[-1.5619365210239957,47.2328040053271],[-1.5623087997023657,47.23236706973181],[-1.5616121683072186,47.23161146896388]],[[-1.5601280066124905,47.252382857124324],[-1.5617301253644067,47.25164022318606],[-1.5612532074039882,47.25120650216671],[-1.5600792849697487,47.251130411445175],[-1.559357656920572,47.251645202335055],[-1.5601280066124905,47.252382857124324]],[[-1.5640227289819342,47.239167134767484],[-1.5642319341250985,47.23828716628341],[-1.5635665779698542,47.237936686334855],[-1.56167987298387,47.23820093387512],[-1.5606887473147577,47.239460919420154],[-1.5595645249804393,47.239345016697634],[-1.559031797403143,47.242104692409725],[-1.5600337447023105,47.24217879364571],[-1.5604567148896964,47.241197260670575],[-1.561308825279205,47.24088559633638],[-1.5609458910257745,47.2400983206665],[-1.5617712607962297,47.24011601029468],[-1.5640227289819342,47.239167134767484]],[[-1.5610702331802744,47.22629527073197],[-1.5605592860274262,47.225230786822],[-1.5593159353457693,47.22527487908104],[-1.5588475670874222,47.22620935494558],[-1.5603021668224806,47.22686330547086],[-1.5610702331802744,47.22629527073197]],[[-1.563136490643604,47.25914042673342],[-1.5628745377631759,47.25852001192585],[-1.5619240812196975,47.258714446682],[-1.5622399285370208,47.25937515752245],[-1.563136490643604,47.25914042673342]],[[-1.5616848510429,47.225143170915885],[-1.5616004422535223,47.224607595329374],[-1.560662530508342,47.224585614756904],[-1.5602426348081313,47.22416769763646],[-1.5592361635835708,47.22444477640913],[-1.5596095694227192,47.2250318803479],[-1.560452799661771,47.22496209543817],[-1.5610292190469803,47.22536559557252],[-1.5616848510429,47.225143170915885]],[[-1.5604262034256673,47.23638371219642],[-1.5606290465691424,47.237005069533716],[-1.5615756684952908,47.236871420947494],[-1.561388970861862,47.236183499482486],[-1.5604262034256673,47.23638371219642]],[[-1.5635583006652096,47.24093598116294],[-1.562634053278083,47.2406101155245],[-1.5622491597766797,47.241264781993344],[-1.563122342462225,47.24152034504745],[-1.5635583006652096,47.24093598116294]],[[-1.5621917431596437,47.231091130208334],[-1.5629071437195285,47.23067336817737],[-1.5622492053815067,47.23018070759104],[-1.5615491790552318,47.23063365201411],[-1.5621917431596437,47.231091130208334]],[[-1.565514919040688,47.252546079009235],[-1.5635755899179336,47.25363851891413],[-1.564585361683671,47.2542995385388],[-1.5660572509337345,47.253027860898186],[-1.565514919040688,47.252546079009235]],[[-1.5639898211600956,47.227578468554405],[-1.5639437174502806,47.22704618385019],[-1.5627744103619716,47.226530539281256],[-1.561734297985034,47.22727232891891],[-1.5622209458479384,47.227804002861525],[-1.5639898211600956,47.227578468554405]],[[-1.567150209464886,47.26018291974848],[-1.5657446421033099,47.25940441992067],[-1.5648571843859287,47.25973694268984],[-1.5652634208828626,47.260719205368154],[-1.5666818204141557,47.2607777106034],[-1.567150209464886,47.26018291974848]],[[-1.5691972043787752,47.23662869339541],[-1.5685447523014968,47.23629617216606],[-1.5678822727281436,47.236618177790284],[-1.5668292108407094,47.23559436483085],[-1.5676620038133229,47.234988483010085],[-1.5671786898541993,47.23446895285289],[-1.5677432608607338,47.2339267902895],[-1.567248059706501,47.23264908415632],[-1.5666400346945661,47.23244166197088],[-1.5653621960902009,47.23277343240938],[-1.5651434621022806,47.23338338502274],[-1.566416193781566,47.23440687354826],[-1.5654144297072279,47.23558977900982],[-1.5648843991397514,47.235192098532025],[-1.5640851235046973,47.2353054149167],[-1.5629983518302626,47.23657343866693],[-1.5645429162084212,47.237605728562414],[-1.564399308283015,47.238216564820995],[-1.5658744610984046,47.238456899431675],[-1.5664935455185556,47.23791828691992],[-1.5657344461854743,47.23696551852416],[-1.5646318969223032,47.23646891761207],[-1.5654301747985055,47.23569712241619],[-1.5659433042119026,47.23604135548069],[-1.5660105310803976,47.23693669872604],[-1.567984952425532,47.23755661908877],[-1.5691584770260971,47.237229428590005],[-1.5691972043787752,47.23662869339541]],[[-1.568377347580548,47.257396515273754],[-1.5668600757196218,47.256306253032655],[-1.5656467533197729,47.25642747064275],[-1.565389360715535,47.25717137632935],[-1.5662556918825306,47.25746492207543],[-1.5651456124603846,47.257850663739504],[-1.5651733082931936,47.25845867186785],[-1.5663096864337542,47.25860965267618],[-1.567218042329643,47.25791507354137],[-1.5681321873686416,47.257827723739275],[-1.568377347580548,47.257396515273754]],[[-1.5639019911757692,47.233369247548566],[-1.564452439572026,47.232864260644064],[-1.5636849306613552,47.23247197209902],[-1.5631198235614985,47.23300159463921],[-1.5639019911757692,47.233369247548566]],[[-1.5665133223692531,47.256185743979856],[-1.5670481253152815,47.255806755699986],[-1.5667859533314246,47.25446307015202],[-1.566018240432533,47.25408499369625],[-1.5652657714896325,47.254453652016835],[-1.5651237119538899,47.255503095844134],[-1.565710057420704,47.25614728938278],[-1.5665133223692531,47.256185743979856]],[[-1.5652968535558407,47.231511871491904],[-1.5643303023052078,47.23033404142914],[-1.5632579159264683,47.23093428610163],[-1.5644780612977243,47.2319249754522],[-1.5652968535558407,47.231511871491904]],[[-1.568161619231744,47.228210536677096],[-1.5670298417175177,47.22791361539899],[-1.56554117329193,47.228414926060935],[-1.5646785769447302,47.22794356502626],[-1.563852860758778,47.22858111141089],[-1.5643146997481663,47.22908082757028],[-1.5653994445608623,47.22898716556656],[-1.5671692688982266,47.23006105102854],[-1.567899714802134,47.22970467679147],[-1.568161619231744,47.228210536677096]],[[-1.5690677186297346,47.26531662543045],[-1.5684457352129846,47.26481402868709],[-1.5676023986735017,47.26527032024676],[-1.5683578895797106,47.26584720862343],[-1.5690677186297346,47.26531662543045]],[[-1.5681737466516152,47.24603550783053],[-1.5672771093310063,47.245583705600396],[-1.5662562573608416,47.24656310458617],[-1.5678052032695058,47.24724308476339],[-1.5681737466516152,47.24603550783053]],[[-1.5671976003454826,47.227089118581596],[-1.5662473690139571,47.22618054481455],[-1.565580269959163,47.22619253935143],[-1.5654272942308498,47.22728164278473],[-1.5668715454196782,47.22748572558135],[-1.5671976003454826,47.227089118581596]],[[-1.5679880261374128,47.23941096280989],[-1.56877332056539,47.23878778891592],[-1.5682220973133536,47.238275219751195],[-1.567229925206068,47.238724254211],[-1.5673158037288168,47.23923287472056],[-1.5679880261374128,47.23941096280989]],[[-1.5781258115709715,47.251670230442166],[-1.5768733724198374,47.25047629223334],[-1.574959011859335,47.25048759199293],[-1.5742375031449054,47.25081085472582],[-1.5737579218300919,47.25047562329311],[-1.573014014294782,47.25058292491326],[-1.5731769878484623,47.251324007148675],[-1.5742012540583947,47.251087520896235],[-1.5740242729255571,47.252289274908726],[-1.5755711144083067,47.252094918855576],[-1.5752089631113027,47.25283118200331],[-1.5759554898328714,47.253339774224635],[-1.5744119742023857,47.25329313025861],[-1.5719135774869253,47.25448835812902],[-1.5718437179775668,47.255099957132394],[-1.571138248466561,47.25540949049558],[-1.5710529972989906,47.254580023794865],[-1.5696840021412883,47.25446472825044],[-1.5686307227954526,47.255424501936794],[-1.569236481742167,47.256535403704554],[-1.570023641612921,47.25676241941735],[-1.569106393082101,47.257209138759],[-1.5691841666945887,47.25782966525078],[-1.5704183629120099,47.258386547164676],[-1.5711800243273002,47.258141694841775],[-1.571343087722876,47.25602815336106],[-1.5724689158564205,47.256010888286546],[-1.5723202234803761,47.25526934907071],[-1.5742923935849034,47.255383629346305],[-1.5755988984177782,47.256004619207616],[-1.576540367814012,47.2558012662365],[-1.576725242936225,47.25535618743207],[-1.576208939468833,47.25500152616436],[-1.5773040101149407,47.25410401318012],[-1.5774011611034557,47.25336634814456],[-1.5765679576887224,47.25254534305107],[-1.5773488366813715,47.252435306807044],[-1.5781258115709715,47.251670230442166]],[[-1.573021353467576,47.230441222665974],[-1.5736451073216289,47.22929394560596],[-1.5733537833369333,47.228708189985355],[-1.5724754256029276,47.22864437900213],[-1.5717376763151019,47.227491211306145],[-1.5704553669148953,47.227445352487024],[-1.5716319416358115,47.22697906324531],[-1.5716758788049061,47.2264394501259],[-1.5705468375290526,47.22631374730265],[-1.569777163670941,47.22682741072343],[-1.569833865805402,47.22616045547585],[-1.5691909770503532,47.22585539272193],[-1.5705690209444747,47.224597979545926],[-1.5717529863537087,47.225334318093616],[-1.5728664399095995,47.2243964199667],[-1.5726332521407969,47.22379017474645],[-1.5718247425974856,47.22362261562734],[-1.5719657237657658,47.22297323758693],[-1.5710636329300764,47.22259248581787],[-1.5701663314989482,47.224030372266675],[-1.568872678421321,47.22469590850983],[-1.5677602902609786,47.22456373256321],[-1.5665054238803215,47.225211984485796],[-1.5663245118882247,47.2258172150714],[-1.5667881563662465,47.22614884798285],[-1.56790935357137,47.22613848553164],[-1.5673732618687701,47.227061665910604],[-1.5689579268949312,47.228394680989496],[-1.5699831800831123,47.22835997714777],[-1.5709778055216592,47.22883223225843],[-1.571670917046564,47.230081670622766],[-1.573021353467576,47.230441222665974]],[[-1.5708735667558154,47.250791429540485],[-1.5702268017678591,47.24992492785044],[-1.56858171876071,47.25043606069665],[-1.5687989954570738,47.25087396488233],[-1.569870689897003,47.25117232585348],[-1.5708735667558154,47.250791429540485]],[[-1.5694184139836937,47.24531276754345],[-1.568532915597351,47.24552624391835],[-1.5688462993774657,47.24615399639159],[-1.5697780021513648,47.245936070107156],[-1.5694184139836937,47.24531276754345]],[[-1.5713499908292963,47.258564956165486],[-1.5703916101316173,47.25880815459382],[-1.5700693554130114,47.25992495092837],[-1.5705110689384871,47.26033929308146],[-1.571239300180359,47.26023299529477],[-1.571837273965634,47.259515005146966],[-1.5713499908292963,47.258564956165486]],[[-1.568917919793241,47.220538841564036],[-1.5682242117729435,47.21995777141938],[-1.567414440300759,47.22029474902846],[-1.5679289370723954,47.22095564768499],[-1.568917919793241,47.220538841564036]],[[-1.5711690615527423,47.22955748897755],[-1.5695995234700266,47.22863817155952],[-1.568759250769824,47.22879736310491],[-1.5684680522081522,47.22929751251791],[-1.5697515725184847,47.230179411594115],[-1.5705605939718197,47.23025724433519],[-1.5711690615527423,47.22955748897755]],[[-1.572553746419618,47.24909732272723],[-1.5720243850445064,47.24834421582246],[-1.5702042805058074,47.248811051600526],[-1.5702808456852615,47.249529554199334],[-1.5708772631625685,47.249852410572046],[-1.572553746419618,47.24909732272723]],[[-1.5708783930554382,47.23412610134515],[-1.5701875026254728,47.23342967398289],[-1.5690309950152794,47.2340916398356],[-1.5702166600038485,47.2347463896972],[-1.5708783930554382,47.23412610134515]],[[-1.5772630862929116,47.23870897027672],[-1.5764890993554928,47.23808659936251],[-1.5738421337479909,47.23901597183387],[-1.5723782209423733,47.237702407194],[-1.5717313944124192,47.23789076512579],[-1.5714939500314913,47.23848798956866],[-1.5705793246653545,47.238052994623],[-1.5697811429729907,47.23849624120988],[-1.5705602557639826,47.23941356765479],[-1.5714696122836616,47.23912948707745],[-1.5725778792656424,47.23931482742072],[-1.5729046714066313,47.23978487560647],[-1.572228187366615,47.239837791662865],[-1.5717911830883546,47.24038253994433],[-1.572402326561715,47.240865367370326],[-1.5731019549086749,47.24067539295382],[-1.5733624645699653,47.24004118607111],[-1.5758187282017522,47.239776824097795],[-1.5772630862929116,47.23870897027672]],[[-1.5748698153754357,47.257280570649954],[-1.5726360363439233,47.25633002108278],[-1.571718378627138,47.25665131693575],[-1.5722027340298337,47.25755916922718],[-1.5743477677416782,47.25783753818558],[-1.5748698153754357,47.257280570649954]],[[-1.5701931484714866,47.217843765203106],[-1.5695922766116863,47.2173382849799],[-1.5688258976959544,47.2177810029807],[-1.569473549699935,47.21829111201356],[-1.5701931484714866,47.217843765203106]],[[-1.5716405780189497,47.220117774786196],[-1.571532462260687,47.21951327094475],[-1.5701513151092727,47.21919620649343],[-1.5693276607103723,47.22059895446218],[-1.5701455098715669,47.2209133729215],[-1.5716405780189497,47.220117774786196]],[[-1.5712367336321222,47.221780322299125],[-1.570671170453464,47.221127028458305],[-1.5698102253866961,47.221389510482965],[-1.5702247089235855,47.22222739014853],[-1.5709371473729425,47.2221891087832],[-1.5712367336321222,47.221780322299125]],[[-1.5726298138072592,47.23627140763189],[-1.5716169768096853,47.23606217162584],[-1.5712983295374048,47.236953228502664],[-1.5725266906884716,47.236964418121076],[-1.5726298138072592,47.23627140763189]],[[-1.5759041464781791,47.261349319052094],[-1.5761004044144422,47.26067852560179],[-1.574994906806207,47.26027102873037],[-1.5739101631053385,47.26145544171504],[-1.5748983343393956,47.262162279485864],[-1.5767535446005958,47.262328542690824],[-1.5769997680556351,47.26163187937356],[-1.5759041464781791,47.261349319052094]],[[-1.5736174817222437,47.24114986020914],[-1.5726871164323741,47.24116094917756],[-1.5726894449244022,47.241796860897075],[-1.5736498688074123,47.24180082919251],[-1.5736174817222437,47.24114986020914]],[[-1.573787327295512,47.22054150617347],[-1.5734586419734848,47.220060058722254],[-1.572424221234973,47.22004811217518],[-1.5715334963633163,47.22145631582325],[-1.571755928688949,47.22196317480775],[-1.5734307681283446,47.22204806649601],[-1.573787327295512,47.22054150617347]],[[-1.5760109400371944,47.256779885253714],[-1.5755283378807492,47.25621202688893],[-1.5746256798704166,47.25652532398568],[-1.5751535993145718,47.257197674536656],[-1.5760109400371944,47.256779885253714]],[[-1.5748816022395151,47.22742605278528],[-1.5751187969439226,47.226966173962765],[-1.5745691451391644,47.22646857759532],[-1.5733140472873093,47.226658594795225],[-1.5737009295900701,47.22764060834227],[-1.5748816022395151,47.22742605278528]],[[-1.57753973258129,47.26619589577102],[-1.5766414895069274,47.26643488446883],[-1.577008111268172,47.26704704342947],[-1.5779277940314946,47.26680658334638],[-1.57753973258129,47.26619589577102]],[[-1.5744783498026176,47.22303381679101],[-1.5736337058846013,47.22257976386978],[-1.5729570312909493,47.223047722569696],[-1.5737610593014997,47.223664543455904],[-1.5744783498026176,47.22303381679101]],[[-1.5763086803158668,47.23008532488018],[-1.5768897135147648,47.22871222932559],[-1.5756287182707391,47.22780707382322],[-1.5743758496126607,47.22772387865038],[-1.5736899314452435,47.22825669029951],[-1.5742894723906884,47.22948222356876],[-1.5753516361703612,47.23024862561688],[-1.5763086803158668,47.23008532488018]],[[-1.5733482422745544,47.2148127491941],[-1.5741828393700903,47.21446714691436],[-1.5736643859160264,47.21389672686899],[-1.5728533085123104,47.21425417621119],[-1.5733482422745544,47.2148127491941]],[[-1.5765883363482793,47.24978860530494],[-1.5776096790217418,47.249515591389084],[-1.5772399780383413,47.24845076879064],[-1.5759127006716172,47.249087548585265],[-1.5765883363482793,47.24978860530494]],[[-1.5794443727215082,47.23260610825722],[-1.579661228383721,47.23171915610812],[-1.5784072661804311,47.23136416874191],[-1.5776885670657652,47.230675230684774],[-1.576327170198719,47.230721587601195],[-1.5759228585839344,47.23118177074169],[-1.576518841650226,47.23209881967276],[-1.5753461580062482,47.23330052236082],[-1.576219081888464,47.233597071001114],[-1.576881397197528,47.23299695718088],[-1.578024667485543,47.23354154465994],[-1.5784721038547078,47.23316737743723],[-1.5781132317072601,47.23271091459635],[-1.5794443727215082,47.23260610825722]],[[-1.5751624605621468,47.22199962215959],[-1.5759550800828537,47.22240306321682],[-1.5765103025460288,47.221799456535564],[-1.5757015846051392,47.221465192224834],[-1.5751624605621468,47.22199962215959]],[[-1.5779079697179663,47.22701458049666],[-1.5769746280773633,47.22611486159404],[-1.5762644561424766,47.2264211837346],[-1.5760107380731838,47.22754034200065],[-1.5773144423786758,47.22759100782562],[-1.5779079697179663,47.22701458049666]],[[-1.581219459450607,47.213898148923626],[-1.580301435536927,47.212944774521254],[-1.578276859128357,47.21335980512226],[-1.5769465352668437,47.2128315748887],[-1.5749449440259733,47.21401824954401],[-1.574926124034741,47.21461675387778],[-1.576186016316416,47.214860397306005],[-1.576104225491521,47.21537416658381],[-1.576847126099606,47.215627598890364],[-1.5754125949062188,47.21649339782791],[-1.5757616881832233,47.21717317424064],[-1.5773638378485457,47.216950779800705],[-1.5781529105614274,47.216244179745686],[-1.5780337643730338,47.21462150242157],[-1.5785408468879458,47.21431901718989],[-1.5792674221815228,47.214854683979944],[-1.5805876028098111,47.214500292741434],[-1.581219459450607,47.213898148923626]],[[-1.5793162955297693,47.23855318990106],[-1.5776619384650796,47.23863670633428],[-1.5778570783874177,47.2393510445236],[-1.579469057059597,47.23915638602835],[-1.5793162955297693,47.23855318990106]],[[-1.5784603507037271,47.225027190792765],[-1.5792949361595237,47.22457703837612],[-1.5784293686732407,47.22383571762859],[-1.5773110999166513,47.22457723105651],[-1.5784603507037271,47.225027190792765]],[[-1.578916035567658,47.22804416052436],[-1.5778676130833822,47.228358284202706],[-1.5781993475095113,47.229000191543335],[-1.5792483778852184,47.2286704405966],[-1.578916035567658,47.22804416052436]],[[-1.579863633312492,47.23352999045215],[-1.5789169845892432,47.23358306573243],[-1.578338865126426,47.234179927523364],[-1.5785704728363144,47.234650261964504],[-1.5795011986701717,47.23468195045427],[-1.5801214046389522,47.23427838638042],[-1.579863633312492,47.23352999045215]],[[-1.579786675429355,47.23944026192927],[-1.5791526449418891,47.2396023931941],[-1.5790382216031202,47.24009484463608],[-1.5800198037552922,47.240521246229704],[-1.5806594433860504,47.23984042153499],[-1.579786675429355,47.23944026192927]],[[-1.5862177132089286,47.261587869979635],[-1.5848074733556632,47.26045451895033],[-1.5837801254620814,47.26025605002653],[-1.5825153759649657,47.26086551883215],[-1.5815742106216995,47.26079422564239],[-1.5813835693191907,47.261444131304856],[-1.5824739416603029,47.26199342337319],[-1.5814649459280932,47.2629400666328],[-1.581565530322013,47.263392786400814],[-1.5825245964710517,47.26354933770887],[-1.5835484560815836,47.26303414296252],[-1.5837062949483736,47.26234616662944],[-1.5848904401209076,47.2625083209112],[-1.585947755151445,47.262048327634645],[-1.5862177132089286,47.261587869979635]],[[-1.579353625428878,47.20676630030922],[-1.577151633626295,47.206464791542345],[-1.576994101200248,47.20766777044448],[-1.5789537296743343,47.208164468648214],[-1.5795857555276087,47.20721627709648],[-1.579353625428878,47.20676630030922]],[[-1.5799450418142849,47.2179592351651],[-1.5789786901458722,47.2177688990943],[-1.578686380485692,47.218536932869334],[-1.5797230329851804,47.21870078509008],[-1.5799450418142849,47.2179592351651]],[[-1.5827290073401603,47.24976987489035],[-1.5826903370452197,47.24905748978191],[-1.581568001214637,47.24912092677798],[-1.5815538746716604,47.249906520823735],[-1.5827290073401603,47.24976987489035]],[[-1.5830681784236174,47.215331947973006],[-1.5808554525772764,47.214808701883165],[-1.5793998845759785,47.21500290754871],[-1.578681501955005,47.21579736154965],[-1.5792511283064223,47.21654514677607],[-1.5807363904466167,47.21611469737677],[-1.581913999974865,47.21658533536228],[-1.5830681784236174,47.215331947973006]],[[-1.5808552589617864,47.22057896381339],[-1.5805342923269974,47.22009033206827],[-1.5794805932076181,47.220008504278425],[-1.5791804254421196,47.22108056560019],[-1.580253358273398,47.22132558908273],[-1.5808552589617864,47.22057896381339]],[[-1.582395504106332,47.24054692090704],[-1.5819520079366443,47.239926113157004],[-1.5810873028608847,47.24017910123297],[-1.581447965792503,47.24090511420773],[-1.582395504106332,47.24054692090704]],[[-1.5891622691376517,47.211143872919],[-1.5875995979372226,47.210278702720935],[-1.5873131806470289,47.20929120857286],[-1.5878548964648467,47.20648178116782],[-1.5863377960159513,47.20595061000967],[-1.585635437764308,47.20661161333663],[-1.5865885585055053,47.20738090957414],[-1.5857475004726926,47.20757317809592],[-1.585571711774934,47.20861609055154],[-1.5864292279586878,47.20929107471338],[-1.5854448594598967,47.21042990997564],[-1.5853082484747594,47.21149671571422],[-1.5835926316857865,47.210392063228625],[-1.5819939651666104,47.21004417309653],[-1.581436959979545,47.21042041260764],[-1.5816894753504498,47.21100187221077],[-1.5801119660410359,47.21132764858193],[-1.5787430284291444,47.212253664527],[-1.5794792831571434,47.212878988735135],[-1.5808294780914205,47.212850436082086],[-1.5824211958069834,47.2119814121485],[-1.5822000873130049,47.213203135386706],[-1.5845305167594417,47.21363295417245],[-1.5849867887243236,47.21402676624287],[-1.5848870322639206,47.214985822876336],[-1.5875195398422723,47.216886484079026],[-1.5883353823882773,47.216634915200274],[-1.5884835404684263,47.21616806196088],[-1.5870471408059064,47.215711111881774],[-1.5863778925804641,47.21442336993578],[-1.5872042183560875,47.21454008476987],[-1.5889303807196293,47.213855334588345],[-1.5891442017431234,47.213424441154736],[-1.5884735973916582,47.21281226940123],[-1.5865251718807971,47.21315976583573],[-1.5863072420355624,47.212747799451535],[-1.5867895976121087,47.21168797270083],[-1.5887393643726782,47.211755158767886],[-1.5891622691376517,47.211143872919]],[[-1.5835457592773683,47.20967695244396],[-1.5837794038098723,47.20915335917518],[-1.5829258143453122,47.2084023505169],[-1.5816824533444624,47.20818732221929],[-1.580602044578769,47.2087910797673],[-1.5802590121606626,47.20794542476549],[-1.5792398659877047,47.20806298221368],[-1.578820382586754,47.20901167921524],[-1.5800243605585147,47.21034534367708],[-1.581509934150635,47.21007908186765],[-1.5811877681325066,47.20928174240006],[-1.5835457592773683,47.20967695244396]],[[-1.5816042864721582,47.22722434209123],[-1.5810825349212019,47.22779566061733],[-1.582013935573038,47.228135896454354],[-1.5824519509003003,47.22751976429866],[-1.5816042864721582,47.22722434209123]],[[-1.5907060500694943,47.23350011593],[-1.589324864655418,47.23263204891324],[-1.59002281494883,47.23152062390284],[-1.5886741591952847,47.231060571148184],[-1.5867536884848839,47.23281920816553],[-1.5872297033659137,47.233768909224416],[-1.5864230374846038,47.23420935625957],[-1.585805964660686,47.23374587570269],[-1.5849955457448444,47.23409382802546],[-1.5854552063504745,47.23470463594249],[-1.5863529662648244,47.23444205700553],[-1.5863881871969274,47.2350877211658],[-1.5838819256953882,47.2350736823582],[-1.5823537942582142,47.23433685154539],[-1.5818095629974331,47.23473237991267],[-1.5821610379235374,47.235673056231015],[-1.5847788567008858,47.23678266807535],[-1.5859296585670428,47.23625831253492],[-1.586476864709627,47.23535217479703],[-1.5893177806880534,47.23643637160669],[-1.5900874871806294,47.235585385985594],[-1.589340578606,47.23495907693619],[-1.5907060500694943,47.23350011593]],[[-1.5826626768020344,47.23016615106242],[-1.58166880890054,47.230187481613044],[-1.5816537395038197,47.2308342089849],[-1.5828944311803266,47.23091459125996],[-1.5826626768020344,47.23016615106242]],[[-1.5898357894623258,47.26350149285037],[-1.5920034879969083,47.262364730629756],[-1.5918041999762516,47.2618862498742],[-1.5874901066973754,47.26047621335939],[-1.5868290561420437,47.26093304282814],[-1.5875522443873384,47.26203723418599],[-1.5860685497956286,47.26214496965699],[-1.5847869418705438,47.26302642505603],[-1.5854022058467394,47.26368758421711],[-1.5864412280564817,47.26397608070504],[-1.5875750903102033,47.2635268161205],[-1.5877456003675885,47.26306856648401],[-1.5898357894623258,47.26350149285037]],[[-1.5853580116038604,47.24639428634555],[-1.5842906311658618,47.24540111772687],[-1.5835807070402832,47.24570094298088],[-1.5841056880734985,47.24695116525466],[-1.5853580116038604,47.24639428634555]],[[-1.5838581590935907,47.216956176436895],[-1.5829375108902985,47.217225813425046],[-1.5817700934582108,47.21665439093864],[-1.5810690584397544,47.21725864195541],[-1.5821543273194847,47.21800457153346],[-1.583046806777361,47.2178597622586],[-1.5838298040329946,47.21821408874807],[-1.5845578394333633,47.21739820780027],[-1.5838581590935907,47.216956176436895]],[[-1.589041261771963,47.23991614836194],[-1.5882075418530661,47.239776728400095],[-1.5868675088173552,47.24064213211423],[-1.58508583989331,47.23970320791966],[-1.584280430182085,47.23965789998253],[-1.5832454190560914,47.240597378678395],[-1.5838041588005078,47.24110362496455],[-1.5855097467103942,47.24121004373047],[-1.5849938176990064,47.2419066901631],[-1.586499905551502,47.242358315467165],[-1.5893490041714464,47.24059946136062],[-1.589041261771963,47.23991614836194]],[[-1.5855775412320745,47.24382894538064],[-1.5856267412423448,47.24332770606914],[-1.585031829961301,47.24308827324302],[-1.5837541408066536,47.24386104235655],[-1.5843261643652673,47.24429254155864],[-1.5852108097166755,47.2439939372686],[-1.5852093775880445,47.24468107422531],[-1.586315489879804,47.2449179425742],[-1.5866457408776657,47.244342237928095],[-1.5855775412320745,47.24382894538064]],[[-1.5834289552116174,47.22254722046213],[-1.5839508803933182,47.22224490663025],[-1.5838281751250247,47.2218090023056],[-1.5825953015223022,47.221774209955875],[-1.5824482939870543,47.222408712702595],[-1.5834289552116174,47.22254722046213]],[[-1.5868816746825094,47.25030969112387],[-1.5867175512869163,47.249662179663474],[-1.5857701606035883,47.24977400168994],[-1.5859372926801651,47.25040588066873],[-1.5868816746825094,47.25030969112387]],[[-1.584220503633107,47.21625152399695],[-1.5833989875665913,47.215924351087736],[-1.5828972255614349,47.21651045203948],[-1.5838041980031685,47.21683924950468],[-1.584220503633107,47.21625152399695]],[[-1.5841115024084016,47.206484944454964],[-1.583193319400296,47.206062666120125],[-1.5827131581517246,47.206871194880755],[-1.5836897665544258,47.20713293510583],[-1.5841115024084016,47.206484944454964]],[[-1.589308691798599,47.26935073490595],[-1.5890246431609802,47.26873847285122],[-1.5881050973991704,47.26894622103628],[-1.5884221375267047,47.269564809954055],[-1.589308691798599,47.26935073490595]],[[-1.590473015220099,47.24722848376461],[-1.5901721092639922,47.245945040011314],[-1.589340890182582,47.24589589058422],[-1.5884339186982352,47.245142018627284],[-1.587455307985836,47.24525054673228],[-1.5863359104836634,47.246484603890124],[-1.5883438895210467,47.24724754115424],[-1.5874986567013225,47.248339256597866],[-1.5876816354622556,47.24908308945282],[-1.5886772917190335,47.24900849273032],[-1.5897738787095455,47.24746219902193],[-1.590473015220099,47.24722848376461]],[[-1.5860467010109842,47.22196058611439],[-1.5851047601985089,47.22210134147588],[-1.585362112949356,47.22277496434453],[-1.5863669763238903,47.22261091256544],[-1.5860467010109842,47.22196058611439]],[[-1.5879993660565697,47.2379888799101],[-1.5872171595900844,47.23749241139871],[-1.5864288051997675,47.2381111240092],[-1.5873342885221473,47.23872942294445],[-1.5880119651296125,47.23850022117608],[-1.5879993660565697,47.2379888799101]],[[-1.5867659533281064,47.21933637915096],[-1.585860881339185,47.21890132795359],[-1.5854154291597817,47.21970019067757],[-1.5864245270098418,47.21996537805233],[-1.5867659533281064,47.21933637915096]],[[-1.590210657384026,47.23878999664184],[-1.5886355701221186,47.238390641550325],[-1.588014165687274,47.239056405491766],[-1.5887489323768957,47.23957376426662],[-1.5897439166440155,47.2396706306192],[-1.5903564973633293,47.239282019715624],[-1.590210657384026,47.23878999664184]],[[-1.5880353608993425,47.20208095045247],[-1.5875197116215054,47.20095817565397],[-1.585716746155332,47.20093371237507],[-1.585876487737833,47.202278512234244],[-1.5852499516258245,47.20248234361856],[-1.5850911134260157,47.20310860056148],[-1.5857588235745097,47.20433377539195],[-1.5865380263933575,47.20433353081357],[-1.5877692714638474,47.203492952073134],[-1.5880353608993425,47.20208095045247]],[[-1.5915714573663369,47.25202465846918],[-1.591240662157812,47.25098085033529],[-1.5895480610745487,47.25106172771379],[-1.5894501549748206,47.25169212778459],[-1.590298866332116,47.25233510271404],[-1.59111169364063,47.25245367353932],[-1.5915714573663369,47.25202465846918]],[[-1.5926894580854432,47.208791319822886],[-1.5927962526694457,47.208058939888154],[-1.5915126387298983,47.20805227183338],[-1.5915052407239105,47.20681091070386],[-1.5922738259366545,47.20611062180897],[-1.5914463048825245,47.20494063797756],[-1.5915237363014685,47.204258606632],[-1.5877426476492256,47.20404154198733],[-1.5871108562639167,47.204920262322574],[-1.5862929209863943,47.205136227893],[-1.5863003622720797,47.20577189577368],[-1.5878764804384502,47.206185555450475],[-1.5884547382379808,47.205341288860794],[-1.5891164126874464,47.20621180056619],[-1.590505182347168,47.20607185307556],[-1.5895679524306663,47.20690305899091],[-1.5899657448197355,47.20745092385032],[-1.5897041329115402,47.20816916890798],[-1.5919142209936457,47.209046563160584],[-1.5926894580854432,47.208791319822886]],[[-1.591366855439839,47.244489117867644],[-1.591310495203169,47.24348122960688],[-1.5906348746065404,47.24347424960127],[-1.5902591790932823,47.24438546402691],[-1.591366855439839,47.244489117867644]],[[-1.5905771873512484,47.2222640099704],[-1.5901317759502576,47.22164860939999],[-1.5890322727512942,47.222011511611534],[-1.589541900753746,47.22255501882406],[-1.5905771873512484,47.2222640099704]],[[-1.5936944037766638,47.241212002701275],[-1.5932765370876487,47.240179898014915],[-1.5923419968173802,47.240014736583554],[-1.5910744831644246,47.24031390857897],[-1.5906220528602857,47.24079493670798],[-1.5909878316704926,47.24119051183141],[-1.5930984442714957,47.24155799088557],[-1.5936944037766638,47.241212002701275]],[[-1.592206547051755,47.19831003276173],[-1.5927251928685864,47.19879096530066],[-1.5934713605696873,47.19854644831939],[-1.5928947163598681,47.19719122214381],[-1.591169766624145,47.19742289867931],[-1.5902991610914246,47.19815110410935],[-1.5897181114904866,47.19776360363353],[-1.5888076580125883,47.19785653815377],[-1.5872191310588446,47.1987778440289],[-1.587738633718396,47.19950385956321],[-1.5884963913476315,47.19965297276818],[-1.5888494785658092,47.200791890118495],[-1.5894758949865748,47.200959493911306],[-1.5906462531859253,47.20008373191254],[-1.5904051543575917,47.19948062229425],[-1.589274592051337,47.19928390761058],[-1.5890713122120386,47.19873236331006],[-1.5902455168329332,47.198576100519496],[-1.5910859075265718,47.19889289726192],[-1.592206547051755,47.19831003276173]],[[-1.5939042031117774,47.261162787548145],[-1.5929888114482034,47.26092977037145],[-1.592666849871349,47.26156393793996],[-1.5935713775994975,47.26175885932971],[-1.5939042031117774,47.261162787548145]],[[-1.5937405546200822,47.25343237058887],[-1.5960555559097238,47.253129882113114],[-1.596008370285341,47.252629742366054],[-1.5937126574776452,47.252166096718234],[-1.593538701258714,47.250907563455335],[-1.5922897844942923,47.25065810145674],[-1.5918193263476155,47.25192135552679],[-1.5930524935644885,47.252446032524304],[-1.5920736555034947,47.25340621644579],[-1.5921574857418073,47.25386258640919],[-1.592930404712065,47.25406438355995],[-1.5937405546200822,47.25343237058887]],[[-1.589534156263504,47.20321482183249],[-1.5887470190974369,47.20280512505315],[-1.5881452995483931,47.20343749466627],[-1.5890490429577233,47.20377676690412],[-1.589534156263504,47.20321482183249]],[[-1.5925101691509562,47.234114188388496],[-1.592542630976459,47.2334015886548],[-1.5916186070299356,47.2333088154361],[-1.591228678453726,47.23422023860171],[-1.5919763385024397,47.23444863347388],[-1.5925101691509562,47.234114188388496]],[[-1.5938374088250582,47.202526461349954],[-1.5935453744635921,47.20189890194543],[-1.5925968837438864,47.20219546009885],[-1.592307841945121,47.20198068388966],[-1.5912242651192758,47.200537101333275],[-1.5889408635450541,47.20157278150946],[-1.5897041203133615,47.20272032963883],[-1.5914816433717365,47.20269862179231],[-1.5902076914622463,47.20320235719549],[-1.5906410308555279,47.2038636791989],[-1.592966550654007,47.203723585151366],[-1.5938374088250582,47.202526461349954]],[[-1.5905631462817353,47.210543734910786],[-1.590081272499708,47.211096231591505],[-1.5910842878110418,47.21166969638141],[-1.591679021855,47.21134885595873],[-1.591608279614434,47.21078869699084],[-1.5905631462817353,47.210543734910786]],[[-1.592181342182939,47.22580754296813],[-1.5915844344054082,47.226336973993995],[-1.5923177360656147,47.22674131877166],[-1.593134572463392,47.22619660186913],[-1.592181342182939,47.22580754296813]],[[-1.5959948703042828,47.23785980246453],[-1.5954093235526545,47.237343775625014],[-1.593631668521751,47.237627695691245],[-1.5930310750001613,47.23924703060518],[-1.594345844047045,47.239534480926366],[-1.5945017134180477,47.23859753020873],[-1.5957292491494208,47.23841979039554],[-1.5959948703042828,47.23785980246453]],[[-1.5925429470278485,47.21733904344511],[-1.5925576407439603,47.21667938663346],[-1.5915063875384385,47.21668494239485],[-1.591580014887796,47.21736307476417],[-1.5925429470278485,47.21733904344511]],[[-1.594258293229455,47.233735912037],[-1.594733366764672,47.23317620205003],[-1.5939381380957103,47.23283917616718],[-1.5934256301312528,47.233379896387106],[-1.594258293229455,47.233735912037]],[[-1.596337620446018,47.245902593256915],[-1.5957305827925599,47.24533970914113],[-1.5947413399740582,47.245859244264835],[-1.5956529329663929,47.24641102240359],[-1.596337620446018,47.245902593256915]],[[-1.5965500575390608,47.21046249040229],[-1.596116546238423,47.209411541849605],[-1.5953389892088694,47.209375464388934],[-1.5947657337924177,47.210188481880714],[-1.59233293736884,47.21025802153785],[-1.5921230765892171,47.211389262362246],[-1.5935051744982438,47.212092386155064],[-1.5943670137815356,47.211990201711494],[-1.594980533435031,47.21069802663415],[-1.5965500575390608,47.21046249040229]],[[-1.594083860287816,47.20693259361304],[-1.5931731180744684,47.206390235385726],[-1.5918738631365899,47.20746186733035],[-1.5933224401026893,47.20794184462735],[-1.594083860287816,47.20693259361304]],[[-1.597478996373081,47.25338660639891],[-1.5963410234200586,47.253317643865365],[-1.596120144301566,47.25393569519575],[-1.5973907522060549,47.25413226979992],[-1.597478996373081,47.25338660639891]],[[-1.5927761598454817,47.196705249650584],[-1.592237874328914,47.195807792970626],[-1.5913213752383726,47.19589286277469],[-1.591657030996123,47.19707506431589],[-1.5924040295001376,47.19713696842724],[-1.5927761598454817,47.196705249650584]],[[-1.5975099415366507,47.24327461897993],[-1.59706171288237,47.24191019053155],[-1.5959210119444802,47.24176768204479],[-1.5955779256125053,47.24230375396845],[-1.5962337877644888,47.24273676063509],[-1.5953416983680304,47.24328887984773],[-1.5953863402229576,47.243784998195274],[-1.5964624342884735,47.24396211996389],[-1.5975099415366507,47.24327461897993]],[[-1.5940730026674084,47.2130880126977],[-1.593020462508018,47.21316598605443],[-1.5930306491326718,47.21379361367308],[-1.594303410197157,47.21387995178123],[-1.5940730026674084,47.2130880126977]],[[-1.593974506439842,47.19937281732575],[-1.5928582047903648,47.198915186708085],[-1.5919513938111103,47.20000656242184],[-1.5929583180428413,47.20027895777331],[-1.5938798967563077,47.199840811117475],[-1.593974506439842,47.19937281732575]],[[-1.596325441430854,47.220431992779034],[-1.594922811955207,47.21953662762655],[-1.5937849707124652,47.21992789878556],[-1.5952225823065973,47.221780212610305],[-1.5966386221901505,47.221295294820656],[-1.596325441430854,47.220431992779034]],[[-1.5956375793023596,47.20667848217197],[-1.5948649432220179,47.20625750867285],[-1.594913165328574,47.20500999353585],[-1.5939639777077605,47.20467234076062],[-1.5927254165728897,47.2051074314396],[-1.592821594438561,47.20606680751015],[-1.5946084754210283,47.206328121182004],[-1.5944949800584438,47.20717725015024],[-1.595271384706635,47.207219423363604],[-1.5956375793023596,47.20667848217197]],[[-1.5971861171892163,47.239176895213525],[-1.5969582348788662,47.238730703371274],[-1.596320660605002,47.23864664821994],[-1.5958097849746347,47.23933846710108],[-1.5965832671072377,47.239726458936886],[-1.5971861171892163,47.239176895213525]],[[-1.5978184733176055,47.237718071222226],[-1.5968328043110882,47.237457937197505],[-1.5964142870963836,47.23802370277058],[-1.5974016283604968,47.23830798999667],[-1.5978184733176055,47.237718071222226]],[[-1.5963497124059296,47.20434813334261],[-1.5955100881165138,47.20343870341933],[-1.5941099307604898,47.2036875988531],[-1.5940642941832726,47.204376400454095],[-1.5953380615961026,47.205011045647076],[-1.5961388815719073,47.20494052518783],[-1.5963497124059296,47.20434813334261]],[[-1.620602931699552,47.24763110112403],[-1.6203021511412656,47.246430823129025],[-1.6190368446652943,47.24609457386731],[-1.6182168667028418,47.24656292880641],[-1.6185397003609208,47.24576870752009],[-1.6173259038714602,47.245515620064545],[-1.615083809742504,47.24869548655291],[-1.6143140467878037,47.24854727886903],[-1.6137847545305384,47.24896348468958],[-1.6143190864890573,47.24950018214],[-1.6152167616064392,47.24918742438414],[-1.6158202120927543,47.249817026983024],[-1.6148404392434872,47.24955397019715],[-1.6142100704188866,47.24979821200013],[-1.612267575353924,47.24941076418156],[-1.611985156682517,47.248977545355906],[-1.6099648667919875,47.248376647777874],[-1.6098884727144012,47.24771275093249],[-1.608447060946752,47.247308320846344],[-1.6088960035464404,47.24630301395679],[-1.608285116395509,47.245780832568876],[-1.6100010559259774,47.2454319453843],[-1.6103528988293039,47.24499675542287],[-1.6099623002824228,47.24462189848796],[-1.608425059337046,47.244469973680594],[-1.607761880096852,47.243008166829554],[-1.6066882974922243,47.2433576420098],[-1.605587091510251,47.242918500501034],[-1.6048849690503775,47.24308126634939],[-1.604702631302602,47.24384463799777],[-1.6060651657744884,47.24449824810331],[-1.6048029825034322,47.24561961438004],[-1.6001048500630974,47.243548839149256],[-1.598628090003016,47.24373585936308],[-1.597905787580995,47.24422642529232],[-1.5983738386672617,47.245344856626],[-1.5996512971998296,47.245790587476314],[-1.600689917423992,47.24545516280761],[-1.6006628682732025,47.245966539575214],[-1.601606607645965,47.246439224802245],[-1.60124072747451,47.247138511042834],[-1.6023803451232885,47.24786699335681],[-1.6031551900674184,47.24781590116231],[-1.6044552382894683,47.246643431975336],[-1.6069720222483574,47.24766938288372],[-1.605846914575582,47.24766826194201],[-1.6051459218207569,47.24824374524481],[-1.6054239352551698,47.24874619506315],[-1.6063152056684968,47.24897561899679],[-1.6069533034747259,47.24853062180381],[-1.6083006776759303,47.248780211070546],[-1.6081576415227943,47.24977335871507],[-1.6095272798441562,47.25016454517515],[-1.6103851920647436,47.249627063850774],[-1.6111400115112615,47.249888740580744],[-1.6120183205291858,47.25059001473051],[-1.6118865076732425,47.2512127426357],[-1.6125671218733078,47.25148864512802],[-1.6138278194764692,47.250792949144426],[-1.6134452798938341,47.25155029420002],[-1.6145828154934307,47.25237015278146],[-1.6154998604086754,47.25208294195031],[-1.6150825003287492,47.25267787029908],[-1.615542325855093,47.253134096110614],[-1.6174595269801246,47.25253924326287],[-1.616852602708065,47.25153232935106],[-1.6187615119005991,47.2522296558515],[-1.6174330973850717,47.25270036171948],[-1.6175417865389667,47.25380340426619],[-1.6188903163198851,47.25495651156673],[-1.6205147039980792,47.25535891114752],[-1.621706562165232,47.25455888244923],[-1.6210694208927936,47.253287653173814],[-1.6197520197514959,47.252790320821354],[-1.6204111507549006,47.25177787605966],[-1.618301293895972,47.25078865536735],[-1.6196034017548768,47.25114949587629],[-1.6202480670086825,47.250851280694114],[-1.6197438926299694,47.24997326869071],[-1.620602931699552,47.24763110112403]],[[-1.6039787323728747,47.215578003576255],[-1.6026653709672984,47.215078822465095],[-1.6018262806072667,47.21535484384832],[-1.6004291811082048,47.21508505291363],[-1.5972054519290428,47.21624290607975],[-1.5977296528207618,47.21537601981046],[-1.5987382664358172,47.2154495889461],[-1.5994665731737159,47.21475693913601],[-1.5991644577802056,47.21414539058168],[-1.5979828614129974,47.2139162707537],[-1.5970182003579991,47.21428323428822],[-1.5969782084964788,47.21483468364156],[-1.5958027959352739,47.2150186479147],[-1.595768750992178,47.21680805102338],[-1.5962378185906705,47.217134102906975],[-1.598102974276483,47.217212653238676],[-1.5990542834884354,47.2166209697834],[-1.6011617329319707,47.21629485157545],[-1.601809054086488,47.215739504432236],[-1.6017185287511493,47.21672759614813],[-1.6011532343127153,47.21722530371338],[-1.6020118867038722,47.21766419391885],[-1.6033702388333533,47.2170041754538],[-1.6039787323728747,47.215578003576255]],[[-1.6010680071563337,47.2581187591982],[-1.60035024387676,47.25814296436047],[-1.5996930600957022,47.258804096315785],[-1.6000056766010002,47.25946927490383],[-1.6009116458467898,47.25930223974972],[-1.6013979330758081,47.25853705833867],[-1.6010680071563337,47.2581187591982]],[[-1.6015805867456256,47.256472502057605],[-1.6024627370794502,47.255553283607895],[-1.601765135331746,47.25521762450011],[-1.5998189594752987,47.255604219048216],[-1.599459755009482,47.25600800194261],[-1.6001580612172965,47.25655010410809],[-1.6015805867456256,47.256472502057605]],[[-1.5982277830908496,47.223238502284396],[-1.597180479025923,47.223547000742485],[-1.5978007304918425,47.2242062634499],[-1.5988151541947089,47.22384070537645],[-1.5982277830908496,47.223238502284396]],[[-1.5975278995134508,47.20569023677484],[-1.5965518332114277,47.20499331741305],[-1.595726956157494,47.205339281855515],[-1.596419197980952,47.20653375348543],[-1.5971982383650456,47.2064160625641],[-1.5975278995134508,47.20569023677484]],[[-1.6001922428060567,47.21030565666468],[-1.6003522932680603,47.2091733955375],[-1.59931203916001,47.20879081154694],[-1.5981075710542507,47.209336230863805],[-1.5970728582080453,47.208924644800334],[-1.596370722386283,47.20934706833914],[-1.5982940392314609,47.21047870942258],[-1.6001922428060567,47.21030565666468]],[[-1.6028255901208437,47.24956579183012],[-1.6041507702945614,47.24890861024487],[-1.6038753236693157,47.24844479974158],[-1.6031792121158481,47.24834034515857],[-1.6021361086940524,47.248775958338626],[-1.6010056026226926,47.2480258383673],[-1.5998006700800382,47.24952207807211],[-1.601848149465194,47.25087498800288],[-1.6026047029017225,47.250150674041684],[-1.6011135707412651,47.24980454621529],[-1.6012519969471786,47.24943035287482],[-1.602065726830697,47.24904492667597],[-1.6028255901208437,47.24956579183012]],[[-1.6022346214866543,47.25371514847891],[-1.6023420474572416,47.2531909075026],[-1.6015269095149496,47.25281864763343],[-1.600272864288578,47.25354396571069],[-1.6009309463140255,47.25422482523296],[-1.6022346214866543,47.25371514847891]],[[-1.601019836042209,47.23963707811712],[-1.601694631957568,47.23914509789469],[-1.6009052765096214,47.238721071163766],[-1.6002822444666924,47.23922292076816],[-1.601019836042209,47.23963707811712]],[[-1.6040634025931748,47.206814404879786],[-1.6037085244076508,47.206075961094676],[-1.6023070568969624,47.20673463200496],[-1.6011108955306983,47.206086091403044],[-1.599139916690157,47.20595568840652],[-1.5982721060573697,47.20609091904371],[-1.5977254539170938,47.20669326555707],[-1.5981472978961404,47.20753564654114],[-1.5994152107546022,47.20794809834387],[-1.6001760168215355,47.20787846212019],[-1.6011715493374468,47.20702997490536],[-1.6009087034185232,47.2077138523813],[-1.6015143150156885,47.208063432950055],[-1.6040634025931748,47.206814404879786]],[[-1.6024630354102727,47.253845785848554],[-1.6030141054521456,47.254580009721444],[-1.6039118365480722,47.25440620192976],[-1.6034181905301126,47.25358702093699],[-1.6024630354102727,47.253845785848554]],[[-1.5997661090469577,47.20384536302104],[-1.5987961167517653,47.20376670452514],[-1.598711076175541,47.204456118092885],[-1.5997405335153043,47.2044900645708],[-1.5997661090469577,47.20384536302104]],[[-1.603115753057261,47.21320199376291],[-1.6010619235606478,47.2129091386996],[-1.600983683289462,47.21360638619926],[-1.6028215214077015,47.21381704976582],[-1.603115753057261,47.21320199376291]],[[-1.6068156922534433,47.240392382107096],[-1.604908825139925,47.23971799336115],[-1.6038875367661365,47.24009051533397],[-1.6036757682308513,47.24152399548926],[-1.6053289742378605,47.24179358120692],[-1.6058125103053755,47.24108347867198],[-1.6067972796603873,47.24095572128942],[-1.6068156922534433,47.240392382107096]],[[-1.6061981291900145,47.22533178023178],[-1.6053423986720996,47.22508157266932],[-1.6044576098977574,47.225423660597876],[-1.60433750410983,47.22461523713517],[-1.603593170867891,47.224377613301854],[-1.6024573318150748,47.22559014903482],[-1.602993284867405,47.225990293087094],[-1.603902320700184,47.22576397752153],[-1.6034722493607756,47.226528302213545],[-1.6043320009114768,47.22686195696145],[-1.6063894634893061,47.22599224779885],[-1.6061981291900145,47.22533178023178]],[[-1.6040182316932587,47.22002268169463],[-1.60340964279002,47.218658193897085],[-1.6024849723352443,47.21854833839163],[-1.6027156027444032,47.220297233303505],[-1.6034440010477564,47.220469743204085],[-1.6040182316932587,47.22002268169463]],[[-1.6081336794415266,47.21317386972565],[-1.6074662698915216,47.212425753770596],[-1.6064113899055485,47.21220144068326],[-1.6062816047171826,47.21162484673315],[-1.605171825881755,47.21148583495533],[-1.604598724329073,47.21098499368219],[-1.607056479467138,47.21146035445708],[-1.6076766318121507,47.210981154273696],[-1.6075151126552045,47.21052751786682],[-1.6039486542487071,47.21014198707029],[-1.6040191692218,47.20919281078772],[-1.6024495972100665,47.209049613189144],[-1.6016041295222387,47.21024577490254],[-1.6026494316036173,47.210886272316436],[-1.6037632490389306,47.210264191371714],[-1.6037516505228648,47.210915982052995],[-1.6031156551815364,47.211767191205105],[-1.6018524357987503,47.21178938585259],[-1.6018099818779123,47.21249183079046],[-1.603848823858955,47.212653252412196],[-1.6047451051122492,47.21202402047037],[-1.605562853881557,47.21316387080769],[-1.6075057295346151,47.21350891684772],[-1.6081336794415266,47.21317386972565]],[[-1.6068742938876936,47.22341664924125],[-1.608273459456476,47.22206092565826],[-1.608095657448054,47.22157187251227],[-1.6057653483926129,47.22156872906341],[-1.605484863280496,47.22088592124503],[-1.6046878716578743,47.22061837971206],[-1.6040473168463376,47.22077397679463],[-1.6038689866363272,47.22151804203525],[-1.6027442208933473,47.22218292761557],[-1.6030524586171853,47.22258953025664],[-1.6055117529891443,47.223090368061776],[-1.6061443954394816,47.22356203346394],[-1.6068742938876936,47.22341664924125]],[[-1.6048409668366599,47.22385642468388],[-1.604885663628971,47.22320081246347],[-1.603775659091533,47.223140803788105],[-1.6038357174566145,47.223947625698486],[-1.6048409668366599,47.22385642468388]],[[-1.606379225472565,47.22888368173249],[-1.6062964522990266,47.22829108107482],[-1.6051833149337629,47.22808799934127],[-1.605219846944299,47.22739380977633],[-1.6041557291604613,47.227315784117124],[-1.6039622328863608,47.22775184148424],[-1.6049142101664493,47.22821229939098],[-1.6045755980841172,47.22868065462182],[-1.604991857248949,47.22926775360713],[-1.605706764537055,47.22938545098031],[-1.606379225472565,47.22888368173249]],[[-1.6095532736422045,47.253963199363795],[-1.6082516150688007,47.25328804486785],[-1.607429179179192,47.25361775936207],[-1.6085706739656096,47.25466110014551],[-1.6094820679030297,47.254565507593846],[-1.6095532736422045,47.253963199363795]],[[-1.6129631553203692,47.27066261469012],[-1.6127906414010669,47.270150896474284],[-1.61068325342243,47.269219385617674],[-1.6089996882536601,47.2707123225903],[-1.609714329815316,47.27162983322013],[-1.6108691286324828,47.27196476197125],[-1.6122392124773808,47.27148979786021],[-1.6129631553203692,47.27066261469012]],[[-1.6057879915211946,47.21340704284389],[-1.604860177931932,47.21318346956205],[-1.60446882584387,47.21390429285908],[-1.6054241254085244,47.21412609379935],[-1.6057879915211946,47.21340704284389]],[[-1.6070269126847605,47.22433174006302],[-1.6065478918422238,47.223784352582484],[-1.6056841183900945,47.22410979934328],[-1.6061446906290293,47.224658628083695],[-1.6070269126847605,47.22433174006302]],[[-1.6087040072253245,47.24179335754035],[-1.6087450042549527,47.24114290124653],[-1.6077208483875862,47.24109819506043],[-1.607659638841254,47.24190462001342],[-1.6087040072253245,47.24179335754035]],[[-1.6093145560320976,47.216853542228144],[-1.609133299597421,47.21612633635705],[-1.607023495664134,47.21606209333842],[-1.6065240108407584,47.21647719000978],[-1.6068795789111683,47.21696238737561],[-1.6061539229269288,47.217194438815895],[-1.6060771985687843,47.21772412758843],[-1.6069362079373248,47.218108808631534],[-1.6077274772465882,47.21779455980558],[-1.6086120823016534,47.218121245758866],[-1.6093145560320976,47.216853542228144]],[[-1.6122770143625906,47.22583048027524],[-1.6114230949293638,47.225390961515075],[-1.610022793128588,47.22588769825766],[-1.6101817882310638,47.22652297601612],[-1.6078944103819115,47.22659132133454],[-1.6077643556311407,47.22760742265072],[-1.608686357804172,47.227957393066056],[-1.609455245703908,47.22745769015816],[-1.6106060460338103,47.227449803397064],[-1.6106435066801532,47.226603587614434],[-1.611991317412111,47.2262801581849],[-1.6122770143625906,47.22583048027524]],[[-1.6118432373154272,47.25161578176706],[-1.6100652558625412,47.251523849395845],[-1.6099124514506384,47.25200749432465],[-1.6114588856931367,47.25234640382379],[-1.6118432373154272,47.25161578176706]],[[-1.6060790197061594,47.20094922137793],[-1.6057462241624065,47.20158164226659],[-1.6066043663782283,47.20185489813814],[-1.607025605788014,47.201172724654896],[-1.6060790197061594,47.20094922137793]],[[-1.6121072122712345,47.2537271220239],[-1.6117674221669673,47.25327167543628],[-1.6108902324603087,47.25324912977195],[-1.6106077489601187,47.254277124340106],[-1.6117664085632262,47.25457727865272],[-1.6121072122712345,47.2537271220239]],[[-1.609259929684345,47.215198468055085],[-1.6090343147355697,47.21449897796922],[-1.6078326794631101,47.21430787417422],[-1.6072720886987193,47.21455859199551],[-1.6073221001461913,47.21501422175513],[-1.6081241501923624,47.21542073229463],[-1.609259929684345,47.215198468055085]],[[-1.6097758577873507,47.198916301845074],[-1.6084471039902624,47.19785897892676],[-1.6062834068723777,47.19826699774854],[-1.6069065377583882,47.19928167741933],[-1.6088668038026388,47.19969919860237],[-1.6095636047037634,47.199549238324884],[-1.6097758577873507,47.198916301845074]],[[-1.6138343455292605,47.24865982748457],[-1.6134755030342243,47.24809223524465],[-1.611985151402491,47.24785662562106],[-1.611068673277615,47.248318177574795],[-1.612357383839216,47.24906428493679],[-1.6133587546758632,47.249123292550244],[-1.6138343455292605,47.24865982748457]],[[-1.6112936550514358,47.217827591995444],[-1.6093317440647184,47.218103518228745],[-1.6092356223867625,47.21921848723963],[-1.6109969769160795,47.21944028265655],[-1.611852983900796,47.21919040033272],[-1.6122482036453962,47.218334776889535],[-1.6112936550514358,47.217827591995444]],[[-1.610865266119536,47.22475988811152],[-1.6099552561142105,47.224491440353006],[-1.6096154750304201,47.22514282219696],[-1.6104905000317993,47.22536864463384],[-1.610865266119536,47.22475988811152]],[[-1.615455862133557,47.27601587460944],[-1.6161798428106278,47.27560776007631],[-1.6156413627742094,47.27482803445207],[-1.6141940616372403,47.27548041918344],[-1.6144854786926677,47.27589733411086],[-1.615455862133557,47.27601587460944]],[[-1.6114401686316548,47.21063649054712],[-1.6134005756808365,47.20687999556306],[-1.6123855449053988,47.20659617969525],[-1.6120013602844698,47.20596345504991],[-1.610812143912248,47.20600785537056],[-1.610448361519455,47.20648041875891],[-1.6094195304332641,47.206213258559956],[-1.6088006895357452,47.20642091588387],[-1.6089225879235916,47.20701575125186],[-1.6107988457863918,47.20772164251379],[-1.6100319209816571,47.20895287089027],[-1.6099809882447913,47.210552212365556],[-1.6114401686316548,47.21063649054712]],[[-1.6122647574191908,47.2240228546581],[-1.6122722430571221,47.222840360469554],[-1.6109325749899535,47.222921060714285],[-1.6114338348239667,47.22412020300965],[-1.6122647574191908,47.2240228546581]],[[-1.611998430389042,47.21757086067129],[-1.6119601521372307,47.216885961024595],[-1.6107049665833677,47.2168786509255],[-1.611062668625576,47.2176891555242],[-1.611998430389042,47.21757086067129]],[[-1.6114376998558406,47.20187921329274],[-1.6106461787336346,47.20150862979868],[-1.609980680575961,47.20212795143778],[-1.6109605944985648,47.202468770206956],[-1.6114376998558406,47.20187921329274]],[[-1.6175735295391918,47.27922409487214],[-1.6179953739666217,47.278590851325895],[-1.6171722136981719,47.27829399839663],[-1.6165901201422737,47.27891616982384],[-1.6175735295391918,47.27922409487214]],[[-1.6157947617282975,47.198707173632975],[-1.6159036807954246,47.19821299352444],[-1.6148436855553376,47.197244945812194],[-1.6151214361647948,47.19665224847521],[-1.6142869312054786,47.19630418672406],[-1.6136130161904654,47.19673127760673],[-1.6141949465541012,47.197273833718235],[-1.613532162369681,47.19760928250073],[-1.6134223908561025,47.19699459494886],[-1.6124997975670055,47.196933053740125],[-1.6118497608705302,47.19782552569993],[-1.6102529932383929,47.19806429231554],[-1.6098371783487588,47.19899218355903],[-1.6111795067759471,47.19953789825393],[-1.6115051464390708,47.19880091110432],[-1.6122857047173444,47.19828472199674],[-1.6127711398141467,47.198377924235224],[-1.6121283514444733,47.199492186378144],[-1.6136492928485167,47.2002074377482],[-1.6157947617282975,47.198707173632975]],[[-1.615846311312102,47.253362990815056],[-1.6148184882142766,47.25332660429107],[-1.6147578193583616,47.25407944256764],[-1.615953975366328,47.25406803270676],[-1.615846311312102,47.253362990815056]],[[-1.6128353705231098,47.21237271163389],[-1.6117423229521424,47.211848569827154],[-1.6110359801043572,47.21244841082563],[-1.6123719985149945,47.21308674055425],[-1.6129163230846506,47.21280567560899],[-1.6128353705231098,47.21237271163389]],[[-1.6149421227242613,47.2262292754047],[-1.6151094452469636,47.22566284578952],[-1.6140349993014214,47.22512617817975],[-1.6129576572513877,47.225474071227495],[-1.613424189571092,47.226361331380325],[-1.6149421227242613,47.2262292754047]],[[-1.6128353171880139,47.21159799991888],[-1.6140935188455132,47.210445736627314],[-1.6127916642194533,47.20998335958731],[-1.611890362254485,47.21058143904038],[-1.611939331983067,47.21126720369913],[-1.6128353171880139,47.21159799991888]],[[-1.6162302727488047,47.22085157488708],[-1.6146932702450625,47.21983960133749],[-1.6137013955757589,47.219959857948034],[-1.6131197196767673,47.22100460571293],[-1.6133391622857767,47.221518335805875],[-1.6142500848096109,47.22191175371015],[-1.6148703069147263,47.22141053330667],[-1.6157103015115062,47.221475752939625],[-1.6162302727488047,47.22085157488708]],[[-1.6148886218260194,47.22506951654393],[-1.6151346560746553,47.223764867586894],[-1.6142717314956332,47.223624209857675],[-1.6135545498434811,47.224686911041445],[-1.6148886218260194,47.22506951654393]],[[-1.6138548248112927,47.20269223900122],[-1.6145781081607797,47.2021889171056],[-1.6142234763406802,47.20120603598177],[-1.6135514320046356,47.2009860368229],[-1.6126939541332046,47.20233478428675],[-1.6138548248112927,47.20269223900122]],[[-1.6170851339087426,47.22760853270705],[-1.616686116314233,47.22724006382467],[-1.6160070958039805,47.227288179989905],[-1.6158746499398526,47.2281466560896],[-1.6168484605107514,47.22826710922675],[-1.6170851339087426,47.22760853270705]],[[-1.617239992938921,47.21065398215024],[-1.6150693486012393,47.21055438109403],[-1.6148030632658517,47.2114021513021],[-1.6153697718707674,47.21166726511018],[-1.6171774951788076,47.21143594638353],[-1.6175437649754756,47.2110394118596],[-1.617239992938921,47.21065398215024]],[[-1.617433994582125,47.2258170687657],[-1.6165176589863883,47.22551520290144],[-1.6160785000601712,47.22618247164418],[-1.6170635408403513,47.2264359578927],[-1.617433994582125,47.2258170687657]],[[-1.6193556411223724,47.228640670125145],[-1.6176928258904741,47.22805470282087],[-1.6170109979567726,47.22880885030084],[-1.6186679822917056,47.22962740731363],[-1.6196427453083788,47.22921786086919],[-1.6193556411223724,47.228640670125145]],[[-1.6165886762624981,47.20941013507792],[-1.6156734512612434,47.209812852721335],[-1.6163203232054053,47.21037772100261],[-1.6171519353874713,47.209923140678015],[-1.6165886762624981,47.20941013507792]],[[-1.6237147433149486,47.298077381443086],[-1.6284160504533851,47.30058521337553],[-1.6288336064312272,47.300213967127654],[-1.6275129256324377,47.29907897498914],[-1.6281806427312864,47.298047244306815],[-1.624639813785344,47.29686447766301],[-1.6237147433149486,47.298077381443086]],[[-1.6238183957725174,47.271571407554276],[-1.6244268067677916,47.27045210671356],[-1.623821823429259,47.27006787294682],[-1.6229302812376927,47.27058436072983],[-1.622025971929442,47.27035297986518],[-1.6216149822103372,47.27084114765148],[-1.622945997822127,47.27179747264746],[-1.6238183957725174,47.271571407554276]],[[-1.6169070524753664,47.195870347774],[-1.6165229099130645,47.19523873488191],[-1.6152307482501416,47.19550469617105],[-1.616032818712966,47.19632629670732],[-1.6169070524753664,47.195870347774]],[[-1.6219268901490052,47.25091591123583],[-1.6228492727215995,47.250277229524066],[-1.622132072397299,47.249553328208286],[-1.6211958787305847,47.24948744009733],[-1.6210292136879663,47.25051872084444],[-1.6219268901490052,47.25091591123583]],[[-1.6210146853167846,47.22735905091245],[-1.6208034419413333,47.226472086515614],[-1.6195005092417143,47.22672544926685],[-1.6198190615381132,47.22760299924667],[-1.6210146853167846,47.22735905091245]],[[-1.625102302848698,47.25170638928548],[-1.6238604145945073,47.25139317586979],[-1.6233120736183249,47.2517267933632],[-1.6235690261758575,47.25220585275729],[-1.6219118327466526,47.252058170863656],[-1.6223974072946363,47.253823080612776],[-1.6231693420445084,47.253881101993365],[-1.6246072716284015,47.25304606547629],[-1.6253322799086298,47.25216501139733],[-1.625102302848698,47.25170638928548]],[[-1.6169530800285756,47.19622523533283],[-1.61770847267599,47.19673583586419],[-1.6184339393629357,47.19632310383367],[-1.6176514742899328,47.195754970060506],[-1.6169530800285756,47.19622523533283]],[[-1.6245616053597607,47.25712548068987],[-1.6256969374252717,47.25727279965671],[-1.626136383549625,47.25661982519806],[-1.625110347129059,47.25620340307832],[-1.6243725528350377,47.256942718801525],[-1.623225011074969,47.256556822690484],[-1.622377508662861,47.25749883179663],[-1.62387008391406,47.25818195400856],[-1.6247256289450929,47.257647399473015],[-1.6245616053597607,47.25712548068987]],[[-1.632047157470403,47.256689845732325],[-1.6331812252678397,47.256704340203164],[-1.6330863227937698,47.25580090971363],[-1.6312901453115238,47.255509479439],[-1.6306617700567148,47.255743241055185],[-1.6306289202530209,47.25502957018688],[-1.629616845151044,47.25431041095979],[-1.627776406754231,47.2538724846467],[-1.626455992855207,47.25441766934427],[-1.6264149809428259,47.25383947421856],[-1.6250775473179893,47.25312101069695],[-1.6227559681539283,47.25450912185566],[-1.6229914151801688,47.25502536407033],[-1.6251109637343055,47.25555208628747],[-1.6269102507533995,47.25673815592677],[-1.6256546254233804,47.257822587582545],[-1.6260334288333367,47.25839547614351],[-1.6279181999642187,47.258184831733466],[-1.629340091403102,47.257104486754606],[-1.6308182132513331,47.25760975213615],[-1.632047157470403,47.256689845732325]],[[-1.6195983292429494,47.19878869341633],[-1.6187535674519058,47.1986967017834],[-1.6180980420029594,47.199364229610296],[-1.6197189786452542,47.20028786629603],[-1.6203376719667708,47.199524554497664],[-1.6195983292429494,47.19878869341633]],[[-1.6216096954302264,47.220290922970634],[-1.6201305115885754,47.220795913472166],[-1.6200316334060307,47.22148364697443],[-1.6203092651037554,47.22229327166002],[-1.6210600778868014,47.22257468278361],[-1.6216091369384298,47.22231633539144],[-1.622178850080433,47.22071571440795],[-1.6216096954302264,47.220290922970634]],[[-1.6216455619624561,47.218944594339504],[-1.6219245370059265,47.21682722670533],[-1.6208084347303517,47.216843154973574],[-1.6201796964930921,47.21820464281057],[-1.6204649609961945,47.21912162459285],[-1.6216455619624561,47.218944594339504]],[[-1.6215344133524208,47.211956999675216],[-1.6208792210007905,47.21143383157045],[-1.6199562478700618,47.21151347040579],[-1.6196070417409572,47.21196459914287],[-1.6203003729877108,47.21242874660502],[-1.6215344133524208,47.211956999675216]],[[-1.623920173336242,47.24951554930546],[-1.6242482583267308,47.24885090679848],[-1.6233776215102669,47.248623521178054],[-1.6230488223704842,47.24927342161002],[-1.623920173336242,47.24951554930546]],[[-1.6209028577334461,47.19769581008344],[-1.6222805206457276,47.19713328792055],[-1.6218716535917597,47.19662050355913],[-1.6196723387970327,47.19620645349811],[-1.6187105911322344,47.19665893391083],[-1.6190596451654506,47.19724860099899],[-1.6209028577334461,47.19769581008344]],[[-1.6216884790679535,47.214025815669906],[-1.6222988459689416,47.2130890993103],[-1.621633792568359,47.212532585186686],[-1.6204250802491704,47.21269813230863],[-1.620731760996076,47.213955014536026],[-1.6216884790679535,47.214025815669906]],[[-1.634987824968495,47.225874773505645],[-1.6338300008284494,47.22392293879852],[-1.6326509055562397,47.223624587979074],[-1.6331260546549111,47.22328392756715],[-1.6331724630024047,47.222020631521794],[-1.6317186546567415,47.22109894589559],[-1.6309957751631492,47.22110507650958],[-1.6306472074932161,47.221496179963125],[-1.629103259959043,47.22150377951841],[-1.6295765002741993,47.22271553854359],[-1.629278796640615,47.22326271466571],[-1.6271334387458605,47.22295269951355],[-1.6263544851176912,47.22316042690797],[-1.6260839065932302,47.222573133514466],[-1.623127437337174,47.221934609076456],[-1.6215146400398,47.22308326000283],[-1.6232326942264959,47.22493457976222],[-1.6320290710119758,47.2269058765909],[-1.633521435664465,47.22693110470544],[-1.6344738780331192,47.226481404638335],[-1.634987824968495,47.225874773505645]],[[-1.6231744776420611,47.22917306392047],[-1.6242753982065432,47.22840879286868],[-1.6235855767426592,47.22800078232052],[-1.6241761572862494,47.22732705478005],[-1.6231761426196236,47.22686682492901],[-1.6226324657153364,47.227382421110285],[-1.6229619996894884,47.22796309798034],[-1.6225329951039942,47.22883372568057],[-1.6231744776420611,47.22917306392047]],[[-1.6215880078599274,47.195553827046176],[-1.6198740776527645,47.19536700518293],[-1.6198897453722818,47.19599966560671],[-1.6214655593850746,47.19613393876324],[-1.6215880078599274,47.195553827046176]],[[-1.6268383573562932,47.25241907901263],[-1.6261156402128996,47.252921358316954],[-1.626975458220467,47.25336244979712],[-1.6275928574217553,47.25283146012052],[-1.6268383573562932,47.25241907901263]],[[-1.6236992233959797,47.199008452304284],[-1.6262534000585682,47.198647908489605],[-1.6262356818401429,47.198010480507875],[-1.6245664266013649,47.1971012861214],[-1.6227330948268819,47.19697185084468],[-1.6220271074846986,47.19787174255219],[-1.6230652939029606,47.198775582640046],[-1.6236992233959797,47.199008452304284]],[[-1.6273315344509045,47.23317954867386],[-1.6272449995016203,47.232503212271354],[-1.6260556663356442,47.23203827720686],[-1.6253046618162823,47.23223504658187],[-1.6259590268933977,47.23358078840447],[-1.626623365565913,47.233631972549624],[-1.6273315344509045,47.23317954867386]],[[-1.6254608930942755,47.221883329943196],[-1.6266462910727864,47.220733148520914],[-1.6256265948855986,47.220331347243366],[-1.6242566720745233,47.221249360908544],[-1.6245060946690673,47.2217116513077],[-1.6254608930942755,47.221883329943196]],[[-1.6259423287430472,47.21767512683646],[-1.624798684523298,47.21807044680979],[-1.624150080942042,47.219640819662146],[-1.6269870539925522,47.220343684667064],[-1.6274728932415312,47.2200038187634],[-1.6276790766847944,47.21854488119338],[-1.6259423287430472,47.21767512683646]],[[-1.62844607209399,47.253304150273934],[-1.628496319719584,47.25381049230494],[-1.6291641789516098,47.253974611858474],[-1.6300844941034096,47.253123072586035],[-1.6292362652538421,47.252720707834754],[-1.62844607209399,47.253304150273934]],[[-1.6312629966636363,47.27335599219135],[-1.6321260616822038,47.272935515439706],[-1.6312345724688895,47.27231311687502],[-1.6303830364558693,47.27283356459274],[-1.6312629966636363,47.27335599219135]],[[-1.6290651019466873,47.22230441550454],[-1.627502616342957,47.22133409150015],[-1.6268338654190158,47.22135705457649],[-1.6264813738988582,47.222405257432456],[-1.6288059265852974,47.222925487875656],[-1.6290651019466873,47.22230441550454]],[[-1.6309027063086516,47.22942299095542],[-1.6308087024175186,47.22892962932176],[-1.629579431321313,47.228549606140255],[-1.6292710647798667,47.22807125964182],[-1.6276509162141826,47.228100120597475],[-1.627565381879138,47.22918491071888],[-1.6285549342419445,47.229431504756356],[-1.628877251106729,47.229983082654265],[-1.6301476551436718,47.23018327690018],[-1.6309027063086516,47.22942299095542]],[[-1.628939782033044,47.2076631727813],[-1.6282839954618187,47.20678827840502],[-1.626837113698719,47.207004184187355],[-1.627164984453008,47.2080252206901],[-1.6284760607159166,47.20815696979816],[-1.628939782033044,47.2076631727813]],[[-1.6311030180758297,47.23435406691743],[-1.6301647789556177,47.23415784876098],[-1.6299004036293663,47.23485139337306],[-1.630980545423813,47.23507097279859],[-1.6311030180758297,47.23435406691743]],[[-1.637527559556046,47.19963973209074],[-1.6366279251222333,47.199981832317235],[-1.6361011242128443,47.19939862869006],[-1.6342270978298705,47.19906627734876],[-1.6336327830287556,47.20010244828371],[-1.6325966807043364,47.199964749160586],[-1.6319263459653373,47.20083240946968],[-1.6315026749409596,47.20078251392072],[-1.6320287142415684,47.1996601659158],[-1.6305183384223603,47.19921620114375],[-1.6303036729708054,47.19837898728543],[-1.6275094169581694,47.197892696133],[-1.6268487179113387,47.19869525140383],[-1.627660268576935,47.19918445336933],[-1.6271360951437064,47.20082963731133],[-1.6277803874742236,47.20235643271901],[-1.6300951092187679,47.20249059647955],[-1.6302224645711731,47.20295327595896],[-1.6311121111676443,47.20326152112015],[-1.632265901260835,47.20293852130017],[-1.6323039244340494,47.20202883459484],[-1.6327122316204505,47.20196761329543],[-1.633694180232985,47.20257823292117],[-1.6322859044117481,47.20374717107362],[-1.6329718343970818,47.20436832724493],[-1.6359502475706926,47.20257390810903],[-1.6360724484911255,47.2011911092091],[-1.6368224137355456,47.20084873992663],[-1.637400112961933,47.201177565595884],[-1.6385909845549864,47.200975619775356],[-1.6388398761821101,47.20007966893322],[-1.637527559556046,47.19963973209074]],[[-1.631502748824977,47.23062172780193],[-1.630426041385313,47.23035856838548],[-1.6299202292284358,47.231280902651584],[-1.6309834023349739,47.231529761433364],[-1.631502748824977,47.23062172780193]],[[-1.6373241052580199,47.22948517705987],[-1.6364156143640873,47.22928486310612],[-1.6359756211533676,47.23001226891945],[-1.6349656061587712,47.23038282840204],[-1.633835297915775,47.229482309343204],[-1.6355372891967381,47.22943074886801],[-1.6358023589091621,47.228701993813225],[-1.6341662685529326,47.22805755057792],[-1.6339757600722138,47.22744770774459],[-1.6317320983559693,47.226958099263996],[-1.631029940940883,47.22710091781371],[-1.6302197450915297,47.228235631730584],[-1.631307375308543,47.22900675628502],[-1.6321788665173862,47.22849344515081],[-1.632664538179948,47.22871758689413],[-1.6327268693851558,47.22916135784407],[-1.6335347146588324,47.22951984811211],[-1.6329127934697754,47.230619078949985],[-1.6339650053600896,47.231003418239894],[-1.6349631283843389,47.230409993695034],[-1.6345505542067937,47.2311790118113],[-1.6352215820867295,47.231636004923416],[-1.6359871274542725,47.23139722779274],[-1.6362941505444741,47.23027902833982],[-1.6374949253485547,47.23011601373745],[-1.6373241052580199,47.22948517705987]],[[-1.6381169572645518,47.276517641269145],[-1.6363785152473636,47.27595780429694],[-1.6353360838395916,47.27624430930807],[-1.635379705772259,47.27716170553393],[-1.6377544643568542,47.27720101651132],[-1.6381169572645518,47.276517641269145]],[[-1.6347526267708365,47.255905220971485],[-1.6335812491902761,47.25635176797351],[-1.633761262205668,47.25697756977581],[-1.6357685377936213,47.256702510046],[-1.63571577303272,47.25616201887894],[-1.6347526267708365,47.255905220971485]],[[-1.6341472327650375,47.22095218404194],[-1.633773339398192,47.22000282737012],[-1.632934947164735,47.219885198100336],[-1.6323008399582675,47.22092240633326],[-1.633694014999731,47.22130381140341],[-1.6341472327650375,47.22095218404194]],[[-1.63971544429761,47.27854729248728],[-1.6389039386717308,47.27819040258753],[-1.6383377697303951,47.27873588222811],[-1.639239481351654,47.279205168667886],[-1.63971544429761,47.27854729248728]],[[-1.6333453611895163,47.205222718030484],[-1.6327845466119528,47.20468447530822],[-1.6320272571485117,47.20506862949296],[-1.632577051227419,47.205586172295355],[-1.6333453611895163,47.205222718030484]],[[-1.6523952070211947,47.220882763024846],[-1.653227823024697,47.219654418305545],[-1.6522744900898554,47.219103298659206],[-1.6479415330538634,47.2183437414783],[-1.6472153020772209,47.218750692984315],[-1.645728271997329,47.217943960057816],[-1.6447106099366238,47.21903927893049],[-1.6451173482734094,47.21986883290841],[-1.6461813134409031,47.22017797657624],[-1.6451250878166088,47.22016078869733],[-1.6446894976783026,47.220909014705256],[-1.6424325397095312,47.22031056313233],[-1.6416009930611255,47.22061300325503],[-1.6408541820770766,47.22008516068626],[-1.6401437789597333,47.220631033309004],[-1.6391943158446032,47.220173367259],[-1.6370691099283414,47.22052322944391],[-1.6368199163687653,47.22197964982142],[-1.638059271684182,47.22215310989305],[-1.6385008199279363,47.22127771101133],[-1.6384877101496573,47.22211059555509],[-1.6394004861906617,47.222345429313826],[-1.639108956797003,47.22372827715065],[-1.640930361377888,47.22442614267863],[-1.6405311210209352,47.224833835901364],[-1.6403360034627943,47.22430749501573],[-1.63921634013926,47.22410316442395],[-1.6386673392953022,47.224817632139114],[-1.6374522721079978,47.22539465882921],[-1.6375310364130367,47.225920104155186],[-1.6368561154553583,47.226234498565724],[-1.6360095304250017,47.22590835895012],[-1.635351690126708,47.22618545985517],[-1.635610961322513,47.22701093349022],[-1.6369128909565211,47.22659332234993],[-1.63523926265498,47.22796591142328],[-1.6361431654738883,47.228775345458565],[-1.6371507712518694,47.228967967946545],[-1.6377060852364866,47.228573054406766],[-1.6387164044551492,47.22864831111158],[-1.639284423009918,47.22816151011032],[-1.6398627705430302,47.228378494525366],[-1.6384488543483169,47.229101336727275],[-1.6376574988393418,47.23059486309698],[-1.6370288067670993,47.230870580060135],[-1.6367207427496624,47.23226551998961],[-1.6392345580181646,47.23322599829007],[-1.639972874839168,47.23308574034589],[-1.6404159551468465,47.23249014536052],[-1.639531527079834,47.2314870901313],[-1.6411596611420622,47.232534671023636],[-1.643607646008969,47.23241431782665],[-1.6440017472014214,47.23204138559938],[-1.6437184856835503,47.23104034720733],[-1.64199236483111,47.230380593294264],[-1.6410612769399548,47.23096810619792],[-1.6402937424657227,47.230717329249536],[-1.6405488463000732,47.23034556344393],[-1.6414134436051337,47.22999265505014],[-1.64424563741802,47.23091120157749],[-1.6448835688528791,47.23045515401232],[-1.644257130142655,47.22993405172851],[-1.644668256217852,47.22945015213991],[-1.645910757108073,47.22920243153838],[-1.6465795456723962,47.229511422244556],[-1.6451702620759847,47.22948893312608],[-1.6449580369225316,47.23034008556398],[-1.6470811552644584,47.231494197717645],[-1.6444617078758557,47.23241273060953],[-1.644093630092515,47.23310050042024],[-1.6461392903989456,47.23403517703138],[-1.6477027339487347,47.23347946912558],[-1.6477718647854842,47.23234958800749],[-1.6493781472589661,47.229943431873004],[-1.648687829548052,47.229513352742195],[-1.647605834555761,47.229686800801986],[-1.6483170215065377,47.22906420125885],[-1.6480771814388457,47.22858524488343],[-1.646990545516571,47.22810689235055],[-1.645834897625395,47.228090610391625],[-1.646040079454669,47.22772765817488],[-1.6474581481637538,47.22768766618133],[-1.6474149664155224,47.226973098281995],[-1.6456267178504929,47.226331106111964],[-1.644614874962108,47.22691950625478],[-1.6436529260239088,47.22681791566592],[-1.6437612208196117,47.22647090637322],[-1.644870505193128,47.22625770385097],[-1.6454655373692737,47.22513029166835],[-1.645252875932044,47.22443265878566],[-1.6445792442494411,47.224100441041706],[-1.6444173035397516,47.22342291177099],[-1.6432786309599041,47.223520052646755],[-1.6417619866178055,47.2228431250522],[-1.642497824174811,47.22260098102577],[-1.6446295873986323,47.22344246697999],[-1.646120552846795,47.22359999623055],[-1.6469136267506705,47.22236720517386],[-1.6454341386411748,47.22164733394186],[-1.6461553699672744,47.22159092516103],[-1.6463340947860285,47.22105453715402],[-1.6473144766582906,47.220625540950714],[-1.6485449323348955,47.221339623506886],[-1.6498293571292628,47.22131939113418],[-1.6492595140968946,47.22180190108803],[-1.6496892298010197,47.2222554092258],[-1.6504094814620927,47.22222883882901],[-1.6512231494653435,47.221535534678715],[-1.6513888062461295,47.222344802726894],[-1.652273459856945,47.22249812676792],[-1.6526342309355107,47.22124340585328],[-1.651741120276556,47.22098763841234],[-1.6512043628072632,47.22142366598802],[-1.6504532437700827,47.221024797858014],[-1.6523952070211947,47.220882763024846]],[[-1.6379394480224272,47.238220360546016],[-1.6383242783803373,47.23738432774296],[-1.6375956096640472,47.23708431832676],[-1.636702787934992,47.23728700510148],[-1.6368780141567538,47.238167913808766],[-1.6379394480224272,47.238220360546016]],[[-1.633663734668052,47.19779745321649],[-1.635736454128964,47.19783431629893],[-1.6357317153652997,47.19714817422914],[-1.633795480127001,47.196955478167816],[-1.633663734668052,47.19779745321649]],[[-1.6408302323860597,47.25025639471827],[-1.6394937550882756,47.25025665350098],[-1.6382844990976042,47.251428953051],[-1.6384926381587157,47.25202096820631],[-1.639266066563095,47.25206654323064],[-1.6410516133760278,47.25097750720969],[-1.6408302323860597,47.25025639471827]],[[-1.6387845303375939,47.224003917907204],[-1.6383197279446116,47.223552338544565],[-1.6369950682845154,47.2235375720592],[-1.6363456378275592,47.224494807406906],[-1.6368559445645487,47.2248126573521],[-1.638367475557709,47.22470022232014],[-1.6387845303375939,47.224003917907204]],[[-1.6389143227099368,47.2099635847821],[-1.637438245675764,47.2083626847053],[-1.6367512358762997,47.20843507573732],[-1.6356046896950613,47.20939673784684],[-1.6356296866591165,47.21014397822756],[-1.6373807385861063,47.211264072977144],[-1.638107023431747,47.21112517948372],[-1.6389143227099368,47.2099635847821]],[[-1.6361075096799158,47.20350437464406],[-1.635110746688442,47.203608825632955],[-1.635338858288632,47.20429034809127],[-1.6362852998152686,47.20412796758347],[-1.6361075096799158,47.20350437464406]],[[-1.6401867966741759,47.24243869424421],[-1.6409860329414538,47.24123332461767],[-1.6394457933135351,47.240814807262055],[-1.6383881899080437,47.24215197391731],[-1.639411612071511,47.24264770141085],[-1.6401867966741759,47.24243869424421]],[[-1.6402231927215314,47.23620226681317],[-1.641002777073186,47.23468942794574],[-1.6399895479019257,47.23421292621231],[-1.638488939843702,47.23566851798206],[-1.6402231927215314,47.23620226681317]],[[-1.636311071011028,47.19819968946347],[-1.635719806387057,47.19880221451637],[-1.6367496042853897,47.199114599896625],[-1.6372571696652778,47.19844631122679],[-1.636311071011028,47.19819968946347]],[[-1.644796749061942,47.262746089168516],[-1.645370769705625,47.26244410068125],[-1.6452319836510416,47.26189846029161],[-1.6428236809329022,47.26107508520162],[-1.642125282007481,47.2611984227694],[-1.6415557018751257,47.26217352281841],[-1.6417991604969377,47.262599494797584],[-1.6424853870859033,47.262667102839856],[-1.6431867261477573,47.262241860136584],[-1.644796749061942,47.262746089168516]],[[-1.6400679455793217,47.23740217131033],[-1.6403158278837389,47.23811376597281],[-1.6413193590635768,47.23783556504512],[-1.6410073414703628,47.237152334853306],[-1.6400679455793217,47.23740217131033]],[[-1.6444075874356683,47.25997982550328],[-1.6440144375722212,47.25921434273549],[-1.6424564827367627,47.25976400270085],[-1.6433321565913679,47.26086137720982],[-1.6439690902186213,47.26069593460325],[-1.6444075874356683,47.25997982550328]],[[-1.641401501381551,47.19453975117735],[-1.642655636983668,47.19350683364854],[-1.6420143608687905,47.19302547778307],[-1.638394358897823,47.19337753953953],[-1.6378936032176987,47.19377531301109],[-1.6383479777288399,47.19430427330344],[-1.6408223204464958,47.19420750599258],[-1.641401501381551,47.19453975117735]],[[-1.647770178554848,47.25917160273534],[-1.6464048534739641,47.25825520177119],[-1.645014735149093,47.25856517448528],[-1.6450831449971743,47.259058218046704],[-1.6464710404638636,47.259904157676424],[-1.647503582695152,47.25980777546793],[-1.647770178554848,47.25917160273534]],[[-1.6476185916486488,47.25732714677634],[-1.6480534724755604,47.256708673054014],[-1.6467778323871656,47.25601076228546],[-1.644999383076521,47.25632698451508],[-1.6455336067383093,47.2575871687455],[-1.6476185916486488,47.25732714677634]],[[-1.6467226849000578,47.26144820897839],[-1.6486702249147691,47.26134743593901],[-1.6490181328172224,47.2609102803935],[-1.6473474649900472,47.26021617588707],[-1.6463962896078033,47.26107732126287],[-1.6467226849000578,47.26144820897839]],[[-1.649780140021451,47.263368887017805],[-1.6495964269776733,47.26214448558565],[-1.6480062289719921,47.261845626724224],[-1.6471193669674689,47.26225504331462],[-1.6478657310295919,47.263111914313356],[-1.6490954430361076,47.26350256034751],[-1.649780140021451,47.263368887017805]],[[-1.6505105783444491,47.258339292843445],[-1.651074649029767,47.25792375835983],[-1.6506682106710895,47.257470358985586],[-1.6486555874281192,47.25730228276541],[-1.6480493518526618,47.25761710537252],[-1.6484770073437516,47.25830289880956],[-1.6505105783444491,47.258339292843445]],[[-1.654110271448193,47.2611156161304],[-1.6547556564963048,47.25889071104946],[-1.6532770829269756,47.25832965416792],[-1.652488499864787,47.258908977011],[-1.6535939005007279,47.259382677483295],[-1.6525694316024246,47.260307608347105],[-1.6523575488975384,47.25959206978356],[-1.651666125497275,47.259348073239536],[-1.650044471808691,47.25959450920864],[-1.6495151967842452,47.26021398217471],[-1.650379128464005,47.26085095939701],[-1.6529292475514343,47.26118638821712],[-1.654110271448193,47.2611156161304]],[[-1.648960060935554,47.23380378904125],[-1.6476562560534425,47.23396750623413],[-1.6472890560261815,47.23453789044272],[-1.6487858428430333,47.235278531409385],[-1.6497775682185776,47.23447544244117],[-1.648960060935554,47.23380378904125]],[[-1.6489368722271243,47.22445442981655],[-1.6487062327631186,47.22395042565261],[-1.647656371913401,47.223742058348634],[-1.6466765065641202,47.22417688540765],[-1.648063925368825,47.225075349204246],[-1.6489368722271243,47.22445442981655]],[[-1.654336190972787,47.28305960104066],[-1.6541878002079806,47.28253478679622],[-1.6531888164407955,47.28237510093621],[-1.6519136933619103,47.28398476533956],[-1.6530074037173657,47.28423534452495],[-1.654336190972787,47.28305960104066]],[[-1.6479957782580048,47.217755768684555],[-1.648000411385863,47.217010926605425],[-1.6464449852366563,47.216983705888524],[-1.6465298207757402,47.217847062005774],[-1.6474111903077637,47.21805368412322],[-1.6479957782580048,47.217755768684555]],[[-1.6531247708170846,47.23124967300183],[-1.6528163978795554,47.230557505640874],[-1.650950890272367,47.2307739259351],[-1.6497186573144076,47.23131908194179],[-1.6498559723824087,47.232030067578066],[-1.6487160021431595,47.23213018900848],[-1.6485059847290444,47.23286919682077],[-1.6497937232872928,47.23333201379037],[-1.6504899318709925,47.23275400533064],[-1.650391846648176,47.232215651512206],[-1.6525295821606756,47.23260197733769],[-1.6528832136101523,47.2322005916708],[-1.6525312426285097,47.23179523666955],[-1.6531247708170846,47.23124967300183]],[[-1.6510747062106832,47.25833452684449],[-1.6518299905895824,47.258921486413456],[-1.6525699842811366,47.25815937475754],[-1.651799100598202,47.257783354011245],[-1.6510747062106832,47.25833452684449]],[[-1.6498418959964027,47.22312849907644],[-1.6496944318217188,47.222596754470494],[-1.648875769111226,47.222487475256656],[-1.6483242640834928,47.22354450155523],[-1.6492006196360174,47.22377902844414],[-1.6498418959964027,47.22312849907644]],[[-1.6491915617460056,47.21336677776425],[-1.6483907838752352,47.21288159609164],[-1.6477052785843476,47.213328709299496],[-1.6485215132115756,47.21391912655497],[-1.6491915617460056,47.21336677776425]],[[-1.649271663222909,47.21079707398435],[-1.6481722032516268,47.21049227945247],[-1.647678463190425,47.21102326759721],[-1.6486977875270667,47.21162328538902],[-1.6493984856881725,47.21130676269014],[-1.649271663222909,47.21079707398435]],[[-1.6512720934065872,47.2352591709157],[-1.6509917827749,47.23461060315043],[-1.6498632557101371,47.23482028048309],[-1.6503697000288564,47.235532522294726],[-1.6512720934065872,47.2352591709157]],[[-1.6485461566868933,47.20780147091695],[-1.6477447105599334,47.20816935068328],[-1.648265558118797,47.20870784695051],[-1.6491474781436628,47.2083554287283],[-1.6485461566868933,47.20780147091695]],[[-1.6522894382895899,47.228740034213864],[-1.6511565543351783,47.22875315883103],[-1.6506230072027452,47.22959985240443],[-1.650947298268153,47.23017632776064],[-1.6518729376210968,47.230049025258744],[-1.6522894382895899,47.228740034213864]],[[-1.6513468092965264,47.21155818058749],[-1.649698331922053,47.21139969499204],[-1.6498004551924728,47.21227340967754],[-1.6512051849018725,47.21214292972911],[-1.6513468092965264,47.21155818058749]],[[-1.6496397615613985,47.19507214289002],[-1.6501457533192632,47.194510667757044],[-1.6492761910942715,47.19417246098565],[-1.6488051359247586,47.19475388424011],[-1.6496397615613985,47.19507214289002]],[[-1.657339219300154,47.23496187405216],[-1.657037829608296,47.23358395950369],[-1.6543454475725063,47.232381006794526],[-1.653587102627054,47.232427559131786],[-1.6523358677911921,47.233318906290066],[-1.6526221653634168,47.23447585144758],[-1.6540892241953216,47.23462645343701],[-1.6559346702214042,47.23539816695617],[-1.657339219300154,47.23496187405216]],[[-1.653751199429407,47.21190757024326],[-1.6536060848865288,47.21046847531781],[-1.651572589852623,47.2096901284314],[-1.650566140480531,47.20991355714553],[-1.6509119111482153,47.21074548524935],[-1.651787803584251,47.210882904229024],[-1.652807194293285,47.21205923916061],[-1.653751199429407,47.21190757024326]],[[-1.6534630769755534,47.228070113750704],[-1.6530777424138983,47.22748217980053],[-1.6521513044648484,47.22774521941662],[-1.6525578585418235,47.22832743887095],[-1.6534630769755534,47.228070113750704]],[[-1.6573091060507261,47.26229923966363],[-1.6572274951794672,47.2603853940695],[-1.6557663739831652,47.260341373993526],[-1.6554393740059807,47.26140153171923],[-1.655932097992202,47.26220284713454],[-1.6573091060507261,47.26229923966363]],[[-1.6538149310732086,47.230220399503885],[-1.6551256642946377,47.229286995956485],[-1.6541741937628485,47.22886194194988],[-1.6531195460285766,47.22985831535877],[-1.6538149310732086,47.230220399503885]],[[-1.6533117592773172,47.22133314139508],[-1.654184742156588,47.22109707594342],[-1.653853183018184,47.22050646767938],[-1.6529724956217378,47.22072754840374],[-1.6533117592773172,47.22133314139508]],[[-1.6550520364353507,47.230644369071214],[-1.6542105233973032,47.23173590059247],[-1.6552932861235035,47.23204783556469],[-1.65579735113501,47.23090483038448],[-1.6550520364353507,47.230644369071214]],[[-1.6599309922821575,47.25880287598388],[-1.6583514845288276,47.25802244581414],[-1.6574145689051023,47.258347456557104],[-1.6568289739923576,47.2592559985605],[-1.6571026815640169,47.25991202894802],[-1.6587383330251149,47.26004102434209],[-1.6599309922821575,47.25880287598388]],[[-1.6574712357099939,47.2369975885897],[-1.6566785140968523,47.237120998546025],[-1.6559421072506135,47.236546793027145],[-1.6552525543293637,47.236981123752024],[-1.6556897580370347,47.237438732361234],[-1.6565424351311138,47.23731828421494],[-1.6566788578301581,47.237930873998856],[-1.6575454587362894,47.23820498707805],[-1.6582382776685909,47.237521062550215],[-1.6574712357099939,47.2369975885897]],[[-1.655592081732535,47.21289328379203],[-1.6570169384436348,47.21221440687364],[-1.656636237068101,47.21165112773759],[-1.6543054652854152,47.21191818877017],[-1.6545776826861354,47.21267767879648],[-1.655592081732535,47.21289328379203]],[[-1.659668854034863,47.23297947716329],[-1.6583930345571545,47.232258749262485],[-1.6585230242200506,47.23160575050859],[-1.6578431719081839,47.23140967126435],[-1.6566599457067979,47.23281503278445],[-1.6573996119829353,47.23357573291292],[-1.6587248809578956,47.23389544358175],[-1.659668854034863,47.23297947716329]],[[-1.6600302550353672,47.25737060030979],[-1.6593416718224485,47.25786789339604],[-1.6601270799568226,47.25840075825051],[-1.6608914300009032,47.257773323841434],[-1.6600302550353672,47.25737060030979]],[[-1.6622168855545785,47.24072959813127],[-1.6630691897688792,47.240494823386726],[-1.663260509990335,47.23928041478268],[-1.6611956272530481,47.238468187273796],[-1.6600982275277611,47.2392099834167],[-1.6605808768332746,47.238370652673844],[-1.659728255532433,47.23781886423917],[-1.6581043628465755,47.238113348940885],[-1.6585347794019363,47.239541853932124],[-1.6622168855545785,47.24072959813127]],[[-1.6591395877457804,47.21108216529372],[-1.6591574398658933,47.210576586497794],[-1.6584643910781587,47.21033725391871],[-1.6570962555972821,47.21085860691341],[-1.6573706649532596,47.21130730449877],[-1.658384823638395,47.21148999998933],[-1.6591395877457804,47.21108216529372]],[[-1.6612601320666855,47.23490979974262],[-1.6615564779291643,47.23377515890174],[-1.6606289371711591,47.2335458457865],[-1.659212634220772,47.23486852150745],[-1.660907861039304,47.236459655805156],[-1.661676465242248,47.23609291749711],[-1.6617912935676313,47.235275513727025],[-1.6612601320666855,47.23490979974262]],[[-1.6602045302877042,47.20732308643486],[-1.6594761243698821,47.206868695640615],[-1.65881742381448,47.207430402137206],[-1.6596115199514727,47.20789024035992],[-1.6602045302877042,47.20732308643486]],[[-1.6629996639415232,47.236921662052225],[-1.6634493693040415,47.236082327896476],[-1.6626399505059923,47.23572689180128],[-1.6616813888081294,47.23630022251309],[-1.6614899447384655,47.23695106690952],[-1.662160052441078,47.23729579141866],[-1.6629996639415232,47.236921662052225]],[[-1.6654746619553522,47.237375905615544],[-1.6650158540308477,47.23622991112522],[-1.6639985989741326,47.23617695536047],[-1.663081807580105,47.23726731544547],[-1.6622751508867863,47.23753239467899],[-1.6622736613187303,47.2380063631006],[-1.664352784623016,47.23886866325357],[-1.6651204637991206,47.238802587066246],[-1.665446716602499,47.2382975800057],[-1.6648155324666396,47.237884293112835],[-1.6654746619553522,47.237375905615544]],[[-1.663615224269881,47.23494047623478],[-1.6628426686262427,47.23430634957754],[-1.6620618290985276,47.23473045582984],[-1.6628196543217582,47.23534686264235],[-1.663615224269881,47.23494047623478]],[[-1.6620203166507055,47.21245161816132],[-1.661400657184452,47.2126180476133],[-1.66116063346439,47.213232055603775],[-1.6617345660600853,47.21373805618071],[-1.6628187849068468,47.212969721154565],[-1.6620203166507055,47.21245161816132]],[[-1.6647040908670168,47.241366239414454],[-1.665393121446626,47.241229413596834],[-1.6656065432895977,47.24060641530454],[-1.664290146810904,47.239940921362496],[-1.6637132389380747,47.240297251737665],[-1.6637912713083272,47.24093770914252],[-1.6647040908670168,47.241366239414454]],[[-1.6633235491582898,47.20517150946441],[-1.6625029279794512,47.20492593710557],[-1.6615768798736597,47.2053395540657],[-1.66134891822845,47.206441868876446],[-1.6620913867624505,47.2069386162172],[-1.6639802852053784,47.20670833637886],[-1.6641103415482839,47.2060422948814],[-1.6633235491582898,47.20517150946441]],[[-1.6635649365755485,47.20809998300261],[-1.663203913619323,47.20759779601399],[-1.6622956439646677,47.20759881126469],[-1.6617406190333461,47.208446301455545],[-1.6625484124528336,47.208764237756135],[-1.6635649365755485,47.20809998300261]],[[-1.6696305207742548,47.2609706031828],[-1.6682422570235296,47.26074715377696],[-1.667256680356237,47.261051757007436],[-1.6671129266835742,47.261502465342325],[-1.6678412647286815,47.26198904635953],[-1.6695804523879865,47.26189622833918],[-1.670077171216776,47.26141675124081],[-1.6696305207742548,47.2609706031828]],[[-1.6663332512401465,47.23471642948183],[-1.6671881963692479,47.234379349648094],[-1.6666056097677082,47.23374683690901],[-1.6655950214458517,47.23413049635659],[-1.6663332512401465,47.23471642948183]],[[-1.6678697031231142,47.239891401408734],[-1.6681606597172822,47.23911181069715],[-1.6669678137146793,47.23888299283331],[-1.6663339812798232,47.239895079563816],[-1.667163726583642,47.24025922009845],[-1.6678697031231142,47.239891401408734]],[[-1.668703936701313,47.23536357102841],[-1.6682895905415893,47.23493034411219],[-1.666895477323428,47.23485124545192],[-1.6661783848059597,47.23529665047746],[-1.6665194924041713,47.23570657000645],[-1.6680656474637903,47.23593581489955],[-1.668703936701313,47.23536357102841]],[[-1.668524053640153,47.23806721702632],[-1.6682672853278266,47.237282777327074],[-1.667187106692125,47.23766484122897],[-1.6676316075834567,47.23830692905849],[-1.668524053640153,47.23806721702632]],[[-1.6694620884195117,47.241127011864634],[-1.6694501565626678,47.24045268865314],[-1.6683248533537287,47.240461229399756],[-1.6684061985523804,47.24109738774222],[-1.6694620884195117,47.241127011864634]],[[-1.6716215093959348,47.261795955840356],[-1.6707181386575296,47.26123735762448],[-1.6700379748175325,47.26202699988429],[-1.671098311017735,47.262354650241356],[-1.6716215093959348,47.261795955840356]],[[-1.6687862335997328,47.24333207173835],[-1.669180741252629,47.24401114746849],[-1.670084694134631,47.24385484796715],[-1.6697349757562734,47.24312422145963],[-1.6687862335997328,47.24333207173835]],[[-1.67077483756396,47.239377701602166],[-1.6690662735750958,47.23865634134044],[-1.6685785202745846,47.23933167329012],[-1.6700587588408078,47.24004673111255],[-1.67077483756396,47.239377701602166]],[[-1.6735635340498716,47.26456866311067],[-1.6731910728561872,47.26263308222301],[-1.6726178470039526,47.26218497758333],[-1.6717077312773798,47.26219858099653],[-1.6713664800935075,47.26260498787131],[-1.6717250825365886,47.264500879014314],[-1.6729550118669412,47.264971811585],[-1.6735635340498716,47.26456866311067]],[[-1.67158758442918,47.23781303546463],[-1.6710243498173638,47.237302084003815],[-1.6702434776815884,47.23769172800407],[-1.6708183623008022,47.238220544815135],[-1.67158758442918,47.23781303546463]],[[-1.6726850820392896,47.24070189647868],[-1.6723855081232286,47.2396881485234],[-1.6717112762894966,47.23974271183952],[-1.6716179817272094,47.24063378012681],[-1.6726850820392896,47.24070189647868]],[[-1.671580170105856,47.198561632138045],[-1.6702196404482925,47.198472539329124],[-1.6703224977464817,47.19963372743199],[-1.6714022143269442,47.19957872713404],[-1.6718819605330686,47.198998779753104],[-1.671580170105856,47.198561632138045]],[[-1.6757370881946065,47.24383352930065],[-1.6749006684131225,47.243327774454315],[-1.6742022499611098,47.243742346557646],[-1.674895935677957,47.244361271549934],[-1.6757370881946065,47.24383352930065]],[[-1.6760820462964359,47.24901459933004],[-1.6752040819017824,47.248810882129014],[-1.6748863605184137,47.24943041049955],[-1.6758042006990157,47.2496309682033],[-1.6760820462964359,47.24901459933004]],[[-1.6757233360073627,47.24541929845312],[-1.6746678612182069,47.24543564858421],[-1.674862667045798,47.246153771143504],[-1.6758420759140986,47.24605972301128],[-1.6757233360073627,47.24541929845312]],[[-1.678583485449875,47.26616356811655],[-1.6769942588975888,47.26559280500139],[-1.676666861775461,47.2662733209515],[-1.6782351715951773,47.26668271960026],[-1.678583485449875,47.26616356811655]],[[-1.6777833143220353,47.24542923603119],[-1.6767487125728864,47.24517966544691],[-1.676171992874884,47.24548862683677],[-1.6762464342544523,47.246757098177426],[-1.676818005497282,47.247316646271244],[-1.6785646458457026,47.247335572853245],[-1.679453127018431,47.24655190973838],[-1.6798673066631604,47.24551338454204],[-1.6793711903129396,47.24459301040615],[-1.6783886142433002,47.244537227714],[-1.6777833143220353,47.24542923603119]],[[-1.6741301138490152,47.19985697070995],[-1.6743841625792804,47.19832437653816],[-1.673422270345855,47.19791216504029],[-1.672436272241014,47.198204491285196],[-1.672821723515686,47.19879194957978],[-1.6725268186406066,47.19950691738185],[-1.673323749413312,47.19998557028678],[-1.6741301138490152,47.19985697070995]],[[-1.6776267809659298,47.249024458412215],[-1.6792082649597424,47.248639402684304],[-1.6789656120063774,47.24817069056819],[-1.6775544382237293,47.248393207800945],[-1.6776267809659298,47.249024458412215]],[[-1.678633890110561,47.23987544139677],[-1.677692690222045,47.239571976190234],[-1.6773644691134189,47.240293515199845],[-1.678317696945627,47.24050139403167],[-1.678633890110561,47.23987544139677]],[[-1.6763940947248752,47.222228150071714],[-1.676594719560586,47.222853500593],[-1.677537885817791,47.22271887320867],[-1.6773146147348679,47.22207275769709],[-1.6763940947248752,47.222228150071714]],[[-1.6783591035462697,47.224386181813834],[-1.6780785163805003,47.22376417059053],[-1.6771759231436856,47.223964807233045],[-1.6774595087581274,47.224616473191304],[-1.6783591035462697,47.224386181813834]],[[-1.6761763716083056,47.20033390265816],[-1.6767890820427818,47.200139706101105],[-1.6768306249793488,47.19968003717734],[-1.675473782264725,47.19934733117181],[-1.6751554425078206,47.200049299346716],[-1.6761763716083056,47.20033390265816]],[[-1.6775541981360915,47.20129108260275],[-1.6764744108444105,47.20103770877713],[-1.676037293407058,47.20160673439259],[-1.6772337470085006,47.201985031091304],[-1.6775541981360915,47.20129108260275]],[[-1.6829558589620015,47.26683347037319],[-1.6836518257614523,47.265663398376496],[-1.6823546638912912,47.26544292317118],[-1.6821153597081935,47.26663424147546],[-1.6829558589620015,47.26683347037319]],[[-1.6804593339994855,47.24718486675035],[-1.6808720384619649,47.24780264623447],[-1.6818973941634412,47.24748623350884],[-1.681320590143459,47.2468582681629],[-1.6804593339994855,47.24718486675035]],[[-1.682259122415306,47.20381256299697],[-1.6818830260630564,47.20250628530547],[-1.6805902785032356,47.202015609158146],[-1.678143997070326,47.202452970433136],[-1.6771906304414705,47.20380163864784],[-1.6783952731971112,47.20473175581615],[-1.6824613013391871,47.2047435010816],[-1.6831054481986083,47.20421995427641],[-1.682259122415306,47.20381256299697]],[[-1.6793572714160705,47.21346468488777],[-1.6788860948349384,47.21401625469451],[-1.6797112561066567,47.21434886719366],[-1.6801863617206112,47.21377654340242],[-1.6793572714160705,47.21346468488777]],[[-1.6837165681630157,47.24724176787659],[-1.684619235426757,47.24488015359334],[-1.68295628141324,47.24441258423691],[-1.6819503079610956,47.2467335390166],[-1.6837165681630157,47.24724176787659]],[[-1.682511192461508,47.218686531450516],[-1.6815486697614936,47.21861326280313],[-1.6815114772011335,47.219282337311554],[-1.6824504594759049,47.219328056953266],[-1.682511192461508,47.218686531450516]],[[-1.6822521341295116,47.21432420891843],[-1.6814216039748018,47.215609195598745],[-1.6823794323601973,47.215974727499486],[-1.6832127255116378,47.214618219853854],[-1.6822521341295116,47.21432420891843]],[[-1.6818588145270381,47.21234329261233],[-1.681518881281921,47.212945379799635],[-1.6824746688336931,47.213182482538514],[-1.6827868969030138,47.21252360093271],[-1.6818588145270381,47.21234329261233]],[[-1.685987099153448,47.215222037199545],[-1.6854959116928103,47.21479769772574],[-1.6841663224643466,47.21490733888605],[-1.6833081497637081,47.21572828402967],[-1.6849774971554043,47.21654784110177],[-1.6858136033110431,47.2161647603967],[-1.685987099153448,47.215222037199545]],[[-1.6841172709060455,47.206737846862374],[-1.686047646959575,47.207520319799585],[-1.6866692443702942,47.20641630895343],[-1.6860077691350388,47.20598144487902],[-1.6846606990743993,47.20599396136138],[-1.6841172709060455,47.206737846862374]],[[-1.687623316890379,47.205773205514625],[-1.6862571858106903,47.204434661245784],[-1.6850984156834692,47.20453350268061],[-1.6853789072918992,47.20550686924502],[-1.6868486604235668,47.2061286207224],[-1.687623316890379,47.205773205514625]],[[-1.6877557365282085,47.204752732471846],[-1.6877409333480047,47.20410812365344],[-1.6867909702183144,47.20413483575207],[-1.6868088977265137,47.20474810005483],[-1.6877557365282085,47.204752732471846]],[[-1.6893895354643083,47.22036007796326],[-1.6897029360346196,47.219666447206684],[-1.6883824472777942,47.21950848372027],[-1.6882530362385422,47.2203292517491],[-1.6893895354643083,47.22036007796326]],[[-1.6898515243266015,47.215415926171],[-1.6896528978347707,47.21475743952654],[-1.6886214303738833,47.214906073203196],[-1.6888434842892468,47.21570860473548],[-1.6898515243266015,47.215415926171]],[[-1.6922147956684699,47.214195697928595],[-1.6911895202470493,47.21472106057973],[-1.691497535392529,47.215184992969434],[-1.692324843427648,47.215332409676684],[-1.6931638486275657,47.21460274953742],[-1.6922147956684699,47.214195697928595]],[[-1.6950433207753721,47.20737969566183],[-1.6952994110351296,47.206493933234505],[-1.693653680734315,47.20490701335088],[-1.6909648457425663,47.20526706964782],[-1.691074456953783,47.206307662944724],[-1.6920469128203919,47.20703939597724],[-1.69215328275694,47.20770087184712],[-1.6939531195280246,47.20789075832837],[-1.6950433207753721,47.20737969566183]],[[-1.6940244047036812,47.21421390178236],[-1.6943887232422479,47.21359807748887],[-1.693549517760147,47.21329985023663],[-1.6930814959010636,47.213967841078166],[-1.6940244047036812,47.21421390178236]],[[-1.7013241446131318,47.22600862762344],[-1.70206247376013,47.22542754203723],[-1.6995449501685,47.222301475414625],[-1.6993543717860968,47.22103045834211],[-1.698639479114528,47.22095885767852],[-1.695211490642584,47.222348025069856],[-1.6949333689202601,47.2235834081046],[-1.6959422393997527,47.22451729192919],[-1.699139386780681,47.225750829093634],[-1.7013241446131318,47.22600862762344]],[[-1.6955001346684724,47.21875114024852],[-1.6965575571722893,47.21845644463935],[-1.6962695829310537,47.217766924379966],[-1.6949968942548466,47.21791274050158],[-1.6955001346684724,47.21875114024852]],[[-1.6976979346611025,47.23904946187034],[-1.698770934780291,47.238880127684084],[-1.6984288840757822,47.23785548644854],[-1.6974457262605613,47.23815616988337],[-1.6976979346611025,47.23904946187034]],[[-1.7042272869055846,47.20796985188524],[-1.701793949118656,47.20726924688573],[-1.7010736445909898,47.207429535894065],[-1.7008793205933799,47.20792229627568],[-1.7012245570813664,47.20832240387242],[-1.7034434082183905,47.208793657736464],[-1.704281388707072,47.208506783243756],[-1.7042272869055846,47.20796985188524]],[[-1.7071206239910501,47.20856345793789],[-1.7052035763985873,47.20819927234158],[-1.7044333635555564,47.208981120256446],[-1.7056299642110593,47.20951248566607],[-1.7068860691466552,47.209358128473774],[-1.7073586232163476,47.209031189546366],[-1.7071206239910501,47.20856345793789]],[[-1.7062063539563566,47.213186511688875],[-1.7061798424850558,47.21242334755448],[-1.7050845559450558,47.21245748859583],[-1.705215753239462,47.21325510382667],[-1.7062063539563566,47.213186511688875]],[[-1.7094076228833468,47.20833273561503],[-1.7083722058066928,47.20834357621214],[-1.7083956692095876,47.20920155738505],[-1.7097194189747298,47.20920879737762],[-1.7098913233061712,47.2086810287765],[-1.7094076228833468,47.20833273561503]],[[-1.7171607663610235,47.28269264793368],[-1.7167195971976257,47.28233502521822],[-1.7160283973953079,47.282397192386384],[-1.7158718813391718,47.283291699343486],[-1.7169147216637166,47.28351257034297],[-1.7171607663610235,47.28269264793368]],[[-1.7126910065744514,47.21441171616566],[-1.7140957913788408,47.21369603468755],[-1.7136993821597317,47.21331697663023],[-1.7119732466640345,47.213654018347235],[-1.7126910065744514,47.21441171616566]],[[-1.7151365259045512,47.209966917597356],[-1.7152419522149291,47.20885057936795],[-1.7143574539232518,47.20874845146013],[-1.712867873257057,47.209297328670026],[-1.7126330479252796,47.209910933437776],[-1.7140993736040906,47.21031384990115],[-1.7151365259045512,47.209966917597356]],[[-1.71931860462549,47.215265900280954],[-1.7191199282220335,47.21462436483415],[-1.7179158919948978,47.21439592585749],[-1.7174489987643164,47.21385671256848],[-1.7166823038394605,47.21401411936307],[-1.7167696141437259,47.21497937855225],[-1.7185282333724712,47.21558473935711],[-1.71931860462549,47.215265900280954]],[[-1.7191463044954172,47.209351343982384],[-1.7194219750168307,47.208922417354394],[-1.71892637460509,47.20854574975469],[-1.717819031508397,47.20855592415517],[-1.7171878133951044,47.20908264590441],[-1.7176866052047308,47.209612977289375],[-1.7191463044954172,47.209351343982384]],[[-1.7260202139123575,47.226816021567046],[-1.7266930257937751,47.226461436635],[-1.726391578585532,47.225851438532544],[-1.7243095282652368,47.226033659002134],[-1.7238298301249309,47.22546501014856],[-1.7229250787900783,47.22547704035864],[-1.7222674755308311,47.22620187292498],[-1.7227874700620829,47.22675220427666],[-1.7222410753437696,47.22799113001687],[-1.723006605950465,47.228244214398565],[-1.7247448367334086,47.22757468517998],[-1.7245500290341764,47.227024427695056],[-1.7231899258916998,47.22673770015696],[-1.7260202139123575,47.226816021567046]],[[-1.7242977475365857,47.21548829349107],[-1.7231014950491321,47.215366952537316],[-1.7227650757089155,47.215952441828925],[-1.7241595138282586,47.21626912997157],[-1.7245665187058268,47.21589450670486],[-1.7242977475365857,47.21548829349107]],[[-1.7240696487793779,47.21349646381325],[-1.7231700856307106,47.213153713774425],[-1.722666519646257,47.213755065452865],[-1.723614032255196,47.214097217300704],[-1.7240696487793779,47.21349646381325]],[[-1.7261092334671952,47.21036643178861],[-1.7243639117431526,47.21013478344619],[-1.7236534992923023,47.210756406147375],[-1.7254980859981335,47.211132210874126],[-1.7261767326871544,47.210853368917334],[-1.7261092334671952,47.21036643178861]],[[-1.7314749964889995,47.21031659409691],[-1.7299392201044619,47.20961254501657],[-1.7281546032199195,47.209553895565776],[-1.7269706072590405,47.210128578749355],[-1.7260572678000454,47.21131659471757],[-1.724651777209846,47.211588093546446],[-1.7244959773492574,47.212138294093315],[-1.7263931795940897,47.21248380972183],[-1.7269001493153373,47.211945937193654],[-1.7280310166400716,47.2117425395665],[-1.7282787096186762,47.211195383618346],[-1.7289545472553796,47.21164002444322],[-1.7297086049296493,47.2112034789909],[-1.7313362280490436,47.21120664241924],[-1.7317747633201805,47.21084538944717],[-1.7314749964889995,47.21031659409691]],[[-1.7293998122597043,47.2496990218692],[-1.728483060630576,47.249925617209385],[-1.728760130067422,47.25053835660303],[-1.7297060644071702,47.25030979199416],[-1.7293998122597043,47.2496990218692]],[[-1.7280376078629545,47.219634626391816],[-1.727199808105252,47.21922595046311],[-1.7263244278262493,47.219988816503715],[-1.7272892422076862,47.220464432290065],[-1.7280376078629545,47.219634626391816]],[[-1.7295549493272238,47.21593548741867],[-1.7290489233661281,47.215569849106174],[-1.7283373325860343,47.215715433301966],[-1.7283533352961844,47.21675987999804],[-1.729469588260769,47.21677073919444],[-1.7295549493272238,47.21593548741867]],[[-1.7331960126063046,47.21668469219744],[-1.7323239486124884,47.21644922824812],[-1.7319683720938912,47.21706022854359],[-1.732866244442716,47.217294264073985],[-1.7331960126063046,47.21668469219744]],[[-1.7352130642502575,47.21888208784058],[-1.734478117620443,47.21841562447918],[-1.7337598380226418,47.21899020525413],[-1.7346202422910169,47.219383736763156],[-1.7352130642502575,47.21888208784058]],[[-1.7428371071797983,47.21347997999841],[-1.7419164812357348,47.21361450402115],[-1.7421275852190208,47.2142580180572],[-1.7430633392701205,47.21408547616409],[-1.7428371071797983,47.21347997999841]],[[-1.743826909028166,47.21692327512262],[-1.743599210555606,47.2162678459438],[-1.7423491898050536,47.21631753870759],[-1.742707928862701,47.217138224042394],[-1.743826909028166,47.21692327512262]]],[[[-1.6079330976968982,47.19472664171526],[-1.6034600507311818,47.19511461198015],[-1.6036533547845813,47.19450754689151],[-1.6029382403372006,47.1942465840565],[-1.603162201238952,47.19359801994853],[-1.6021580113826677,47.1932829431577],[-1.6077963249849403,47.19363786018125],[-1.6074850090652422,47.19405294248961],[-1.6061848984648606,47.193903494742514],[-1.605807213117285,47.19437832353847],[-1.6063195934712222,47.19478591457034],[-1.6079330976968982,47.19472664171526]]],[[[-1.5880579831183819,47.196127027303746],[-1.5873589550727478,47.19719070821383],[-1.5857416643558313,47.197064950140046],[-1.583180622065667,47.19798312023414],[-1.583122416145202,47.197717854264326],[-1.5880579831183819,47.196127027303746]]],[[[-1.5745767596121143,47.20438447262214],[-1.574650556223526,47.20433365357746],[-1.5743723676183539,47.204997862881704],[-1.5745767596121143,47.20438447262214]]],[[[-1.5728474135513366,47.2084191412322],[-1.5729707106773083,47.2093952897807],[-1.5726574708534304,47.20870596193143],[-1.571500123073293,47.208075626474866],[-1.5728474135513366,47.2084191412322]]],[[[-1.5662206840642285,47.213012941421056],[-1.5649556034477654,47.21328773598476],[-1.564684215218957,47.212871647488626],[-1.565459464758758,47.21262649537167],[-1.5657392103412031,47.21200321833608],[-1.5662206840642285,47.213012941421056]]],[[[-1.5615911796900315,47.217009370364956],[-1.5617307929504198,47.217179433598346],[-1.5612932822707395,47.2171368729031],[-1.5615911796900315,47.217009370364956]]],[[[-1.5629957571014343,47.220836277104446],[-1.5629182952446352,47.22089226773347],[-1.562484616867449,47.22027102061752],[-1.5629957571014343,47.220836277104446]]],[[[-1.5614547811565156,47.21993243907522],[-1.5602438645345373,47.21989406705464],[-1.5600261254842227,47.21963941036888],[-1.560678134595238,47.219832431356515],[-1.5612872603867256,47.21955327064489],[-1.5614547811565156,47.21993243907522]]],[[[-1.561249315696162,47.22151183334663],[-1.5612154390903965,47.22169182344373],[-1.5609466538670445,47.22147720850867],[-1.561249315696162,47.22151183334663]]],[[[-1.5542268151902543,47.22372567887637],[-1.553962555455028,47.2239960698677],[-1.553547061171558,47.22366023903906],[-1.5542268151902543,47.22372567887637]]],[[[-1.553919708511309,47.22494533937863],[-1.5551774930241538,47.22644141120057],[-1.554211284888057,47.22697263016485],[-1.554621757300291,47.225953653744504],[-1.553919708511309,47.22494533937863]]],[[[-1.5487678919989505,47.221696588244406],[-1.5492349116353503,47.22098637578585],[-1.550357848168332,47.221412500440394],[-1.550554994828165,47.22215778368148],[-1.549685179031619,47.22169043714089],[-1.5487678919989505,47.221696588244406]]],[[[-1.551158382318403,47.22288337631556],[-1.5515256187305155,47.222878500292154],[-1.5508194563302733,47.22312721856032],[-1.551158382318403,47.22288337631556]]],[[[-1.5504684959610984,47.2149295302972],[-1.5505147810755788,47.21407750872978],[-1.5539839920600793,47.21291336831508],[-1.5522142041160718,47.21360994733548],[-1.5520242857146462,47.214513680008196],[-1.5504684959610984,47.2149295302972]]],[[[-1.5544253098296974,47.21276037963551],[-1.5547990678754136,47.2122420109313],[-1.5567491061869398,47.21181973903264],[-1.5588845833929867,47.211519391151086],[-1.5576572383029943,47.212450250287624],[-1.556692515217758,47.211884842074454],[-1.5544253098296974,47.21276037963551]]],[[[-1.5584131840260966,47.210667816451156],[-1.558376124209088,47.20942871059978],[-1.5555395139701158,47.208928840961775],[-1.563113144681439,47.20974851480458],[-1.566367410951602,47.20908244035955],[-1.5627539374560762,47.21006617333403],[-1.559196435934035,47.20955792119649],[-1.5584131840260966,47.210667816451156]]],[[[-1.5548551361147878,47.2088652354819],[-1.5502869835274438,47.20859477691848],[-1.5489723697713953,47.209573525315314],[-1.5487288995326995,47.20907282066499],[-1.5480649744249868,47.20895412340028],[-1.5475307494388038,47.209356174422254],[-1.5478557941634195,47.209799429988365],[-1.5465335108002347,47.21042763549612],[-1.5466922726873182,47.21128920834755],[-1.545719128277413,47.21147296442307],[-1.545510816789219,47.211175199422975],[-1.5463765169286152,47.21064835300728],[-1.5461049245204082,47.2100516880149],[-1.5454730598806166,47.2099036964457],[-1.5426088126545021,47.21096854256448],[-1.542542383043447,47.21142988756384],[-1.5434020445661514,47.21215271312354],[-1.5430385802753102,47.212334159637734],[-1.542195625245572,47.211970492093556],[-1.5408387104289059,47.212482678555915],[-1.5401498451412714,47.21229046544128],[-1.5401937799338683,47.211619911331404],[-1.5497858589436948,47.208354478866625],[-1.5548551361147878,47.2088652354819]]],[[[-1.542303783681082,47.215609552146745],[-1.5416192316073323,47.215341852898185],[-1.5410086261297704,47.215487995417966],[-1.5416180946058546,47.215114750861765],[-1.542303783681082,47.215609552146745]]],[[[-1.5452679654129269,47.215095143458996],[-1.5441206925732103,47.21380870676803],[-1.5429806541049398,47.213916023517534],[-1.5423812041170843,47.213449348704444],[-1.5432132200777033,47.21296499124385],[-1.544777564774304,47.21403330677772],[-1.5452679654129269,47.215095143458996]]],[[[-1.5380811210529177,47.21542732270469],[-1.5387464139938443,47.215752709303764],[-1.5387382903782996,47.216134811236586],[-1.5379297667567944,47.215956633487956],[-1.5380811210529177,47.21542732270469]]],[[[-1.528618282742093,47.21404956495902],[-1.5284858123037341,47.21378829174593],[-1.529132962959458,47.213807055560096],[-1.529136480065567,47.213870754042276],[-1.528618282742093,47.21404956495902]]],[[[-1.4481065283958259,47.32747763252635],[-1.4474314354949107,47.32831397769987],[-1.4446133645043957,47.32731573194109],[-1.4445763529865394,47.32695294763325],[-1.4466203881275173,47.32763480114562],[-1.4481065283958259,47.32747763252635]]],[[[-1.4925392804825286,47.26404823386424],[-1.4931504057457339,47.26417079304407],[-1.4939967395443154,47.26508386512649],[-1.4931720666065194,47.26533087712686],[-1.4932373828046097,47.2646555303406],[-1.4925392804825286,47.26404823386424]]],[[[-1.5039284542260367,47.251492686282255],[-1.504196627284848,47.25135319296731],[-1.504428424106433,47.25197916719898],[-1.5039284542260367,47.251492686282255]]],[[[-1.5023142322966532,47.25126178836409],[-1.5018888524768554,47.25056596500805],[-1.5009566972728872,47.25043805707795],[-1.5027223264724827,47.24986591614967],[-1.5031109666154634,47.24994632782724],[-1.5023142322966532,47.25126178836409]]],[[[-1.5078245732654587,47.26046649748649],[-1.5074260886756974,47.26041915863458],[-1.5077501014738965,47.26040528973275],[-1.5078245732654587,47.26046649748649]]],[[[-1.510735158469809,47.264661931846994],[-1.5117643819438948,47.26442337203155],[-1.5121609239244,47.264524032979956],[-1.5110697590999131,47.26507128187894],[-1.510735158469809,47.264661931846994]]],[[[-1.5453124685613104,47.212007484282225],[-1.5455119147932208,47.212281413434745],[-1.545047477802305,47.21243705044236],[-1.5448420510372785,47.21217854209984],[-1.5453124685613104,47.212007484282225]]],[[[-1.5599141064107456,47.211886206331734],[-1.560660914581391,47.21186937246113],[-1.5611313927189663,47.211968377958165],[-1.5615751526436492,47.2123196095144],[-1.5599141064107456,47.211886206331734]]],[[[-1.5619010502556259,47.21236839674802],[-1.5629579710500285,47.21169256186866],[-1.5626110277497056,47.21099733131392],[-1.5640886889252192,47.211409780579245],[-1.563107367035896,47.21232339468365],[-1.5622209883785,47.21261215353383],[-1.5619010502556259,47.21236839674802]]],[[[-1.5540367149838203,47.21412543615387],[-1.553684560105991,47.21414291515185],[-1.5547227645784896,47.213744466910555],[-1.5540367149838203,47.21412543615387]]],[[[-1.5515324361222356,47.220040108347675],[-1.551409165520315,47.219578071158985],[-1.5519033202601944,47.21995576517768],[-1.5515324361222356,47.220040108347675]]],[[[-1.5557931247194172,47.22689919796965],[-1.5559381259523228,47.22671222835637],[-1.556413218576196,47.22720269925274],[-1.5557931247194172,47.22689919796965]]],[[[-1.5494179789181097,47.227386706215],[-1.5497622353187517,47.22735201154452],[-1.5498054112906776,47.22754668385466],[-1.549792442081149,47.22754190620677],[-1.5494179789181097,47.227386706215]]],[[[-1.557769986815416,47.221323002961036],[-1.5587583125078062,47.221640464544954],[-1.5587718007689029,47.221645372023175],[-1.5587250583605439,47.22166450542714],[-1.557769986815416,47.221323002961036]]],[[[-1.626881233698381,47.19441613713897],[-1.6270415237910933,47.19403882831937],[-1.6275084762867034,47.19428139514432],[-1.6274944253832548,47.19428494494862],[-1.626881233698381,47.19441613713897]]],[[[-1.4383011844699067,47.33700982768431],[-1.438657170115325,47.337129479225624],[-1.4382293654775087,47.33729719842769],[-1.4383011844699067,47.33700982768431]]],[[[-1.4412337578823706,47.336365945590224],[-1.4402711356268754,47.33611388246763],[-1.4395141340137358,47.33537072840241],[-1.4412337578823706,47.336365945590224]]],[[[-1.4474979194160456,47.32997836130362],[-1.4459276343358072,47.331147222715465],[-1.4447655942872308,47.33089410737152],[-1.4445024532129824,47.33042582891208],[-1.445389212816577,47.32989105418773],[-1.444291728990137,47.329117828144724],[-1.4467381998318594,47.32949438180356],[-1.4474979194160456,47.32997836130362]]],[[[-1.9039373680395897,47.2692841559934],[-1.9020572874489667,47.27117170053537],[-1.9017819885541942,47.272484726677945],[-1.8996029217538586,47.27517291125631],[-1.8910599500857808,47.27259008656842],[-1.8914468531608406,47.27199822656517],[-1.8909844906291953,47.271581158581505],[-1.8900571980337042,47.27201328511786],[-1.88678480061901,47.27132469101925],[-1.8797228887962831,47.26869430375704],[-1.875024617793558,47.2648937925509],[-1.8675495786968384,47.26002792589541],[-1.8665663842015938,47.258133385899356],[-1.851549033437646,47.25048402346831],[-1.8499794854133276,47.248114030161105],[-1.85117335992669,47.24791596273105],[-1.8525615556626982,47.24630091460578],[-1.8497861835593103,47.24476538833374],[-1.8481322150413804,47.24561260048708],[-1.8425057020201387,47.23784792791422],[-1.8370537237448847,47.231462938757275],[-1.8455636825919786,47.23371743788381],[-1.8479907224012813,47.23395043229882],[-1.8485785802339316,47.23333518718955],[-1.8482417298085387,47.23234938981405],[-1.8475078936192038,47.23227576862896],[-1.846672174648592,47.232823033558404],[-1.8447714260419739,47.23231589518496],[-1.8443689099924556,47.231891268551756],[-1.8459592415174708,47.23039123575839],[-1.8457205569632036,47.22976936358883],[-1.844831384304763,47.22945479487781],[-1.8468285287745618,47.22976645362095],[-1.8474812889290322,47.229447144351255],[-1.8466347074896372,47.22649807784774],[-1.8392026600316105,47.22272886075846],[-1.8374460666070327,47.22253497075145],[-1.8375535328610912,47.22194569373517],[-1.8364701492408957,47.22137758932605],[-1.8338142683158667,47.22203654069618],[-1.833349451217434,47.221847466949164],[-1.8346462277894953,47.22157828840723],[-1.8351325289398706,47.22105699564546],[-1.8339375945181242,47.2201063439462],[-1.8332578793104208,47.22006537480637],[-1.8327325385412443,47.22047050169779],[-1.831575239071925,47.220329612540915],[-1.8303667395537921,47.220921321405825],[-1.8323725081140503,47.22418001338244],[-1.8318278744491074,47.22426822789918],[-1.8298279442598844,47.22134534470993],[-1.8267801118044371,47.221814669926744],[-1.8257711337474245,47.222590724014175],[-1.8250223264240335,47.22217464154942],[-1.8264564796508804,47.22169157344292],[-1.8263319900591468,47.22103616940493],[-1.8250418748558823,47.22084476854451],[-1.82439435784309,47.22148075476813],[-1.8232875179287307,47.221190029289616],[-1.8186583229031799,47.2189061246878],[-1.8184138170373187,47.21815328343458],[-1.8173375196135495,47.21828426222251],[-1.8151251201751704,47.21692970050892],[-1.8119730762403643,47.21589736520497],[-1.8092772515743534,47.214405551135265],[-1.794630857914563,47.21039171114132],[-1.788049677097292,47.20965805604788],[-1.783350920594916,47.2087539857173],[-1.783063746151136,47.20801607543527],[-1.7811511741831314,47.208289468277535],[-1.7762342424917152,47.20746080032695],[-1.77362269891619,47.20653874707994],[-1.7720371580238825,47.20659589708553],[-1.7661006933622396,47.205467961505384],[-1.7654679980281858,47.20472259649674],[-1.7621662298122143,47.20420622362394],[-1.7610330442038675,47.20359497701588],[-1.7599172639558127,47.20392802140518],[-1.7575133002537733,47.20345624134308],[-1.756381638475818,47.20218998440869],[-1.7556082186021482,47.20228408770395],[-1.7554362009483049,47.2028325680066],[-1.7546594066531886,47.202422029118736],[-1.75544284384684,47.20182767625512],[-1.7548523064392576,47.20109759522864],[-1.7539856264536546,47.20150803060713],[-1.7522418075583952,47.201324083085126],[-1.7518487246921852,47.202231431592324],[-1.751066249697845,47.20220593318787],[-1.749194451488109,47.20298627589765],[-1.7457549735158988,47.20332042822663],[-1.7455180863883906,47.20268467764344],[-1.7448720703154483,47.20251995626957],[-1.7438924483999667,47.20343206513299],[-1.7331839839386878,47.20521373796524],[-1.7323839281076856,47.20494899352933],[-1.7279201320890636,47.20593794194683],[-1.7096533683591422,47.205575626467166],[-1.7043314981297062,47.20490829389404],[-1.6989905220682557,47.203691324151265],[-1.6879180906031965,47.1995649553518],[-1.6892344363672103,47.198104614850216],[-1.6892822722057363,47.197413914066594],[-1.6886031273553435,47.19700958604767],[-1.6878880277050416,47.19712147632987],[-1.6870559776241514,47.19802613772831],[-1.6869176265835593,47.19726157208035],[-1.6852402771411368,47.1976184940269],[-1.684763988389159,47.19671478160882],[-1.6831548138733632,47.196422682623066],[-1.6824918423526336,47.19687835080637],[-1.6823230872989394,47.19770718532921],[-1.6847459679599366,47.19862179206747],[-1.6756351504987512,47.195667705074804],[-1.6733034513804141,47.19434922494013],[-1.6717255400987023,47.19434586810401],[-1.6675789250850779,47.192964030299535],[-1.6581369428291581,47.19104841856461],[-1.6562509063150264,47.19119095860344],[-1.6555132060333184,47.190767110475306],[-1.6547331416710653,47.19104814628396],[-1.6504826546067783,47.190394790669835],[-1.6423390090650078,47.19089236165328],[-1.641430617732053,47.190522853618255],[-1.6408028627419007,47.19090621706346],[-1.6376937504816396,47.19127786769687],[-1.6365745440240393,47.19093157305712],[-1.6288372015985706,47.19207817553917],[-1.6230889111187037,47.19212831143155],[-1.6247664940395712,47.19184946504071],[-1.6249761676729941,47.191065860424416],[-1.627490690818479,47.190765094078614],[-1.6275784240235174,47.18909686911045],[-1.6233707180773205,47.18927232629573],[-1.622636653683339,47.190946792171964],[-1.6225928473112263,47.18907853697834],[-1.6208530842688107,47.18898511728147],[-1.6203255011845792,47.1894700814582],[-1.6209739854391485,47.19036306022474],[-1.6205424163833884,47.19100022148577],[-1.6197439288946627,47.19104573335209],[-1.6195202471384214,47.1901458417359],[-1.618448802485516,47.19046624621002],[-1.6185794056584104,47.18933339804059],[-1.6191999926419276,47.18986719447097],[-1.620148061618687,47.189434474323],[-1.6199708977740201,47.1883814516772],[-1.6175211404969891,47.1882443260603],[-1.6168795253323371,47.18739807626462],[-1.6147477690744314,47.187304883581305],[-1.6141294118559617,47.18770633000908],[-1.6144229461201898,47.19048589399996],[-1.615663270019171,47.19079978921513],[-1.6160681848729186,47.19176459258228],[-1.618218529045465,47.1920061413181],[-1.6134031585233604,47.191887368739096],[-1.6018343887688802,47.19105073753826],[-1.6012853382999641,47.190584473816074],[-1.601110568301643,47.18775750444164],[-1.5990887434500718,47.18756335548814],[-1.5979422804849084,47.1869861132988],[-1.5952380782990125,47.18731543256444],[-1.594186414132823,47.18812402446531],[-1.5943543340326711,47.18927659713581],[-1.5938269197042925,47.18938955792538],[-1.5921083920985617,47.18932452001523],[-1.592463615540901,47.188775846354815],[-1.5917206608173862,47.187686852233206],[-1.590455551899616,47.18809595185371],[-1.5880744183035151,47.187909515055644],[-1.5867011617742874,47.188803406538135],[-1.586960832945138,47.18952629741957],[-1.5861397969286737,47.19031155757157],[-1.5890761190337703,47.192028645635276],[-1.589637186561604,47.19288050776287],[-1.5843925181890302,47.19442120820339],[-1.5845391177315136,47.19368421373969],[-1.5835766718129662,47.193438571943716],[-1.5834478214071905,47.19280376327609],[-1.5818833948313133,47.192705880597494],[-1.5811548809555682,47.193043627627134],[-1.5812050095453714,47.1935125327725],[-1.5794997603384613,47.19339500699402],[-1.5786424784282806,47.193776451696245],[-1.5789559788495713,47.19469750674642],[-1.5782046813355608,47.195191422535416],[-1.5786896472809497,47.19594747737642],[-1.5728717543579902,47.19691675141257],[-1.5684393546907618,47.1969972728563],[-1.5692231242104178,47.196626026242036],[-1.5688557812544324,47.1956230441716],[-1.5691975491869408,47.1952655639678],[-1.5708487172123684,47.1961310713745],[-1.5714679916921392,47.19595308937782],[-1.5715529001433504,47.19543559803743],[-1.573943934417305,47.19573336213691],[-1.5748528752668574,47.194912314509295],[-1.577086512125753,47.194234466711954],[-1.5805417758633709,47.19227665613005],[-1.582023695308702,47.19217279631161],[-1.5819688878870057,47.19080216700939],[-1.5810128370529262,47.190328717801115],[-1.5793704343321808,47.1909183416653],[-1.5792774808119494,47.19155700163646],[-1.5783534995423132,47.191258553350174],[-1.5752134496684485,47.19231318072177],[-1.574549320045022,47.19195486473109],[-1.5722973122232806,47.19243257126343],[-1.570950688390388,47.193330568951346],[-1.5712921914111455,47.19514988140746],[-1.570642808514535,47.1945700275429],[-1.5692140551714868,47.194850146388006],[-1.568146602024503,47.1944884299436],[-1.5678373596788602,47.193475936005726],[-1.5649343908444644,47.193355577662054],[-1.5642028249447235,47.19411729490883],[-1.5644340917382225,47.19472804634732],[-1.566931370204707,47.19568480685193],[-1.567921008503461,47.19696937952857],[-1.5664324982784674,47.19694031173173],[-1.5662725163617262,47.196359064267405],[-1.565197182138629,47.19614805453092],[-1.5643365742939639,47.19646745531533],[-1.5643835108075597,47.19698275598446],[-1.5526425708117073,47.19667984100337],[-1.549720627309903,47.19715001325811],[-1.5470152474398335,47.19639812148033],[-1.5466704091228818,47.1970673592894],[-1.5439922756374518,47.19737826738832],[-1.5423449940313239,47.198232450807346],[-1.5355422550024402,47.199871126262416],[-1.5343933757331276,47.200538689919],[-1.5269423148303918,47.20397995136007],[-1.5244960877298015,47.204768864962844],[-1.523066703301782,47.204960537384046],[-1.5228357813036144,47.20553756555245],[-1.5217385613917702,47.2056668807198],[-1.51878168390921,47.20755593838294],[-1.5182465849255056,47.209372512969786],[-1.5152845372478108,47.21144798781541],[-1.5129994984057347,47.21240632835902],[-1.4968593375618977,47.214571152274594],[-1.4932371217839668,47.21447843664354],[-1.4843516250975959,47.21658039028661],[-1.4826671938843015,47.21779832006293],[-1.4801963523086727,47.22106632390947],[-1.4805603820995776,47.22170713524441],[-1.4783711891414244,47.22480544167426],[-1.4764962375097623,47.22650742889253],[-1.4745075124959155,47.227455843017125],[-1.4713433860960299,47.23116613060919],[-1.4656069623926244,47.23513162459544],[-1.4638284071113525,47.236956025794505],[-1.4584963235710604,47.240155106662414],[-1.4518379001276762,47.2352168305927],[-1.442926006149847,47.224684716821166],[-1.4409765065705094,47.22302777412328],[-1.4404540670093207,47.21911947944486],[-1.4412944054786678,47.218528837805124],[-1.441229324588724,47.21587712302561],[-1.4430712967557304,47.2165769370083],[-1.4441573335581803,47.21756919824323],[-1.4449549025249953,47.21751858031986],[-1.4468100478170074,47.21500861570923],[-1.4457174548902358,47.214379555565735],[-1.4455148483190832,47.213234846691186],[-1.4493079033867915,47.21146323298965],[-1.4500403426338075,47.21026690186644],[-1.4498123753353582,47.209617526361576],[-1.4485440223257813,47.2088626275532],[-1.4486440687839515,47.20411861334063],[-1.4474052883647512,47.20087247710748],[-1.4479499202896084,47.19918479681149],[-1.4463174512744998,47.19687352166184],[-1.4478794566084112,47.19501121441424],[-1.4483562084704287,47.195313905988314],[-1.449426136757694,47.19524208070778],[-1.4500689896779158,47.19578480237833],[-1.4513256401269221,47.19559363705716],[-1.452134493743991,47.19477983146666],[-1.454874298509187,47.19511454939511],[-1.4556581512330138,47.19388578443481],[-1.457118750594864,47.19354984137826],[-1.4585462499473776,47.19410687129142],[-1.4598496699539305,47.19538156692771],[-1.4610232412683406,47.19495714755849],[-1.462310560827199,47.19508676716314],[-1.463547165371767,47.19449164035356],[-1.4654542904372059,47.194772591889084],[-1.4663986001436053,47.19392317805876],[-1.4674673916128433,47.19455044204682],[-1.474952802649784,47.19485162747892],[-1.4757962373710392,47.1928164023056],[-1.4746066031805682,47.19206282746676],[-1.4747921802422161,47.19152175913541],[-1.4736035374680538,47.19040738960257],[-1.4744055812155237,47.188296498847336],[-1.475323234392704,47.18780952346916],[-1.4755139351172695,47.18710699581969],[-1.4742904373711931,47.1862790128297],[-1.4733912099204483,47.18625080821818],[-1.4744432872246507,47.1861196279273],[-1.4753391667332156,47.185532920599556],[-1.47747945215954,47.18594221223603],[-1.4788269927894895,47.18490234643792],[-1.4788752218607042,47.18541487487425],[-1.4779347960505391,47.1856171570391],[-1.4778750519512327,47.18624607258668],[-1.4791870542981451,47.186590509945795],[-1.4789246879033882,47.18709476020188],[-1.4794950201710404,47.18742662454219],[-1.4809843317166218,47.187074224657614],[-1.480796148134058,47.18588691755338],[-1.4797910424453244,47.185702489998924],[-1.4803046763209087,47.18551034255411],[-1.4851317637484087,47.18562696205838],[-1.4862127020929004,47.18454299809275],[-1.4865719537015043,47.185205590369854],[-1.4880087919211917,47.185191000088864],[-1.4891296406752328,47.18568557158045],[-1.4877745886867852,47.18579490778483],[-1.487177140034591,47.18774044722129],[-1.4878119444023792,47.187976357969426],[-1.4887581445860212,47.18757452839369],[-1.490513924965193,47.187662634005584],[-1.488882397399636,47.187839130754675],[-1.488560538107429,47.189032019618736],[-1.4879519191322157,47.18935518861884],[-1.4874433428103782,47.18881456260627],[-1.4864706200421425,47.18871411726759],[-1.485244534422453,47.1896424950341],[-1.484686515456551,47.189199126695144],[-1.4847973507323855,47.18829400813041],[-1.4829145547513207,47.18746854402259],[-1.4812806830535359,47.188234278304876],[-1.4818699828124409,47.189205492645925],[-1.4831178199223463,47.18871148681878],[-1.483339321101867,47.18897350719791],[-1.4827223781802008,47.189472631656734],[-1.4833079111526855,47.19017380113065],[-1.4854248514674844,47.19068037954931],[-1.4867649377252241,47.19010392324765],[-1.4877151933766406,47.19071638311133],[-1.487463813590736,47.19137864534308],[-1.4879850953986165,47.19177761768982],[-1.4895681315367315,47.191292550614854],[-1.4892400204633869,47.190442344352526],[-1.4903788755711629,47.19050542777929],[-1.4910126519163067,47.19001862981278],[-1.490464691342336,47.18935157525168],[-1.4909369088915638,47.18846059521566],[-1.4920074349061867,47.18857874188803],[-1.4929006399907967,47.18801124873757],[-1.4946008154469286,47.188143514468],[-1.4955324622257018,47.18874937229439],[-1.4969446285950057,47.18853568299608],[-1.4968150466855958,47.1879379885685],[-1.4948355175739976,47.187660117472376],[-1.4941385183639058,47.186835345069305],[-1.4932519688943429,47.18677689086138],[-1.49289166384231,47.187418295436814],[-1.4895073910884755,47.18578646151444],[-1.4904462374734255,47.18589636968243],[-1.491308951484951,47.18542676321641],[-1.4918599540569033,47.1866177133911],[-1.4927085663748503,47.1865866559752],[-1.4931543242086165,47.185943577519275],[-1.4940975070142817,47.186609581046525],[-1.495641118561837,47.186645435940335],[-1.4965153536862528,47.18594921002761],[-1.4963603498552072,47.185075173312434],[-1.497028343655506,47.18452960865134],[-1.4966718586888257,47.1840966673339],[-1.4976678540468205,47.1828264111664],[-1.4977048225267473,47.18162006773473],[-1.4971100271685625,47.18122948065372],[-1.4979089193505364,47.18081082271028],[-1.4975368683654602,47.18019215604137],[-1.4983574680847327,47.18019256899338],[-1.4987019513244597,47.179589540767104],[-1.4983412509799163,47.17918953113681],[-1.4960248285247002,47.17876128242571],[-1.49538265167353,47.179183611974395],[-1.495914127357353,47.17968531880956],[-1.4950322222923875,47.17959643890336],[-1.4950984684617787,47.17816330314994],[-1.4941475334925232,47.17765363065557],[-1.4950618752237916,47.1773177872864],[-1.494883349808929,47.17664565402889],[-1.4955549148276375,47.17648785211513],[-1.4963068600692102,47.17547067223883],[-1.494785331376237,47.17477001786754],[-1.4958025581825314,47.174464262322815],[-1.4963415670689695,47.174798079752755],[-1.4975487896981856,47.17459454070294],[-1.49815171331454,47.173845623556396],[-1.4972312625845416,47.173340615392405],[-1.4959796916763575,47.17403196514773],[-1.4946256004143517,47.173296622823415],[-1.4947129359835931,47.172824994531254],[-1.4939024728609627,47.172299977673994],[-1.494566294421116,47.17201258446593],[-1.4946987196206012,47.17119537504604],[-1.4928320996821445,47.17053387979437],[-1.4948608962964585,47.168291813054296],[-1.4931168954247491,47.166939444327724],[-1.494357249556346,47.16658008031599],[-1.494784460215512,47.165054238989825],[-1.4960136485679583,47.16532799343526],[-1.4965911845341826,47.16495071830064],[-1.4963206544453844,47.16333681551358],[-1.494829759522244,47.16245716096521],[-1.4956261022991548,47.16179567874448],[-1.4955177350087963,47.161058673592834],[-1.4945794559427696,47.160669772042425],[-1.4944332619679659,47.15998699310767],[-1.4930951238003891,47.15907874121183],[-1.4949486457265733,47.157952134874144],[-1.494897903096816,47.15745951290755],[-1.4960037715858794,47.156431720432685],[-1.4960305811543506,47.15537327658182],[-1.4939619439382807,47.1545823474331],[-1.493009729035056,47.15541662961591],[-1.4918395621551557,47.15568211661954],[-1.4906640256493673,47.15536206005399],[-1.4910042072450098,47.15415811152167],[-1.4898935960863118,47.15368552108692],[-1.490408727194646,47.151225020624274],[-1.4911723037986784,47.15058497964439],[-1.4926758292805424,47.15075895324645],[-1.4940226846935185,47.15178083111867],[-1.4947057231917669,47.15182930920121],[-1.4957467287405137,47.15035236747813],[-1.496459664394318,47.150351240558955],[-1.4974174180425133,47.14960777558132],[-1.4990120419724233,47.14964239244588],[-1.4993809189164558,47.14860180030089],[-1.5000324645386578,47.14830056419807],[-1.5000525659583293,47.14733899561773],[-1.4976423184375514,47.14552726331363],[-1.4964987998621417,47.14561759016212],[-1.4958547852080528,47.14508875310132],[-1.4951715629135056,47.14525962978013],[-1.4943743628597401,47.14460187305759],[-1.4972409191738234,47.145201729709484],[-1.4980861713772942,47.144695590144345],[-1.4998112696542807,47.1451847431363],[-1.5004627159513406,47.14465268315216],[-1.5017913217421826,47.14456144777886],[-1.5039626911817083,47.14504200463535],[-1.5044480828150644,47.14436513875275],[-1.5068379891158399,47.143667696437035],[-1.5068906024091497,47.14230409519548],[-1.5013000964501515,47.14141005992599],[-1.5024508260237288,47.13994720315702],[-1.5058306761437015,47.14032546071244],[-1.5096702607787496,47.14010808254477],[-1.5100421813935614,47.13948377862308],[-1.5092183702109545,47.139035412093456],[-1.509818614470299,47.13832556948641],[-1.5095989523998232,47.13693574170876],[-1.5086548518487297,47.136481193141115],[-1.5072152983720057,47.13659923138851],[-1.5107098934581018,47.136074808901895],[-1.5139403108386125,47.13503620221275],[-1.5138915064120733,47.13456887260105],[-1.5118338599787844,47.13295714378718],[-1.5123368489407196,47.13244808978598],[-1.511625971313448,47.131693047678816],[-1.510813042707735,47.13119107313121],[-1.5095219642864983,47.13106087512206],[-1.5108992424724832,47.13114318052477],[-1.5130993421987442,47.132355079847784],[-1.515116952996587,47.13229848101321],[-1.515673076838034,47.13069010324951],[-1.5147236924757579,47.13011642757043],[-1.5145235002478685,47.12864161813945],[-1.515866864701924,47.126137370208944],[-1.515768133365224,47.12552841566626],[-1.518070180588699,47.125885203590784],[-1.5192730893643398,47.125606318289954],[-1.5199946197070635,47.12447872224705],[-1.5214711820301647,47.12344316726578],[-1.521833433195203,47.12182079764173],[-1.5231593227627296,47.121608425172205],[-1.52379218105776,47.12026661955673],[-1.5253491243295134,47.11906511969842],[-1.5280262863196075,47.11909423432827],[-1.5280960037367615,47.11791868989798],[-1.5288965252676407,47.1172916359184],[-1.5292547008712754,47.11860033643489],[-1.5331928967312873,47.12274639242738],[-1.5371825553716996,47.12453710840746],[-1.540443895806189,47.12537850224732],[-1.5415647594346833,47.12534082400652],[-1.5408264331266237,47.12566027836986],[-1.540976995677305,47.12626784962687],[-1.5400501589423474,47.12806637127581],[-1.5403363860547623,47.128741662107544],[-1.5390851742495328,47.13422920006122],[-1.5415827397646562,47.135694161634085],[-1.5441758736424813,47.13967457426694],[-1.5463617885328635,47.14180957817883],[-1.5471916395212928,47.14192215206705],[-1.5504713822939071,47.14514511215412],[-1.5494821966270214,47.14616358871896],[-1.5491785479188767,47.14754296103505],[-1.5477974028838137,47.14871293751042],[-1.549095727422125,47.150896616849515],[-1.5504703480215458,47.15097552670374],[-1.5515195920153726,47.15192566480348],[-1.5523811564339225,47.15366258387898],[-1.557646115339112,47.155618770924704],[-1.5582363391425085,47.155394560818024],[-1.55888266628761,47.154134912888516],[-1.5594059571819967,47.15472468512955],[-1.5600644785929576,47.154797137241516],[-1.5637191043204741,47.152748017663114],[-1.5644351210602268,47.152995408929684],[-1.5673251213121133,47.152550650082276],[-1.5732281932129792,47.15110255268655],[-1.5762481224536815,47.15151899446997],[-1.5770122750587166,47.15040491452135],[-1.5765157040948334,47.14902454739841],[-1.576654061997007,47.145346637240046],[-1.5799706812411198,47.14665750252161],[-1.5825535344270762,47.1489878526831],[-1.5861785121191954,47.14948733724256],[-1.5879175308254168,47.14914948966409],[-1.5868012091751675,47.14473134806413],[-1.591106301183297,47.144033499787824],[-1.5918823736133316,47.13842172768131],[-1.5988356513247066,47.13351549770304],[-1.5998537512164854,47.132084317882644],[-1.5998955945061544,47.13037871583547],[-1.6014868014206503,47.12979980652223],[-1.6017446347710078,47.12868599409555],[-1.6039775300212356,47.12628610360221],[-1.6030356298610748,47.1250486256965],[-1.6070276053433732,47.12546169030687],[-1.6136564631744046,47.124608314286625],[-1.615371485159531,47.1251012282186],[-1.614229937327988,47.127025251941326],[-1.6159987415314083,47.12800016609777],[-1.6152107347422549,47.12841024114996],[-1.614880801217395,47.129310175802786],[-1.6154254920995328,47.12972068262683],[-1.614209548039698,47.131833257631165],[-1.6153345632774965,47.13257805888692],[-1.614714530533716,47.13337916656399],[-1.6147115888754975,47.13465568948818],[-1.6155138836995295,47.13518338471815],[-1.6167203970926032,47.13501630189412],[-1.6178090872690032,47.135485055171486],[-1.6192187536834928,47.134021120654964],[-1.6207131568860231,47.13394175352233],[-1.6211979137748433,47.13203003597282],[-1.623076249404975,47.131096802018725],[-1.6237414152513618,47.13242929292529],[-1.6244465576729268,47.13249498023997],[-1.6251919123862737,47.13206377698014],[-1.6256998266847282,47.13076607534455],[-1.6252894945376855,47.13008486035887],[-1.626417007503424,47.12839430186017],[-1.6260942288510936,47.127999632494024],[-1.625051545944414,47.12785385988694],[-1.6257369894701128,47.127532650320966],[-1.6259575359278107,47.12684327390004],[-1.6252804485629428,47.12492939814734],[-1.6260122178304566,47.12510152568318],[-1.6271873492787414,47.12448180602197],[-1.6295319518878004,47.12504143383421],[-1.6306014930686463,47.12473628321477],[-1.6319154971170902,47.1253783496391],[-1.6333327779681173,47.1250210104733],[-1.633706853909314,47.12431033481068],[-1.6351958763639334,47.12443267390606],[-1.6359606015526988,47.123118048260956],[-1.636950948742711,47.12337339599195],[-1.6365977559708753,47.1237976624961],[-1.636972776694269,47.12417887045707],[-1.6385566819655728,47.12449351327717],[-1.6395644133188947,47.123886939890326],[-1.6443062312879313,47.12553582314245],[-1.646042150060587,47.12485573762538],[-1.6476492799945153,47.125296816109355],[-1.6487796139759887,47.12428019278952],[-1.6514385690475524,47.12466115017598],[-1.6521391617179375,47.12419550180481],[-1.6536259200383132,47.12438405387036],[-1.6553853413372128,47.12390542288714],[-1.6551310173519773,47.122925012794425],[-1.6528218240046102,47.12232927353615],[-1.6499553114198444,47.1226560798897],[-1.6491591785460895,47.12235171536279],[-1.6492365343195927,47.12171541703998],[-1.6525012921432551,47.121511991806706],[-1.6534304620622196,47.120763733560864],[-1.655828631836348,47.11997870604912],[-1.657237849105832,47.120920332384074],[-1.6599631266122714,47.12090415178286],[-1.6590122701434684,47.121630600842906],[-1.6586281411567179,47.122732925612155],[-1.6589549601409466,47.12320482835173],[-1.6596899642447795,47.123295115824725],[-1.6598703634406538,47.12447194869894],[-1.6611846593153423,47.12534020282588],[-1.6664707758752988,47.12383724172703],[-1.6679440394446956,47.12383149274248],[-1.6687029874055814,47.12445558526962],[-1.668502585213128,47.124931266932876],[-1.66910897070741,47.125858487672325],[-1.6707297053354477,47.12675185897573],[-1.66995951377007,47.127810148833355],[-1.6703426497868714,47.12956553826717],[-1.673194208916246,47.13175407661982],[-1.6736612150798518,47.13417746876322],[-1.674235045918377,47.134524647242166],[-1.6780027227364593,47.13297732717788],[-1.6800514313610184,47.13271135918291],[-1.685307550230941,47.135109055976194],[-1.6868972510937703,47.135013845051056],[-1.6913522338169555,47.13342467916478],[-1.6925408809618336,47.13425943120068],[-1.6953543869190497,47.133246803441196],[-1.69677961155365,47.13438650905799],[-1.6986152984623963,47.13455939306897],[-1.7000136824381402,47.13524629458853],[-1.701253345075142,47.134658038111716],[-1.7014877600154739,47.13327845850731],[-1.705859761315574,47.13374760209009],[-1.7108427228020489,47.13258483094545],[-1.7156766514618034,47.13033084046855],[-1.7166731267122348,47.1293631487848],[-1.7214332479703613,47.12753854033121],[-1.7241436403232688,47.12750694648785],[-1.7258252842397197,47.12661420203292],[-1.732518506016953,47.131832768669895],[-1.736303861454102,47.13320271309989],[-1.738267720157517,47.13502230386221],[-1.7396139720735184,47.13541109757445],[-1.7390282748713322,47.13652436204954],[-1.7373724676216267,47.1371436645696],[-1.7357496014731444,47.139886496449456],[-1.7359869190176473,47.14112021058093],[-1.7323591053169998,47.14220484047291],[-1.7267056558296086,47.14681369350022],[-1.721912339476058,47.1488953578688],[-1.7160699144447829,47.152510091687596],[-1.7142666605428107,47.15419760249668],[-1.7143233072997976,47.15470795326603],[-1.7293545896193097,47.155911396739185],[-1.73212080420577,47.15693612106211],[-1.7358461747871028,47.15732051356198],[-1.737104530124958,47.15721212463131],[-1.7424752055941917,47.154626566359724],[-1.7430993012230898,47.15634298672409],[-1.7428293968581845,47.15802690386165],[-1.747487309116542,47.1601552359182],[-1.7518948610896619,47.164477393006194],[-1.7553286588627923,47.16522552046313],[-1.7559999509337836,47.16704674316158],[-1.760051489349723,47.16716894917099],[-1.7631371053812608,47.16941076555142],[-1.7659184636978091,47.169499888371256],[-1.7683193602050227,47.16902369416099],[-1.7727588349051069,47.17008447494196],[-1.770981975935531,47.173056961189786],[-1.7689281768582263,47.17428342515179],[-1.7677889197951662,47.175699628622574],[-1.7653771815730654,47.17679025242035],[-1.763296237672646,47.18016457127361],[-1.7636368341798083,47.18338225861481],[-1.7772701147851906,47.184590379806096],[-1.780751457867751,47.18594738444448],[-1.7828920731946447,47.18768030130892],[-1.7846654891131417,47.18844631286741],[-1.7970080497947163,47.18687806697037],[-1.8036748443776078,47.19278306888621],[-1.805673486748987,47.19341343889046],[-1.8110120597518609,47.1936680116387],[-1.810167309348473,47.190219664672235],[-1.8107483109995826,47.18796719384857],[-1.8154255293847161,47.187919542841534],[-1.8168667114841983,47.18909837746572],[-1.8190339214732412,47.19008176901207],[-1.8245134383558257,47.19088392800009],[-1.8244807653827975,47.19151516097505],[-1.8254108944092446,47.19181324773942],[-1.8253293104555282,47.1928432287582],[-1.8229214492317083,47.193998104263365],[-1.8228674972966907,47.19486686222203],[-1.8221408204679084,47.195176855620396],[-1.8222043968180806,47.19594176705563],[-1.8229654524101906,47.19619868505063],[-1.8228341223220548,47.19692172038618],[-1.8221044356077087,47.197112921951515],[-1.821357909385608,47.19831006039238],[-1.8216854372649895,47.199451014519255],[-1.8182033099049228,47.20395447012476],[-1.8176946970454424,47.20543789586965],[-1.823006238954305,47.207300458521225],[-1.8233117276950968,47.208117985116836],[-1.8256448960655842,47.20842237905677],[-1.8262238616020814,47.20769955770349],[-1.8283563651139523,47.20827635698978],[-1.8313320084075693,47.21162607364378],[-1.831586950050531,47.21312870781234],[-1.8349596212107824,47.21593338208563],[-1.8439077928402168,47.22005131054806],[-1.8451055472797058,47.22012102037375],[-1.8523098055280653,47.22413206833957],[-1.8650488528561515,47.229128664314864],[-1.8635003689923002,47.22995589249992],[-1.8624759147433243,47.229900277082095],[-1.8618756479936478,47.23054538519154],[-1.8644045284404371,47.23313584267678],[-1.8644087268309186,47.23404929603835],[-1.8634781606322322,47.234798852238995],[-1.8608519073830971,47.23374317966194],[-1.860199191959455,47.23526460640035],[-1.8597582579201133,47.235376588553216],[-1.8604817487286172,47.23337688360154],[-1.8571428893929807,47.23167526091418],[-1.8563224010306985,47.231768317777046],[-1.8542873166721514,47.233395538273925],[-1.8539914538937299,47.232975850335194],[-1.8532642587120056,47.23297721157006],[-1.8524740602098704,47.23385327832984],[-1.8530613886825908,47.232770449659256],[-1.85360839232553,47.23243981119295],[-1.8539318542486867,47.23283399856379],[-1.8546142623747477,47.2328309843115],[-1.8562341169003564,47.23150922122318],[-1.855366726314794,47.23117326176974],[-1.853931909852621,47.23201280953887],[-1.855015881859448,47.23063371390988],[-1.8507855247024516,47.228790208565385],[-1.8487479024914495,47.23025640234942],[-1.8502540734418362,47.2347024158628],[-1.8539394020212265,47.23645680165467],[-1.8554066073670772,47.238463522896524],[-1.8570436660581606,47.23844722152655],[-1.8591976023322556,47.236984479458066],[-1.8604427106017545,47.23678053587475],[-1.8610483146843027,47.236048108549326],[-1.8620196817421741,47.23634691517423],[-1.861691361889994,47.23740134619954],[-1.8662155725082687,47.23891763226755],[-1.865257439768953,47.24090877851382],[-1.8710306601907898,47.24281337939654],[-1.8690602230007696,47.24512315778306],[-1.8693629585817197,47.24566236682207],[-1.873782887649418,47.247260039095124],[-1.8753518846869908,47.24625433430249],[-1.87506873741127,47.24428892910192],[-1.8768236383536794,47.245368972528105],[-1.8833603077575765,47.25341299794184],[-1.888676008894404,47.256745570189175],[-1.8934441291636583,47.25886839941295],[-1.8994752041806182,47.26552644578396],[-1.9039373680395897,47.2692841559934]],[[-1.4445701941676414,47.22047966430869],[-1.4441910708764563,47.2199543274939],[-1.4416904102870822,47.219645578964496],[-1.4410670899023024,47.22105079507662],[-1.4437096346368392,47.22175906359145],[-1.4445701941676414,47.22047966430869]],[[-1.4428205193748822,47.223093636642076],[-1.4430110464793326,47.223582044324694],[-1.443804330089218,47.2236195832396],[-1.444531134791206,47.22232162226701],[-1.443466922717066,47.2221304021166],[-1.4428205193748822,47.223093636642076]],[[-1.4513917372941925,47.21517574084427],[-1.450283780138865,47.21475035303314],[-1.4496574788207066,47.215557069728526],[-1.4506673534242884,47.215979620462456],[-1.4513946860132727,47.21567272611064],[-1.4513917372941925,47.21517574084427]],[[-1.4527944370262886,47.20103734950694],[-1.4537608039980625,47.20096927984591],[-1.4536146212308774,47.20030184717808],[-1.452669337685481,47.20037765098285],[-1.4527944370262886,47.20103734950694]],[[-1.4592795354299652,47.234679351973206],[-1.4583627171749887,47.23441845430644],[-1.4578888690526266,47.23519507236684],[-1.4591179082997772,47.235565296683546],[-1.4592795354299652,47.234679351973206]],[[-1.4628721506024267,47.22749092869374],[-1.4632400641257022,47.226858154783514],[-1.461754995624433,47.22599577997489],[-1.4601054433709884,47.22669637188594],[-1.461374745579665,47.22794543050472],[-1.4628721506024267,47.22749092869374]],[[-1.4624790024784482,47.231670336987484],[-1.4613744940300581,47.23185105527761],[-1.461867057329102,47.23259710362102],[-1.462841677867733,47.232328077768074],[-1.4624790024784482,47.231670336987484]],[[-1.466230382927782,47.23058260417049],[-1.4654752485062656,47.22924943670915],[-1.4647993762296452,47.22903757229756],[-1.462830230896212,47.2310732711649],[-1.4637512116333693,47.23179971799278],[-1.4645563765092704,47.231863462132964],[-1.466230382927782,47.23058260417049]],[[-1.4630993547225368,47.21739755241421],[-1.4636508748936434,47.218065031978895],[-1.464555803068437,47.21775207232376],[-1.4641891805128322,47.21684494557215],[-1.4633698097592325,47.21692514931948],[-1.4630993547225368,47.21739755241421]],[[-1.4678673411518661,47.21886481872711],[-1.4679598029411949,47.21692870202184],[-1.4657808304979567,47.216294366585615],[-1.4667893263180019,47.215659587969],[-1.4666464594804807,47.21462640456115],[-1.4672324434945978,47.21437146839738],[-1.46714706924377,47.213607735679176],[-1.4676763033667437,47.213084794354344],[-1.46740899747808,47.21266655006521],[-1.4665732241745422,47.21256551932194],[-1.4660936814172154,47.212892715251954],[-1.4659501675045408,47.21433404820369],[-1.4639922609925433,47.21517282249804],[-1.463516545695865,47.216136602991675],[-1.4641144172851408,47.216582690763346],[-1.4653009542042628,47.21639874722042],[-1.465065004608322,47.21697802456179],[-1.4664376413894693,47.21787632198069],[-1.46532416777917,47.21830567693744],[-1.4660236341652084,47.219166929856605],[-1.4678673411518661,47.21886481872711]],[[-1.4681254120005074,47.2123405571901],[-1.4684126770374086,47.211564291982484],[-1.4669842150407078,47.21152581853768],[-1.46695435498073,47.212212698467596],[-1.4681254120005074,47.2123405571901]],[[-1.471213520048272,47.20898411583561],[-1.4706830227974887,47.20847251698822],[-1.4695378990459977,47.20855231675263],[-1.46960096962571,47.20967122324706],[-1.4683380080373358,47.21038470423094],[-1.4672768118158837,47.21017033569083],[-1.4671483369729588,47.210844686315454],[-1.4678298540410086,47.211018173839015],[-1.468365621801681,47.21065711013701],[-1.4691655883162575,47.211163562592894],[-1.4709993348057988,47.210868191793615],[-1.471095777000589,47.21016519885489],[-1.4699705397381224,47.20974046830873],[-1.4708475236936807,47.209586321637275],[-1.471213520048272,47.20898411583561]],[[-1.4738022669796635,47.21223288919407],[-1.4735686155730385,47.21151339718443],[-1.472490390938325,47.21177204599196],[-1.4728538656526555,47.212461541064314],[-1.4738022669796635,47.21223288919407]],[[-1.4803420802676934,47.19417695724094],[-1.4798201878868256,47.19352838209838],[-1.4787188144975572,47.19382558054483],[-1.477910111970034,47.193503205711586],[-1.4770697604569076,47.194076716991546],[-1.475919455102833,47.19413906076498],[-1.4756447790234581,47.19455514162948],[-1.4767099714547698,47.19515554476927],[-1.4773582637559375,47.194451560942724],[-1.47873563901825,47.194315261725855],[-1.4797550452414294,47.19470392044773],[-1.4803420802676934,47.19417695724094]],[[-1.4775809725266933,47.19309782513688],[-1.4773405968904587,47.192484482244204],[-1.476421652983766,47.19262923399656],[-1.476632184605969,47.19326586262594],[-1.4775809725266933,47.19309782513688]],[[-1.4778328479852167,47.18757298205286],[-1.4785686365829445,47.187376980108674],[-1.4785274918820428,47.18680909675716],[-1.477025352335347,47.18662884552294],[-1.4767866533354075,47.187241304632835],[-1.4778328479852167,47.18757298205286]],[[-1.481258822208248,47.19082051753707],[-1.4807559274869397,47.19050487254882],[-1.4796347088530948,47.190594090502195],[-1.4794428632187657,47.191756912381074],[-1.4806347694858875,47.19188930020721],[-1.481258822208248,47.19082051753707]],[[-1.4828490316364697,47.20470403758821],[-1.4834397839645137,47.2043997358968],[-1.4834881430935878,47.20333953645203],[-1.482112014838837,47.20305441759166],[-1.481635445884819,47.203426876684794],[-1.4818282343833904,47.20437925277376],[-1.4828490316364697,47.20470403758821]],[[-1.4863574701136255,47.18780709624852],[-1.4867908517650632,47.186249204374974],[-1.4844538582594289,47.185734954575196],[-1.4830766008417602,47.185842690308306],[-1.4827597959533956,47.18638524389953],[-1.481830911234302,47.186432859419405],[-1.4814716569040638,47.186914497337284],[-1.481882378706433,47.18738276926363],[-1.483117395276872,47.18723865645646],[-1.4837363340513365,47.187798845298985],[-1.4849792407548166,47.18801066270492],[-1.4863574701136255,47.18780709624852]],[[-1.4833496814826699,47.19410939542741],[-1.4828525607273324,47.19477747576],[-1.484099549005662,47.19496551637403],[-1.4843469535259726,47.1943504453737],[-1.4833496814826699,47.19410939542741]],[[-1.486109670091672,47.20345085636472],[-1.4852028776656259,47.20305229904616],[-1.484525194723523,47.2035455894483],[-1.485559798689726,47.204030683967616],[-1.486109670091672,47.20345085636472]],[[-1.4862891794647664,47.212027572179],[-1.4867893800683998,47.21146123038123],[-1.4859328654568609,47.211132162449076],[-1.4854587580644403,47.21170271238583],[-1.4862891794647664,47.212027572179]],[[-1.4871855607259303,47.20973866948661],[-1.486159895928809,47.20943500116126],[-1.4858004409502532,47.2101769662825],[-1.4866882594493103,47.21038805520875],[-1.4871855607259303,47.20973866948661]],[[-1.4900703607801513,47.197163492298564],[-1.4903812738527433,47.19491339597315],[-1.4889972835693297,47.19375248864719],[-1.4869213237661194,47.19524818865568],[-1.4871927026053229,47.195748837655195],[-1.4866910099596324,47.19648911834724],[-1.4874674682868483,47.1968884148365],[-1.4865492814792671,47.1971950495005],[-1.485878754075537,47.19839247789155],[-1.4863326835677133,47.19934854655602],[-1.4875187375788923,47.199255133562566],[-1.4871032438643528,47.200058190359954],[-1.487775536490033,47.200488174516536],[-1.489135185242117,47.19970996757666],[-1.488670569053018,47.199029982472595],[-1.487999277451898,47.19893949599494],[-1.4881962393727681,47.198656595686636],[-1.4890059819926524,47.19888434182059],[-1.4900427316354812,47.198253508337935],[-1.4893681696900194,47.19748668988716],[-1.4900703607801513,47.197163492298564]],[[-1.4877436646028015,47.20268842039371],[-1.4865823735414458,47.20279290792962],[-1.4867788614846238,47.2035289775273],[-1.4881477860520054,47.2034937903737],[-1.4877436646028015,47.20268842039371]],[[-1.4895904134481015,47.207399098611155],[-1.489353012287918,47.2067675961408],[-1.4883634038480174,47.206945440388324],[-1.4886549507719289,47.207669200894614],[-1.4895904134481015,47.207399098611155]],[[-1.4908116272119418,47.21129267608972],[-1.489920112496812,47.21001912201936],[-1.4888127498868762,47.21027023439122],[-1.489928837879937,47.21162237930786],[-1.4908116272119418,47.21129267608972]],[[-1.4944960929412328,47.20187038612675],[-1.4937169419986231,47.20119696423614],[-1.4923592433479187,47.201358393874834],[-1.492148893537265,47.20090077350014],[-1.4913036432006646,47.20071757653471],[-1.4897113930684658,47.20158841010917],[-1.489690891751779,47.20207774682444],[-1.4903231308604625,47.20229185518787],[-1.4902663088449182,47.20306969998916],[-1.4910354630795628,47.20328025098254],[-1.4906969595139057,47.203858546589984],[-1.4915703467048191,47.20471113499219],[-1.492321950367989,47.204732574632544],[-1.4927818233245802,47.20424314105514],[-1.491997998644248,47.20337379313526],[-1.4911207773466562,47.20325833265069],[-1.4918242256805359,47.20243538431809],[-1.49310131123557,47.202681307540466],[-1.494264627353834,47.2023366848006],[-1.4944960929412328,47.20187038612675]],[[-1.4925509701421078,47.20578308885233],[-1.4914606741292542,47.205918755803644],[-1.4913832532903608,47.206752279105196],[-1.4928186260909475,47.206470437789946],[-1.4925509701421078,47.20578308885233]],[[-1.4928540085824633,47.199055542149665],[-1.490849074525556,47.199741113205434],[-1.491104517404434,47.20050875288134],[-1.4919357349344706,47.20052860259769],[-1.4923269339759007,47.200016108065554],[-1.4933560597241837,47.19976077180595],[-1.4928540085824633,47.199055542149665]],[[-1.4928209948196067,47.19630691455151],[-1.4916861224755398,47.19585702515927],[-1.4909926302505252,47.19654436604843],[-1.4923279808223866,47.196958540974784],[-1.4928209948196067,47.19630691455151]],[[-1.4968968040450157,47.19180252754198],[-1.4963555105001836,47.19019662867523],[-1.4955333243630389,47.19018572879817],[-1.4944695437836764,47.18895045115748],[-1.4936357830844367,47.188909707695785],[-1.490737268561669,47.191304371933995],[-1.491135037596865,47.191938002806836],[-1.4923800303849175,47.19198732533201],[-1.4935582502067883,47.19251841327549],[-1.491597760939876,47.192721631640225],[-1.4909820309746005,47.19325790826674],[-1.491137979554222,47.19384181110601],[-1.4921531580391363,47.19414700241863],[-1.4927923657830635,47.193321620269],[-1.4938793642117363,47.19337097487577],[-1.493975067364995,47.19266083614906],[-1.4968968040450157,47.19180252754198]],[[-1.4935275350490969,47.15290020791106],[-1.4936128557641803,47.15239884580729],[-1.4928361222875615,47.15193666147906],[-1.4917850748075523,47.1523501626869],[-1.4923581801799948,47.15334175502588],[-1.4935275350490969,47.15290020791106]],[[-1.4969274376449209,47.19356378469508],[-1.4976148249299495,47.19304346492968],[-1.4971513186359007,47.192181817380764],[-1.4965228994160018,47.19200360386607],[-1.4956006967056743,47.192730308360375],[-1.4969274376449209,47.19356378469508]],[[-1.497288472825049,47.198433658932274],[-1.4982737230750935,47.19806931369211],[-1.4974461878242618,47.19746397989545],[-1.4967224968032735,47.19787952880933],[-1.497288472825049,47.198433658932274]],[[-1.5004176075415787,47.20703316820106],[-1.5009537399711939,47.20643949567471],[-1.4999322182161023,47.20602899540348],[-1.4984959799766755,47.20678176736785],[-1.499041864892533,47.2073292997194],[-1.5004176075415787,47.20703316820106]],[[-1.5001174760024167,47.16933322561521],[-1.4996982657637754,47.168931304848876],[-1.4965527346937806,47.16831560651177],[-1.495416978876446,47.16882274122674],[-1.4974694345804351,47.1699383227398],[-1.4999071689374202,47.17011040947109],[-1.5001174760024167,47.16933322561521]],[[-1.4993179985566731,47.196189586943035],[-1.4999269737996042,47.195595687447785],[-1.4991596914417482,47.19445205056905],[-1.4984132330518731,47.19428534996268],[-1.4977075684462975,47.19565720181812],[-1.4985471606639325,47.1962437748182],[-1.4993179985566731,47.196189586943035]],[[-1.4980995232026608,47.1891503769939],[-1.4973217309925515,47.18948543580691],[-1.4978000725545015,47.19012272137148],[-1.4986670758360097,47.18969869975869],[-1.4980995232026608,47.1891503769939]],[[-1.5017442512818306,47.19850050554152],[-1.5012862892402339,47.197214270007194],[-1.5005193245774051,47.196939736759305],[-1.4986934792638138,47.197366334970404],[-1.4988925253905123,47.197853780091215],[-1.4999735962147418,47.197923744769824],[-1.500093301983464,47.198362272028284],[-1.5009747530326532,47.19867756714433],[-1.5017442512818306,47.19850050554152]],[[-1.5005023740842378,47.20047709864004],[-1.5002035437211136,47.199168326596215],[-1.4989405831264102,47.19922649415742],[-1.4994145878464862,47.200600038622824],[-1.5005023740842378,47.20047709864004]],[[-1.500166437282905,47.1934814083892],[-1.499291167270853,47.19293070345779],[-1.4985414862381279,47.19348193735943],[-1.4995222674766517,47.1942684219152],[-1.5001099982434518,47.19404706482103],[-1.500166437282905,47.1934814083892]],[[-1.5000143458004773,47.19101203141218],[-1.4997145726875674,47.190325562412454],[-1.4984384840679597,47.19065830453859],[-1.4991312673117858,47.19156201130493],[-1.5000143458004773,47.19101203141218]],[[-1.5004372475480292,47.181840327606395],[-1.4988694734919732,47.18179663952541],[-1.4980611891446962,47.18279976154101],[-1.498735332342834,47.183528909226865],[-1.4993927448113011,47.183443147005434],[-1.500619501700354,47.18233941310911],[-1.5004372475480292,47.181840327606395]],[[-1.501131672452629,47.209379470058586],[-1.5004582548857823,47.20981097337423],[-1.5010825931945178,47.210286108922226],[-1.5018062107564227,47.2098597638823],[-1.501131672452629,47.209379470058586]],[[-1.500880070185684,47.18676040108435],[-1.500315178354696,47.18650499733662],[-1.499622890264341,47.18670657207109],[-1.4994315773919684,47.18753786114834],[-1.5006278494829322,47.18774603589091],[-1.500880070185684,47.18676040108435]],[[-1.5031167065051454,47.20421625389237],[-1.5034648658253937,47.20374902412725],[-1.502922708226942,47.20337108733555],[-1.5007545001651825,47.20394977986238],[-1.5012935513585903,47.204601751987944],[-1.5031167065051454,47.20421625389237]],[[-1.5021263504372135,47.200032841773854],[-1.501294714408116,47.20059830284338],[-1.501842943285701,47.201122221770476],[-1.5027976509069565,47.200644651677294],[-1.5021263504372135,47.200032841773854]],[[-1.5010078581644968,47.18414121405842],[-1.5000872894828179,47.18428535614438],[-1.5003023570437033,47.184918436173014],[-1.5012230616964333,47.184760933358724],[-1.5010078581644968,47.18414121405842]],[[-1.5077224693743114,47.206717541907835],[-1.5073316101240621,47.20613718378511],[-1.5063466621188946,47.20633444548123],[-1.5055989861937376,47.20548086648688],[-1.5042618614190402,47.205730893166276],[-1.5037618362839869,47.20691841889045],[-1.50352063644313,47.206294719469504],[-1.5027061731597136,47.20623929459327],[-1.5023589316829205,47.20663922593011],[-1.5025214527894901,47.20774171607404],[-1.5030348188544833,47.208055946063325],[-1.5026971830744928,47.20881445123492],[-1.5047255562604798,47.20905062170746],[-1.5049007640814525,47.20837565903966],[-1.503791664944628,47.207997705798455],[-1.5047291290943776,47.20741934843166],[-1.5060703989104463,47.20787087749676],[-1.5077224693743114,47.206717541907835]],[[-1.5062155828412882,47.19149846286359],[-1.5063814302844312,47.1907416686314],[-1.5039765300141508,47.19023911413431],[-1.5021331114087322,47.19220485436298],[-1.5032873327265766,47.19247785461244],[-1.5046233763896903,47.19125680903557],[-1.5054579544203979,47.19174997989397],[-1.5062155828412882,47.19149846286359]],[[-1.5045568564739247,47.195606711799385],[-1.503387809191359,47.19501552052316],[-1.5026222586328868,47.19592462221657],[-1.5038689630446225,47.196219393815575],[-1.5045568564739247,47.195606711799385]],[[-1.505249849969464,47.18667676847515],[-1.5051015735999318,47.185686455462786],[-1.504274837438005,47.18538048248796],[-1.5022745614790303,47.185984807657775],[-1.5019991284352001,47.1864104751124],[-1.5028282563277244,47.18685261285146],[-1.503653992839436,47.18636602603605],[-1.5046371120955957,47.186991322567636],[-1.505249849969464,47.18667676847515]],[[-1.504977390760395,47.19723650993724],[-1.5038838170664763,47.19723693053826],[-1.503353069634305,47.19805194818677],[-1.5036097479298802,47.19848751820238],[-1.504630434285622,47.19838757078976],[-1.504977390760395,47.19723650993724]],[[-1.5059090369932608,47.18924962761743],[-1.5059666639150255,47.18801257213273],[-1.5050345853531792,47.18797967676735],[-1.5043403447501063,47.18853580423427],[-1.5034175130579468,47.1885582538167],[-1.5031737926719229,47.18902918560979],[-1.5039860716160123,47.18945695943149],[-1.5048297803690227,47.18910013291553],[-1.5059090369932608,47.18924962761743]],[[-1.5019702577634813,47.169737965960806],[-1.502817682081721,47.17011883683863],[-1.5032612351963635,47.16946797866077],[-1.5024251059298466,47.169163272237],[-1.5019702577634813,47.169737965960806]],[[-1.5028157241846634,47.177774528710565],[-1.5031161728720968,47.17842146349009],[-1.5040098752316546,47.17825138968979],[-1.5037562633343446,47.177552084583375],[-1.5028157241846634,47.177774528710565]],[[-1.5058918672811907,47.205384137474546],[-1.5074391277173724,47.20419528242746],[-1.5068189078337733,47.203726147816745],[-1.5051683032443928,47.204921864514624],[-1.5058918672811907,47.205384137474546]],[[-1.505883722667481,47.18374549756277],[-1.5049661311298232,47.18323319902228],[-1.5040671341089769,47.18393140917683],[-1.505024016558357,47.184366821463954],[-1.505883722667481,47.18374549756277]],[[-1.5069545150182853,47.17883475599656],[-1.5057586680538024,47.17848370503569],[-1.5051643762043454,47.179214892165994],[-1.5066270363799033,47.17952688769681],[-1.5069545150182853,47.17883475599656]],[[-1.5071244967694404,47.18178095763591],[-1.5075999612243776,47.1811278574459],[-1.507105230353771,47.180750796461744],[-1.506291489985364,47.1808073207355],[-1.50597038722035,47.181642925093335],[-1.5071244967694404,47.18178095763591]],[[-1.5079917823490674,47.189995292556006],[-1.5084714250411428,47.18901023649974],[-1.5077502594906214,47.188644376092576],[-1.5067444641806187,47.188813090307065],[-1.5069698112881496,47.189960197273464],[-1.5079917823490674,47.189995292556006]],[[-1.5087844669451715,47.19359007359514],[-1.5081032922169366,47.19296507356254],[-1.507257274697977,47.19324186314657],[-1.507804301877133,47.19405677663695],[-1.5085078359083652,47.19399806052861],[-1.5087844669451715,47.19359007359514]],[[-1.5083518542464944,47.18807141123068],[-1.5084626067943347,47.187369834947226],[-1.5073248230936729,47.18732209274329],[-1.5071022381668688,47.1881629550729],[-1.507787066099233,47.188364628512545],[-1.5083518542464944,47.18807141123068]],[[-1.5103867312221237,47.20880625014784],[-1.509811873107152,47.207542274940586],[-1.5089451096073678,47.207748119006965],[-1.5089196383858625,47.208777116056844],[-1.5103867312221237,47.20880625014784]],[[-1.5054019828508367,47.15285071470756],[-1.5042193514845383,47.153671812686255],[-1.5048172524391281,47.154276977507315],[-1.5062614897518523,47.153490023830365],[-1.506114851806788,47.15304166558112],[-1.5054019828508367,47.15285071470756]],[[-1.5094032100999586,47.20374951613891],[-1.5091858468825199,47.20453239754606],[-1.510567924492795,47.204616253849366],[-1.5103782215920607,47.20381580663958],[-1.5094032100999586,47.20374951613891]],[[-1.5099125282820685,47.20102338943935],[-1.5097529176221267,47.20164679156347],[-1.5107042779661195,47.20177489442478],[-1.5108782123915034,47.201091071782834],[-1.5099125282820685,47.20102338943935]],[[-1.5095954301787855,47.18130772338048],[-1.5105852478518145,47.180539816629896],[-1.5102943353182554,47.18012763574617],[-1.5088898323313789,47.17979093149651],[-1.5082791982416435,47.17997753666306],[-1.5079710795131047,47.180632447753815],[-1.5083494810286096,47.1811143961107],[-1.5095954301787855,47.18130772338048]],[[-1.5117721518827465,47.2083776308958],[-1.5121625023131247,47.20766474195706],[-1.511036186140113,47.20748768235697],[-1.5107724448398019,47.20826662807904],[-1.5117721518827465,47.2083776308958]],[[-1.5106280583146827,47.20318094780231],[-1.5116660271850781,47.203043699172284],[-1.5113178580922255,47.20229407975543],[-1.51043593217066,47.202490121775035],[-1.5106280583146827,47.20318094780231]],[[-1.5121153369229527,47.18453828580691],[-1.5108115341558552,47.183902640672066],[-1.5100147495467402,47.184264895616366],[-1.5110024879944024,47.18506445510513],[-1.5118220439038481,47.18499581430889],[-1.5121153369229527,47.18453828580691]],[[-1.5104319776920554,47.186196628242136],[-1.5104128168549091,47.186835719851],[-1.5113534976155234,47.18684704745673],[-1.5113784285604377,47.18621374260953],[-1.5104319776920554,47.186196628242136]],[[-1.5121544748999598,47.18156562036368],[-1.5116403554581996,47.18074380805351],[-1.5105188499543263,47.18085458673914],[-1.5105525600158942,47.182022327632296],[-1.5115052431046554,47.18220201573015],[-1.5121544748999598,47.18156562036368]],[[-1.5152935631964846,47.19853933616334],[-1.513308792153326,47.197757983249076],[-1.5128905114805393,47.1985841179176],[-1.5149182198577424,47.199048851870074],[-1.5152935631964846,47.19853933616334]],[[-1.5236895468689344,47.18893626069229],[-1.523348968645784,47.18829615461057],[-1.5226383120448075,47.18818333142138],[-1.522000426130242,47.18904704532593],[-1.5212538621424792,47.18897438359186],[-1.5198029429012991,47.189814111736894],[-1.5188288130062808,47.18939855481036],[-1.5163547571036466,47.1892772692646],[-1.5156132706494054,47.18884263288743],[-1.515743340399757,47.18814878098506],[-1.5147503595014793,47.18800851736339],[-1.5150550742422144,47.18748117808532],[-1.5144888615427063,47.187073791905945],[-1.5135961208704405,47.187317967496774],[-1.512838177955057,47.18704766606891],[-1.5122022831850814,47.18743916866823],[-1.5126006623545485,47.187985088464494],[-1.5143914374856455,47.18817148626114],[-1.513682462616471,47.188789583001935],[-1.5137185214991653,47.18964297626364],[-1.515185717201159,47.189986333232206],[-1.5156664275166265,47.190206117897326],[-1.5170890143543327,47.19002376755573],[-1.5172880860643507,47.190524792810955],[-1.5183215151569311,47.19085919227451],[-1.5181830517682748,47.19204912458393],[-1.5187327167287419,47.19241821005349],[-1.521011957050396,47.19158042454373],[-1.5209173249311165,47.19084314493064],[-1.5216804843812881,47.19070815259017],[-1.5223542200171243,47.18978570959502],[-1.522154358463331,47.18919380493418],[-1.5232547182385436,47.189518809039704],[-1.5236895468689344,47.18893626069229]],[[-1.5150990051160684,47.202792334228846],[-1.5144620850897739,47.202233050798505],[-1.5135763227873165,47.20280835459305],[-1.5142309062699801,47.20325859948873],[-1.5150990051160684,47.202792334228846]],[[-1.5156850691824233,47.19492539068483],[-1.5157499632322997,47.19425949154535],[-1.5147741800834311,47.19393377732638],[-1.515422083797287,47.19360035656659],[-1.515350195505533,47.19314463435707],[-1.5132797514432332,47.19258642882819],[-1.5130361004467974,47.19322898574671],[-1.513709228367051,47.19363772180929],[-1.5132482732547397,47.19446252606696],[-1.5145009995236938,47.1951820409671],[-1.5156850691824233,47.19492539068483]],[[-1.513198560681081,47.159693629410484],[-1.5124389695531444,47.1590943932185],[-1.5109252995016926,47.15995156999977],[-1.5121303131615946,47.16133963822221],[-1.5130024202752506,47.161120561280235],[-1.513198560681081,47.159693629410484]],[[-1.5155947046996723,47.19160555856025],[-1.5152691267222385,47.190078987734516],[-1.514392471076805,47.190128092789216],[-1.5136593551485877,47.191633684610615],[-1.5146157953862782,47.19185922768983],[-1.5155947046996723,47.19160555856025]],[[-1.5179488089538034,47.20027034492999],[-1.51660657702676,47.19990959942611],[-1.516013066390993,47.20029470102316],[-1.5166364118954487,47.20115595809805],[-1.51790264648981,47.20088358855724],[-1.5179488089538034,47.20027034492999]],[[-1.5173692255031517,47.198199886408446],[-1.5174096477295151,47.19769174537662],[-1.5167709693203673,47.19745698675145],[-1.515841643110637,47.19826118281593],[-1.5165528152554386,47.19869042612513],[-1.5173692255031517,47.198199886408446]],[[-1.5165256762638082,47.192489269587185],[-1.515576965458416,47.192701802798396],[-1.5159395915286942,47.19335423379254],[-1.5168940490150453,47.193099945833495],[-1.5165256762638082,47.192489269587185]],[[-1.5156606961162888,47.18707974639945],[-1.515687900510721,47.18784177748613],[-1.5168753279292515,47.187873386464986],[-1.516992471182157,47.187082755757025],[-1.5156606961162888,47.18707974639945]],[[-1.5186026940369866,47.20172375119187],[-1.5177442179430898,47.20144940128799],[-1.5169541580053776,47.201655012400956],[-1.5171249025771472,47.20281117067993],[-1.5188665448709104,47.20260765067345],[-1.5186026940369866,47.20172375119187]],[[-1.5197970260338018,47.19300941081011],[-1.5184556701546483,47.19236533470876],[-1.517447323942068,47.19250350909327],[-1.517065380889193,47.19371549385928],[-1.5175822718102525,47.1940023678085],[-1.518977467252448,47.193873705621634],[-1.5197970260338018,47.19300941081011]],[[-1.5129793732706494,47.13259237055112],[-1.5123230234381742,47.132795728268796],[-1.5123312965067723,47.133287607523556],[-1.514307822406532,47.13464474808821],[-1.5150358485973114,47.134649283245494],[-1.515849080534869,47.1338427118175],[-1.5155098545726808,47.132997167610846],[-1.5129793732706494,47.13259237055112]],[[-1.519485928297712,47.19976652904357],[-1.5204270575516825,47.19869167088441],[-1.5197352145776,47.19840743119641],[-1.5187077854782758,47.19935496271525],[-1.519485928297712,47.19976652904357]],[[-1.5202946571686613,47.195240472075156],[-1.5195377435164175,47.194851350809635],[-1.5189773010449672,47.19538000521638],[-1.5197421905612554,47.19576674975183],[-1.5202946571686613,47.195240472075156]],[[-1.516652203360811,47.14981794425123],[-1.5156905797921458,47.15007084604879],[-1.5155797335632626,47.15078713555655],[-1.5160412148714482,47.151138090367326],[-1.5170918199765613,47.15085751256166],[-1.5172726620512027,47.15015972545016],[-1.516652203360811,47.14981794425123]],[[-1.5193655974379934,47.17439372143174],[-1.519879761085655,47.17333558925],[-1.5192783126479796,47.17312108431803],[-1.5183607630643252,47.17388397454082],[-1.5193655974379934,47.17439372143174]],[[-1.5177071622721683,47.14111298186592],[-1.517298327478658,47.14042583472395],[-1.5163954077009114,47.14042839112247],[-1.5159382652085547,47.140855576493045],[-1.5167981955481245,47.1415434871317],[-1.5177071622721683,47.14111298186592]],[[-1.5215357280291735,47.18846207382564],[-1.5213542067026737,47.1878300277796],[-1.5201295121482574,47.1878546706208],[-1.5200181531266796,47.18835263391384],[-1.520554964060493,47.188739283583644],[-1.5215357280291735,47.18846207382564]],[[-1.5249498957404262,47.143082059519806],[-1.5275573408873089,47.14174561098605],[-1.5270342901795502,47.14091030501253],[-1.5256451187329259,47.140716246453714],[-1.5244508641847903,47.14006351671407],[-1.524498100111724,47.13943430876146],[-1.522558091983989,47.13816613513436],[-1.5217182314718436,47.13808438400969],[-1.521729368138695,47.137621450780316],[-1.5201757648622805,47.13630406023122],[-1.5187718189570871,47.136281979587245],[-1.5173265307667192,47.13500134409917],[-1.516054458212913,47.13532857106388],[-1.5159406170118461,47.13586953206377],[-1.5176191640482333,47.13695303766825],[-1.519546532211097,47.13923603680476],[-1.5208067293163217,47.13903009758323],[-1.5231141228403897,47.140386717971225],[-1.5240426241744471,47.14036521744346],[-1.524327580915313,47.14132378505893],[-1.525313809045893,47.141204593900746],[-1.5240108647381019,47.142233858777445],[-1.5242158063895868,47.14299846968865],[-1.5249498957404262,47.143082059519806]],[[-1.5220237707175486,47.18663951042476],[-1.521905817612348,47.1856298400402],[-1.5208751705693533,47.185530033359115],[-1.5206666389491836,47.18630075120979],[-1.5220237707175486,47.18663951042476]],[[-1.5228661444782485,47.193970864372474],[-1.5220627982641146,47.194480882136965],[-1.5229708310442887,47.1949361489653],[-1.5236984319315392,47.194368210891504],[-1.5228661444782485,47.193970864372474]],[[-1.5256057778577048,47.185546728127115],[-1.5256610433361792,47.18497173874532],[-1.524117570824141,47.18411522567388],[-1.522167177290413,47.18430224432276],[-1.5223889403095237,47.185275853377114],[-1.524283083501755,47.18533120832408],[-1.524868478110664,47.185835866102174],[-1.5256057778577048,47.185546728127115]],[[-1.5250163387392643,47.20454204147384],[-1.5252021010530201,47.20390510335908],[-1.5242819255492122,47.203786739438534],[-1.5241088095554067,47.204417235007035],[-1.5250163387392643,47.20454204147384]],[[-1.523828547112418,47.19189399751155],[-1.5251109038990271,47.19115982542268],[-1.5243691633029848,47.190780215025995],[-1.5233064948042319,47.19148378825318],[-1.523828547112418,47.19189399751155]],[[-1.5260006610686816,47.19292795889172],[-1.5253467396105123,47.19273843565323],[-1.5239093410205236,47.19310380431985],[-1.5236350621145702,47.193962806721785],[-1.5246528032151014,47.19481931550767],[-1.5259784377618377,47.194518694699894],[-1.5260006610686816,47.19292795889172]],[[-1.5214990957694317,47.160273070081416],[-1.5224819800660194,47.15964614144657],[-1.522016428196209,47.15906736600974],[-1.520961131635035,47.15971097626997],[-1.5214990957694317,47.160273070081416]],[[-1.520247452465407,47.132775050439264],[-1.5207351653563104,47.13172943772013],[-1.5199287077218215,47.131449855896136],[-1.5189040298353085,47.132403234151944],[-1.520247452465407,47.132775050439264]],[[-1.525748043076785,47.19929042244968],[-1.5270114888681146,47.19931110402121],[-1.5272318669959792,47.19869195071293],[-1.5256950956470507,47.198452460540516],[-1.525748043076785,47.19929042244968]],[[-1.5221826994997343,47.15179571328259],[-1.5240338030682337,47.151049330786094],[-1.523666000292114,47.15044935697681],[-1.521414994598342,47.15109294853284],[-1.5221826994997343,47.15179571328259]],[[-1.5219608583304258,47.14459417470354],[-1.5216738201943418,47.14502736080069],[-1.5221342415182901,47.14567953798324],[-1.5235723145865252,47.14576637982495],[-1.5236467840611663,47.144962127614775],[-1.5219608583304258,47.14459417470354]],[[-1.5262693425647176,47.17845420841452],[-1.527434105161551,47.177962547413046],[-1.5270751438535932,47.17729101840134],[-1.5246600468626186,47.177266386144595],[-1.5248104184411964,47.177898343293855],[-1.5262693425647176,47.17845420841452]],[[-1.5294324362712801,47.1847838018812],[-1.5260468092441823,47.18522550391817],[-1.5262312907407716,47.18589613325832],[-1.5257304491720567,47.18648819468384],[-1.5261614747188137,47.186969986825225],[-1.5254516782888503,47.1878381104675],[-1.5257444614456763,47.18824777309462],[-1.5277789229878738,47.18883413876913],[-1.5284651063600125,47.188654581813196],[-1.528787469202941,47.18793193639835],[-1.527321053207762,47.1871995559867],[-1.5278854990296378,47.18640493890783],[-1.5271460191555746,47.18580113950984],[-1.527302596555638,47.18555117320191],[-1.5281312167193395,47.18603032516936],[-1.5288293487752413,47.18594408307701],[-1.5296525701538837,47.185308091737035],[-1.5294324362712801,47.1847838018812]],[[-1.5230783204080522,47.135333581001944],[-1.5222884502624805,47.13519865478921],[-1.5214379239717482,47.13571461143888],[-1.5215061291384102,47.13643529060731],[-1.5222349746623847,47.136525336395486],[-1.5231489696729898,47.136001388445145],[-1.5230783204080522,47.135333581001944]],[[-1.5277878234544686,47.196429841220606],[-1.5285746007081775,47.19599498485369],[-1.5278615245614242,47.195285143225966],[-1.527016792874458,47.19574795100519],[-1.5277878234544686,47.196429841220606]],[[-1.531658031600207,47.19409222949816],[-1.5303307357894678,47.19329227001001],[-1.529542718580712,47.19389694986004],[-1.5286018322102215,47.19369450746405],[-1.528116626877669,47.194211091697795],[-1.5284635175463224,47.19478023367712],[-1.529994315900739,47.19511018635501],[-1.531658031600207,47.19409222949816]],[[-1.529738882930255,47.18947562918421],[-1.5289158547947943,47.189005579127496],[-1.5281734033123548,47.189718962440324],[-1.5289930462707562,47.19004742901127],[-1.529738882930255,47.18947562918421]],[[-1.5305551717824917,47.196379765974456],[-1.529619734088035,47.19620915314093],[-1.5293855851209446,47.196867122836196],[-1.5302975504962757,47.19701157268142],[-1.5305551717824917,47.196379765974456]],[[-1.5284518892672279,47.14884194488738],[-1.5282539372494826,47.14771807010275],[-1.5275323443003348,47.147654831225],[-1.5267642946842137,47.14841006087195],[-1.5256939748875686,47.14838670160492],[-1.5256185180353157,47.14908784146904],[-1.527488396793837,47.149594972452455],[-1.5284518892672279,47.14884194488738]],[[-1.5312163774988943,47.1977320432379],[-1.5299241033905642,47.19794086702103],[-1.5302371504115468,47.19885776752468],[-1.5318992452620563,47.19863322627889],[-1.5318476729486017,47.19806522219795],[-1.5312163774988943,47.1977320432379]],[[-1.5288669354440965,47.17690172938142],[-1.5282984297932616,47.17710438584378],[-1.5282483959549509,47.177594021293125],[-1.5292690549656665,47.177986060748204],[-1.5298084336197844,47.17729051131756],[-1.5288669354440965,47.17690172938142]],[[-1.5274818052333756,47.1530043709789],[-1.5265021066800157,47.15323996907166],[-1.5269659265962179,47.1538997871832],[-1.5280092012644662,47.15362787323327],[-1.5274818052333756,47.1530043709789]],[[-1.5351492319196711,47.19773455233881],[-1.5356695878540512,47.19660777494326],[-1.535056312592865,47.196288234950906],[-1.5336012160678758,47.19671260681363],[-1.5313470131275753,47.19628451124077],[-1.5307798973998892,47.19671337412398],[-1.5321658438846866,47.197881160238545],[-1.5351492319196711,47.19773455233881]],[[-1.5285764856737167,47.151726988122235],[-1.527781751538888,47.15067216133891],[-1.5270870502520546,47.15091855334895],[-1.5276927464374574,47.15192195285758],[-1.5285764856737167,47.151726988122235]],[[-1.5315122240500565,47.17955089146464],[-1.5313845896730445,47.17883039162421],[-1.5302464808324963,47.1790085358095],[-1.5304719380909297,47.17963397177671],[-1.5315122240500565,47.17955089146464]],[[-1.5341760843573289,47.19843989460667],[-1.532876929144113,47.19846002769121],[-1.5321317482054642,47.199722173912114],[-1.5331245139269258,47.20064962113922],[-1.5348583095306367,47.20013167857713],[-1.5341760843573289,47.19843989460667]],[[-1.5375073222923188,47.19607604123998],[-1.5378010762148155,47.19528369967683],[-1.5365303610054115,47.195338976601555],[-1.5361117045298802,47.194911846874774],[-1.536968574542101,47.19453304868282],[-1.5368284304963966,47.19239721584255],[-1.5339318489975409,47.191436350625885],[-1.5334396679009679,47.19217508561864],[-1.5352520141129178,47.19327865154363],[-1.5349577476646212,47.19371150392863],[-1.5337537570247088,47.1935841315265],[-1.5321346829928721,47.194992822006284],[-1.5319616728464198,47.195753645093674],[-1.5328735439828987,47.196018486492406],[-1.5334818293281887,47.195364440586104],[-1.534499067900414,47.19534524165171],[-1.5375073222923188,47.19607604123998]],[[-1.528509020728031,47.12786669417191],[-1.5269693151232202,47.127012055743975],[-1.5263485697608332,47.12799155680699],[-1.5280269005340221,47.12834646777903],[-1.528509020728031,47.12786669417191]],[[-1.5260296860530949,47.122273221955005],[-1.5269636660281871,47.122571628973375],[-1.5276369766832023,47.122218662182185],[-1.5276342910653509,47.12173557554805],[-1.5263308322107008,47.12132156040246],[-1.5260296860530949,47.122273221955005]],[[-1.531838355628796,47.172545642306105],[-1.5318151992606088,47.1717994775307],[-1.5303334755468117,47.17182490580559],[-1.530551483466294,47.17262518367396],[-1.531838355628796,47.172545642306105]],[[-1.529777451919969,47.14397901357603],[-1.528695374161484,47.14382337257701],[-1.5282524892108083,47.14496984958859],[-1.52892331917021,47.1450968275593],[-1.5298307098851012,47.1446819435799],[-1.529777451919969,47.14397901357603]],[[-1.5316081355604791,47.152798342315506],[-1.532172591024244,47.151747513319606],[-1.5314928991036285,47.151566299494625],[-1.5305067568591821,47.15205670666568],[-1.529342481464737,47.15194525585086],[-1.5290067943642216,47.15266911113538],[-1.5299477221586801,47.15304937885456],[-1.5306231557048888,47.1525059763925],[-1.5316081355604791,47.152798342315506]],[[-1.5342440323636153,47.14670235065628],[-1.5333206630015488,47.146909385643255],[-1.5322191492568098,47.14623555144814],[-1.5316167135205732,47.14644743271049],[-1.531314424036885,47.1471911042812],[-1.5294187985684924,47.146980745965074],[-1.5295044440257246,47.14788668677487],[-1.5287131460830017,47.148452257072876],[-1.529530255716781,47.14888054952354],[-1.5293587262733401,47.14968415192789],[-1.5308080447403207,47.149847703875956],[-1.5314068874277942,47.14835220567585],[-1.5325816787379005,47.14757266253676],[-1.5326114906440473,47.1484677984082],[-1.5335909449877692,47.148513820756676],[-1.5337825620536822,47.14769638908614],[-1.5348286722859186,47.14729281597114],[-1.5342440323636153,47.14670235065628]],[[-1.5307788044358985,47.1542775728612],[-1.5305238124574172,47.15383464312934],[-1.5296101067678556,47.15369880253435],[-1.5293198140361721,47.15473329231425],[-1.5301957772742645,47.15495376290679],[-1.5307788044358985,47.1542775728612]],[[-1.5332648305523944,47.17644756228794],[-1.532732809602762,47.17597901109089],[-1.5315336624332494,47.17617487167629],[-1.5314745526161908,47.177241547326844],[-1.532394747003709,47.17738821808776],[-1.5332648305523944,47.17644756228794]],[[-1.532558288390315,47.14523579952577],[-1.5309408279953187,47.14459037042914],[-1.530334402593431,47.14514025039222],[-1.5292553052971054,47.14506903890863],[-1.5289685323407427,47.14547889210557],[-1.5295517275886408,47.14626107400991],[-1.5305228830558262,47.14605106780154],[-1.530435924754471,47.14530106153265],[-1.532262739491915,47.14613599428448],[-1.532862388151612,47.14578035312915],[-1.532558288390315,47.14523579952577]],[[-1.5341495906414182,47.18918867318478],[-1.5348419377529987,47.18868586046109],[-1.5342417453843897,47.18819919791915],[-1.533295686271397,47.18869378775789],[-1.5341495906414182,47.18918867318478]],[[-1.5416948723652346,47.157738870490576],[-1.5439142429799815,47.15715929709897],[-1.543766453346161,47.155709896215406],[-1.5412080663116354,47.15571564295971],[-1.5413201312107305,47.15542565631735],[-1.5426512517307787,47.15525647835354],[-1.5427098915052453,47.15455587761147],[-1.541272473282471,47.15433455813983],[-1.5407725553652687,47.155008000230985],[-1.5388007719956562,47.15426006909281],[-1.5378601805902805,47.1545903083983],[-1.5369681248713074,47.15396352491728],[-1.5383186113383087,47.15414052878456],[-1.539062359803165,47.15285672949092],[-1.5366543481470702,47.15253156258178],[-1.5371348012274024,47.15135204047806],[-1.5349862027284435,47.15090002809843],[-1.5340495149563105,47.149971819137114],[-1.5344276979550049,47.14914158371598],[-1.5332962486076347,47.14901027123179],[-1.5325375230363836,47.14994928067783],[-1.5348179969874842,47.152398060521136],[-1.5346788193492837,47.15272069213728],[-1.533602533444503,47.15234427560876],[-1.5325408239654879,47.152833348482694],[-1.5311304772136212,47.15414042236961],[-1.5311811549835532,47.154713709735724],[-1.5325449399781201,47.15513460784589],[-1.5345897156974504,47.15454908290628],[-1.534749861610027,47.15288913768312],[-1.535505585261043,47.153666888805446],[-1.5351620089573195,47.15418505448192],[-1.5357750778987431,47.15535523347838],[-1.537113325041618,47.15527950877383],[-1.5377164961543581,47.155913162615114],[-1.5379324546441964,47.156513746229066],[-1.537353605757729,47.15676918806782],[-1.5369029798142042,47.158115480294505],[-1.5376956429795487,47.159118146889895],[-1.539798286851866,47.15874098294131],[-1.540574561279395,47.158043604271754],[-1.5404546231539165,47.15755956449421],[-1.5390013317160283,47.15688562173025],[-1.5416948723652346,47.157738870490576]],[[-1.5330670165544076,47.156800450593416],[-1.5319851273394283,47.1569114435896],[-1.5324585607090853,47.157650567454176],[-1.5334094016444713,47.15740011974363],[-1.5330670165544076,47.156800450593416]],[[-1.5340282378489545,47.1756227070913],[-1.5349626024750151,47.17542204721214],[-1.5346014200612874,47.174778808135954],[-1.5337021935420705,47.17504068366462],[-1.5340282378489545,47.1756227070913]],[[-1.534982760010574,47.17227881494375],[-1.5339561328646267,47.17198892881676],[-1.5336041831042222,47.17264341151873],[-1.534463735032275,47.17289664712559],[-1.534982760010574,47.17227881494375]],[[-1.533881181852007,47.15688599770678],[-1.5351257511426541,47.15578214862972],[-1.5341968308433862,47.1553412545911],[-1.5329023316114805,47.15595801486118],[-1.533881181852007,47.15688599770678]],[[-1.5396676817340862,47.197564952791055],[-1.5365767114702626,47.1974375891303],[-1.536990295794151,47.19888966313535],[-1.539569538288825,47.198297663727764],[-1.5396676817340862,47.197564952791055]],[[-1.5360108480984906,47.179406868405],[-1.537764769196153,47.178508193788524],[-1.5370703466030204,47.17800550214246],[-1.5360320327484611,47.17825826088138],[-1.5354185521080705,47.178907638390996],[-1.5360108480984906,47.179406868405]],[[-1.5366672920640003,47.17408036790663],[-1.5369901384135094,47.1734489628261],[-1.5358893837530825,47.173202305958505],[-1.5354848948027624,47.173997303926846],[-1.5366672920640003,47.17408036790663]],[[-1.535792589321108,47.15868509323989],[-1.5358910789351967,47.15820929532866],[-1.5352883091315213,47.1578226558091],[-1.5342155164396254,47.158357723531154],[-1.5349414191795945,47.1589745932372],[-1.535792589321108,47.15868509323989]],[[-1.5340332198383113,47.13541001374228],[-1.5343956232156328,47.13387694516973],[-1.5332409379774081,47.13343280003515],[-1.532224311955968,47.134720654394776],[-1.5323196218913593,47.13542074426166],[-1.5337019547507982,47.136473117389926],[-1.534817463293164,47.13599851895276],[-1.5340332198383113,47.13541001374228]],[[-1.537686550837777,47.18095295662699],[-1.5378496737496175,47.180195673936865],[-1.5363185495334126,47.180154889471346],[-1.5364781091300908,47.181107826036566],[-1.537686550837777,47.18095295662699]],[[-1.5421289772136582,47.19669197357213],[-1.5400194293990979,47.19477897425437],[-1.5388951752866682,47.19496292985927],[-1.5387459930585268,47.195411500612934],[-1.5393898910070785,47.195858564800815],[-1.5382271660906375,47.19608458211097],[-1.5377753045607572,47.19655199787449],[-1.5382221736741424,47.197052746127085],[-1.5394141888482447,47.196767170208076],[-1.5406703683400276,47.197465099444656],[-1.5421289772136582,47.19669197357213]],[[-1.5335302346347914,47.14154006057299],[-1.534111405234853,47.14189103100594],[-1.5349123769305189,47.141598550969555],[-1.534342787162057,47.14034497422718],[-1.5333650221118742,47.140571898941204],[-1.5335302346347914,47.14154006057299]],[[-1.5422058361945659,47.1830170574275],[-1.5429711534826314,47.18209292366057],[-1.542387557021028,47.18182623254827],[-1.5428175275273328,47.18107220243263],[-1.5411807634463268,47.17993372646453],[-1.541168349942343,47.17941587186214],[-1.5421744908704544,47.17899469571757],[-1.5425595079194796,47.178336094730064],[-1.541444542418823,47.17783238655661],[-1.5396338339387647,47.1788198434865],[-1.5388649413354787,47.17885231689914],[-1.5383947834053358,47.17965928936291],[-1.5387257196918225,47.18011711885247],[-1.5396852904992913,47.18009852278648],[-1.5407679188936567,47.18185672580801],[-1.5387373630929622,47.18179946897109],[-1.5389574000336004,47.181045646586504],[-1.5378966672397913,47.18091680352329],[-1.5372057618109305,47.18191551144947],[-1.5378076175133928,47.18215285888608],[-1.5386895250313102,47.181853404315575],[-1.5377641477217348,47.18243011528708],[-1.5375270797134222,47.18356706359155],[-1.5381616305979287,47.183919505733584],[-1.5393018218225751,47.18364815105907],[-1.5390981856813009,47.182592090460886],[-1.5402005953693985,47.182915607705155],[-1.5409826227810206,47.18250255802097],[-1.5422058361945659,47.1830170574275]],[[-1.535131401353863,47.150478232158136],[-1.5377140976699974,47.150260271340315],[-1.5372599599550119,47.14867935271013],[-1.5347684497706955,47.148707572221646],[-1.534478956414182,47.14913266291337],[-1.535131401353863,47.150478232158136]],[[-1.5367950879252796,47.15659330145231],[-1.535643879160245,47.15667272987691],[-1.5358392000076657,47.157436417383444],[-1.5370100927016181,47.15728237803146],[-1.5367950879252796,47.15659330145231]],[[-1.5382052078614303,47.162871104262386],[-1.5381012301166301,47.16223655375233],[-1.5370712968664813,47.16229135729406],[-1.5371877812750805,47.16304606468816],[-1.5382052078614303,47.162871104262386]],[[-1.53936011831084,47.161374620409845],[-1.5382735920958728,47.161287003473966],[-1.5384383250647142,47.16209006042909],[-1.5394189407225356,47.16203374490084],[-1.53936011831084,47.161374620409845]],[[-1.5382066371489926,47.13914326512199],[-1.5366714800888888,47.13934223325737],[-1.5368052184513012,47.140370558958104],[-1.537531589541373,47.140418296415255],[-1.5384011087419982,47.13985180596484],[-1.5382066371489926,47.13914326512199]],[[-1.541749479837475,47.1833392907893],[-1.5408762561919347,47.18303126408544],[-1.5403353905037278,47.18371579925718],[-1.541453050318653,47.18399299446966],[-1.541749479837475,47.1833392907893]],[[-1.5438647159641854,47.17527259133242],[-1.5433966997769915,47.17487472691496],[-1.541588842892789,47.17484889003543],[-1.5404030366141834,47.174976889884185],[-1.5400362866169706,47.17541667389026],[-1.5405792936751352,47.175829566096276],[-1.543264949961915,47.17593410489359],[-1.5438647159641854,47.17527259133242]],[[-1.552225815099011,47.18865547640441],[-1.552395282337456,47.18809583511869],[-1.551914058214798,47.18775692275233],[-1.5511064928727516,47.187983899612114],[-1.5505098101171022,47.1875407883565],[-1.5479415742432572,47.187526532895326],[-1.5488424870906516,47.18612589740327],[-1.5485187866008538,47.185630509819276],[-1.5477304019780742,47.18556117870126],[-1.548060760717614,47.184296730567254],[-1.5472585310002567,47.183750707760126],[-1.546280537646283,47.1839112225121],[-1.5465249272753605,47.18250492358463],[-1.5455644432349416,47.18181646125824],[-1.5440740942672042,47.18196539349673],[-1.5434646012441549,47.182990920943766],[-1.5438664394443742,47.184022750262066],[-1.5422461334505302,47.184537967733675],[-1.5420617318041445,47.18557218839147],[-1.5434909496731453,47.18603402139587],[-1.5444465951895066,47.18459078172802],[-1.5442753634324369,47.18416306681377],[-1.545213370641287,47.18434957014978],[-1.5450595558570945,47.185061026851834],[-1.5457797061412741,47.18559879148579],[-1.5444696740897899,47.185730887605445],[-1.544147136939524,47.18622034210421],[-1.545063434688228,47.186900865269585],[-1.546603812198005,47.18643710091983],[-1.5467097167644124,47.18792109645544],[-1.5460028151465648,47.188529990042525],[-1.5470398629758326,47.189220881945054],[-1.5465446043763953,47.18967382242013],[-1.5468344003646102,47.19014032921342],[-1.5462882044746242,47.190429187881584],[-1.5456145675273065,47.18937417872642],[-1.544723791292435,47.189456076165506],[-1.5441968822882677,47.18998509268564],[-1.54521799642244,47.19120343755411],[-1.5448767441594657,47.1917342297265],[-1.5453491974118747,47.192894909302254],[-1.5433485356899899,47.194477700826496],[-1.5434731019462802,47.19504071802284],[-1.5425264057918782,47.195382974604385],[-1.5427091238567943,47.19626142695272],[-1.5437013247055313,47.19645020541608],[-1.544607301767779,47.19562208640517],[-1.5458209913789958,47.19581268729093],[-1.5459254709505432,47.19527497177296],[-1.5448316423406965,47.19457719816349],[-1.547166897145024,47.19312087377349],[-1.5495996491427626,47.19318243962694],[-1.5506096510803697,47.191062352490874],[-1.5532152398860233,47.18932257496474],[-1.5530429128522418,47.18883185899147],[-1.552225815099011,47.18865547640441]],[[-1.5442306876530272,47.16658905503684],[-1.5444206872632447,47.16535668943722],[-1.543447415433802,47.16522166439512],[-1.543338079726404,47.163139957620714],[-1.5421943529813218,47.16279443025673],[-1.5416818851151237,47.164023442289675],[-1.540560494885446,47.16479271941235],[-1.5406934004186468,47.16543671567636],[-1.541397393613943,47.16566362630369],[-1.5419611722757725,47.165272727050926],[-1.5425227525307956,47.165525863059464],[-1.54195819784281,47.166339861423815],[-1.5427557096388724,47.16701707256779],[-1.5442306876530272,47.16658905503684]],[[-1.5409850195914063,47.14871719753597],[-1.5410232559823218,47.14817821104408],[-1.540134992715981,47.1478852598271],[-1.5391811545921283,47.14890883816719],[-1.540091735390677,47.14933090879561],[-1.5409850195914063,47.14871719753597]],[[-1.5400531865145808,47.150875846809285],[-1.5407205061823586,47.15044035199466],[-1.5400734312014384,47.149962852054905],[-1.539359360293099,47.15040473565086],[-1.5400531865145808,47.150875846809285]],[[-1.5497009462563045,47.161872135385245],[-1.550229822623997,47.16017288437116],[-1.5494741224457456,47.159740746275645],[-1.5469026404674997,47.159607588711424],[-1.5428837183647335,47.160290097231915],[-1.541996517463422,47.159404602766024],[-1.5409004337459453,47.15999164411718],[-1.5414851699468997,47.16086254128405],[-1.5431807912077902,47.160906402876336],[-1.5429449774243078,47.16217397365827],[-1.544529661784551,47.1625406092433],[-1.5466741322441269,47.16187467543537],[-1.548126099405769,47.1622413225543],[-1.5497009462563045,47.161872135385245]],[[-1.5448882757569822,47.18822357249976],[-1.5448490054223625,47.18754066634228],[-1.5437805138040541,47.18764255648935],[-1.5438856281685804,47.188375555694385],[-1.5448882757569822,47.18822357249976]],[[-1.5412073765427579,47.15205308947514],[-1.5436097845900976,47.15148617279514],[-1.5430692306402372,47.15082892808558],[-1.5414457798854648,47.150963440313525],[-1.5406679753377224,47.15148381955711],[-1.5412073765427579,47.15205308947514]],[[-1.5446528441025142,47.177261231724486],[-1.5437893672396914,47.17694842176242],[-1.5433256364196288,47.17758373846812],[-1.5443029789777725,47.177991053251574],[-1.5446528441025142,47.177261231724486]],[[-1.5463566170267797,47.17991813779222],[-1.5465587333820274,47.17940404249619],[-1.5456771356242662,47.17872621648597],[-1.5442119875009908,47.17870229266797],[-1.5435170245890317,47.180080522070995],[-1.5438692302549322,47.18138877983642],[-1.5445200394303917,47.181556407001445],[-1.5471677565901982,47.18094230214621],[-1.5471986357690348,47.18028582833854],[-1.54593690618229,47.180147526776466],[-1.545693667422,47.17999939786631],[-1.5463566170267797,47.17991813779222]],[[-1.542458404659425,47.14993285067124],[-1.5425038469955195,47.149259048367114],[-1.5414297371292034,47.14928064999113],[-1.5414002528278252,47.14999629567837],[-1.542458404659425,47.14993285067124]],[[-1.545449517062182,47.16738489596073],[-1.5442434275845953,47.16689741323887],[-1.5431686152992194,47.167504874585994],[-1.543732867841179,47.1688509948539],[-1.5448376921351232,47.16881321926284],[-1.545449517062182,47.16738489596073]],[[-1.547719629389668,47.19508422419469],[-1.5475843709873356,47.19439583571724],[-1.5461413680152427,47.19445815375331],[-1.5467327378382973,47.19534855841361],[-1.547719629389668,47.19508422419469]],[[-1.5453258611399725,47.15488802291454],[-1.5448458259579323,47.154358650178125],[-1.5430381392591679,47.15455334588522],[-1.5431143788713437,47.15514606503359],[-1.5440274967489263,47.15524454628262],[-1.5442695546906258,47.15639514025576],[-1.54523439622159,47.156172911086],[-1.5453258611399725,47.15488802291454]],[[-1.5473334255992284,47.17358420918714],[-1.5476027681894458,47.172611919130055],[-1.5455829729008266,47.17217578093607],[-1.5455385628327227,47.17355711741559],[-1.5466534982446818,47.17392823633079],[-1.5473334255992284,47.17358420918714]],[[-1.5627322094083511,47.195686894155116],[-1.5628809422613175,47.1934505343455],[-1.5618283651211065,47.193003895228905],[-1.5609326886811634,47.19343284029691],[-1.5617127708249179,47.19423066395898],[-1.560233412719815,47.194559515166546],[-1.5607983843145439,47.19389716605598],[-1.5598629647947675,47.1928098716684],[-1.5574014755477377,47.19300556176463],[-1.556899293629552,47.19266053098502],[-1.5552486883126015,47.19262478698249],[-1.5544320462618832,47.19317908778155],[-1.5547377452995952,47.19378051275955],[-1.554090179722817,47.19431745386059],[-1.553708760840913,47.19389435363513],[-1.554156185976936,47.193269721886196],[-1.5530556209573014,47.19257288169352],[-1.5520551804701597,47.19285781376912],[-1.5507807226448564,47.194454891268805],[-1.5497041680330492,47.194830765969904],[-1.5492743540417258,47.19408540046395],[-1.5483058956774127,47.19415948714465],[-1.5487082007366202,47.195469280814045],[-1.54794653440009,47.19556202354878],[-1.5477017692354629,47.195988331974185],[-1.5490960369154574,47.19650054435997],[-1.5496215628572207,47.195696345793216],[-1.5508860840478333,47.19567405876202],[-1.5506189075888008,47.1961773663398],[-1.5510341073053802,47.196550165675205],[-1.5519156984876301,47.19654041216682],[-1.5523755056304536,47.195917017416924],[-1.552660069591198,47.19661710521583],[-1.5542451793629952,47.196676450923626],[-1.5547995957992224,47.196087053428016],[-1.5535589189543426,47.1954716206331],[-1.5559050184844756,47.19590232766752],[-1.5565962758630987,47.19550683068451],[-1.5601538038516256,47.19623674395166],[-1.5610666225594276,47.19590315685987],[-1.5619649627259977,47.19637903400174],[-1.5627322094083511,47.195686894155116]],[[-1.5475306937386146,47.165287721653975],[-1.5473062186954067,47.16483860456349],[-1.5462433139531133,47.16455836968071],[-1.5454152952257956,47.16522587922161],[-1.5466647111188174,47.166079206658],[-1.5475306937386146,47.165287721653975]],[[-1.5552642898581384,47.17560945779659],[-1.5533731971752718,47.17544048725567],[-1.5522443263084242,47.1748250242824],[-1.5507625498227995,47.17531198177552],[-1.5497339808024446,47.174567059020454],[-1.5488568106169232,47.17504290428935],[-1.548796101016094,47.175826892600575],[-1.5476796590326374,47.175762012397186],[-1.547245676316572,47.176255527083235],[-1.548397898031123,47.17698470479859],[-1.5490811460733132,47.17654992734611],[-1.5488597124876011,47.17588884030248],[-1.5505286599744705,47.17594335773312],[-1.5507893267820716,47.17642195345383],[-1.5501117812220586,47.17709375957016],[-1.5511284439366293,47.17746514796162],[-1.5528132875999332,47.17660581139002],[-1.55426794283888,47.176737843739375],[-1.5552265348788823,47.176420735224205],[-1.5552642898581384,47.17560945779659]],[[-1.5476959921152385,47.16627790864347],[-1.5467546429366612,47.16674765456748],[-1.5471765947618257,47.167339796231666],[-1.5482084833411651,47.16687879932302],[-1.5476959921152385,47.16627790864347]],[[-1.5483620003158667,47.175213670548835],[-1.5487594411607364,47.17463713052582],[-1.5479008680600388,47.17436681291067],[-1.547504898139636,47.174950428422996],[-1.5483620003158667,47.175213670548835]],[[-1.549813894997578,47.1815370635601],[-1.5495348064843573,47.18091090860275],[-1.5486028472118876,47.181112637816526],[-1.5489087378015163,47.1817594042858],[-1.549813894997578,47.1815370635601]],[[-1.5499258969453726,47.183534720225886],[-1.5490342443432574,47.18379871392897],[-1.5493721259313822,47.18438434496007],[-1.5502838950731122,47.184149140699624],[-1.5499258969453726,47.183534720225886]],[[-1.549828904319413,47.1721010260482],[-1.5492236335625638,47.17170205007183],[-1.5485301671038445,47.17200827739509],[-1.5490960216158738,47.17268108296582],[-1.5483152797671713,47.173619420125554],[-1.548754743153431,47.17410219028272],[-1.5494488841448033,47.174013556548715],[-1.5502314076304915,47.17325327379572],[-1.5496402669575962,47.17257030588884],[-1.549828904319413,47.1721010260482]],[[-1.5508724495845208,47.170749772150316],[-1.5497844050877265,47.171542194270614],[-1.5506106199466578,47.172189305828354],[-1.5519719145755873,47.17112506866327],[-1.5516301821366196,47.170688000113266],[-1.5508724495845208,47.170749772150316]],[[-1.557325943034611,47.18483285573875],[-1.5567186231165093,47.18441944186057],[-1.5546267799851765,47.185075879978626],[-1.5532787678863613,47.18465801827185],[-1.5528164137792762,47.18564576020597],[-1.5560097053254331,47.18665578511063],[-1.5565727507297975,47.185965714970905],[-1.555991300774675,47.18543105640651],[-1.5570390012036235,47.185294369572794],[-1.557325943034611,47.18483285573875]],[[-1.551758901944703,47.156378127393126],[-1.5527282675351897,47.15443471664088],[-1.5516311076727634,47.153906962310494],[-1.5510867608750598,47.15424628882652],[-1.5508393286909288,47.15640521270873],[-1.551758901944703,47.156378127393126]],[[-1.555499971126414,47.16008164013778],[-1.5575211253287526,47.156342089864864],[-1.5545216886844861,47.15523277216682],[-1.5538762087133304,47.15574491760896],[-1.5527487583730077,47.15583160665],[-1.551018701998938,47.15816565215268],[-1.5510622307272055,47.15880185755565],[-1.555499971126414,47.16008164013778]],[[-1.5533115478743944,47.17759614394557],[-1.5541620188914351,47.17732098597772],[-1.5537554456290075,47.176748054894894],[-1.5529157191545258,47.17702188128948],[-1.5533115478743944,47.17759614394557]],[[-1.5559696325299928,47.18969279548013],[-1.555718782049541,47.188445753330974],[-1.5550135152261433,47.1884156451526],[-1.5543986598235608,47.189529992829684],[-1.5559696325299928,47.18969279548013]],[[-1.5554505736718676,47.184306860988634],[-1.5555026700105037,47.18363456233985],[-1.554176883749912,47.18342297108035],[-1.5540889941098857,47.184132721614546],[-1.5547774073598772,47.184487343526406],[-1.5554505736718676,47.184306860988634]],[[-1.5571908089182156,47.17426782979164],[-1.5584198317015598,47.17301348459206],[-1.5574289206625616,47.17212888982429],[-1.5567054013319528,47.17210011694675],[-1.5560303225628573,47.17350030548914],[-1.5571908089182156,47.17426782979164]],[[-1.5554845450686694,47.16248541355518],[-1.5560408413093116,47.163190638213685],[-1.5569710293637902,47.162595570789385],[-1.55630715402978,47.16206447208862],[-1.5554845450686694,47.16248541355518]],[[-1.5582308846892423,47.18224186301458],[-1.5584034783026544,47.181077931426756],[-1.5574125165401,47.181247265722],[-1.5574996003334198,47.1822145612817],[-1.5582308846892423,47.18224186301458]],[[-1.561212386318422,47.18489793985515],[-1.56042884812702,47.18377129447395],[-1.5589858304359634,47.18384447098468],[-1.5583288662694696,47.18418041055849],[-1.558162531283212,47.18507673033109],[-1.5602692372663265,47.1859883319525],[-1.561212386318422,47.18489793985515]],[[-1.5622224940275296,47.17672374889323],[-1.561587697134119,47.17588257181418],[-1.5608608696013773,47.1759221771875],[-1.5604031881101694,47.176494194197254],[-1.559353301102826,47.175727850419],[-1.5580494900043895,47.176687409517115],[-1.5589798730818751,47.177448990970184],[-1.560413216069783,47.17688773629162],[-1.5617676855013491,47.17723599297473],[-1.5622224940275296,47.17672374889323]],[[-1.5585614810386,47.17835882129582],[-1.5595449977833,47.17835208246577],[-1.5594752205776758,47.177619620185894],[-1.5584804696370613,47.177693381082975],[-1.5585614810386,47.17835882129582]],[[-1.5649396376300695,47.1800737918923],[-1.562428881972708,47.180411201578856],[-1.5618583641136277,47.17994856973809],[-1.560476575946652,47.179849549884096],[-1.560274714193652,47.18033232446749],[-1.5611041679332942,47.1808756729389],[-1.5607909058117695,47.181313954661256],[-1.5612529167845317,47.18180323832803],[-1.5605751342646457,47.182034621877456],[-1.5606392848834147,47.18256115381209],[-1.5615746628472236,47.182624479203035],[-1.5615416583283805,47.18186781300375],[-1.5621714821298065,47.18164756382003],[-1.562818307669886,47.181914522855976],[-1.5639276777525717,47.181558554196364],[-1.5640721788861862,47.180784275167944],[-1.5652423234636739,47.18067562978761],[-1.5649396376300695,47.1800737918923]],[[-1.5652243434496056,47.190708101639316],[-1.5648239172326104,47.190145174264245],[-1.5630504032624262,47.19049563788653],[-1.5623630509817443,47.19007890297171],[-1.5616888260774549,47.190214438500945],[-1.5614422982313074,47.19069855467733],[-1.5618342702231087,47.191123382291366],[-1.5629227276562965,47.19097389478996],[-1.56383521149663,47.191441294213405],[-1.5652243434496056,47.190708101639316]],[[-1.5618863183560565,47.17331244431838],[-1.5608269534786305,47.17319467604004],[-1.5607189740686183,47.17406336754706],[-1.5616575801547514,47.174073985730914],[-1.5618863183560565,47.17331244431838]],[[-1.560943726035388,47.17087416600478],[-1.5619821608175959,47.17066796562634],[-1.5619957011788668,47.17017388116248],[-1.561409786427482,47.16987561577142],[-1.5604194162767817,47.1702326223752],[-1.560943726035388,47.17087416600478]],[[-1.5650594072902337,47.18627434861142],[-1.5636616049036003,47.185866070269384],[-1.5635882994549148,47.18482487606679],[-1.5621266046366347,47.185070385815294],[-1.5622280565804951,47.18588148542836],[-1.5630308026628499,47.18614104528066],[-1.5631521599823028,47.18677323952346],[-1.5623734015456425,47.18717750262197],[-1.562742498597034,47.18769493574038],[-1.5635215705041559,47.18765834873829],[-1.5638012174939993,47.1871023136133],[-1.564972982089703,47.186734114462375],[-1.5650594072902337,47.18627434861142]],[[-1.5640816817403265,47.183978897297614],[-1.5632365953983651,47.18365548061427],[-1.5627419197780692,47.18420361560728],[-1.5636228681138387,47.18455745552071],[-1.5640816817403265,47.183978897297614]],[[-1.5638003791671622,47.17675111897379],[-1.5627854292755223,47.17693236175755],[-1.562941611729047,47.177551802927844],[-1.564132111076485,47.1774659567124],[-1.5638003791671622,47.17675111897379]],[[-1.5645782275723492,47.18249857296],[-1.563619959025291,47.182288936169044],[-1.5632342480372574,47.18287917858303],[-1.564459946674729,47.18332275451373],[-1.5648817705479627,47.182939442760784],[-1.5645782275723492,47.18249857296]],[[-1.5662229697983634,47.18592673029788],[-1.5669153538361997,47.18509073969479],[-1.56642284789163,47.18476264910164],[-1.56490025763989,47.18522228980473],[-1.5654003675319323,47.18586709991564],[-1.5662229697983634,47.18592673029788]],[[-1.5668481134451488,47.17303425554872],[-1.568588792878812,47.17247479792601],[-1.5676930664935413,47.17111687436826],[-1.5660880847502534,47.16999954517316],[-1.5653998419189314,47.169978491456334],[-1.564175784830449,47.170995511447124],[-1.5642016915401868,47.17143120503058],[-1.5668481134451488,47.17303425554872]],[[-1.5655792531035997,47.1781954465099],[-1.5649802805473076,47.17879392370205],[-1.5659309915311022,47.17924091836064],[-1.566436415221096,47.17871110097751],[-1.5655792531035997,47.1781954465099]],[[-1.5684718739032257,47.18368151480262],[-1.5671418550225475,47.18273124661368],[-1.5659953035239547,47.18314318942825],[-1.5665089910674475,47.184014514904305],[-1.568007427500564,47.18418210239772],[-1.5684718739032257,47.18368151480262]],[[-1.5709448567374495,47.19230168149007],[-1.5712109272976376,47.191298291480095],[-1.5699348804711601,47.19063674941944],[-1.5690114988776003,47.1907593077515],[-1.5684940565291348,47.19128924550195],[-1.56786013211473,47.19086538911505],[-1.5671401620042849,47.19122690690844],[-1.5676199733443756,47.19186772242919],[-1.5685007250788192,47.19143412468751],[-1.5694201096856082,47.19175752483076],[-1.569365221168115,47.19228949614407],[-1.5698974357808253,47.19256056133308],[-1.5709448567374495,47.19230168149007]],[[-1.5675258769731295,47.15482358820703],[-1.56643636953922,47.15296876685201],[-1.5648152500916062,47.15308737822288],[-1.5646881357641975,47.15357524147931],[-1.5663398141297997,47.15521861319935],[-1.567167852468863,47.15529338321607],[-1.5675258769731295,47.15482358820703]],[[-1.5690399569703166,47.154562074239735],[-1.5680084377838142,47.154703463855704],[-1.567800850216231,47.155211326918426],[-1.5685499160507936,47.15610485742885],[-1.5699667574710847,47.156109697048926],[-1.5710885309875218,47.15429511427923],[-1.5696511333676015,47.15400263363483],[-1.5690399569703166,47.154562074239735]],[[-1.5733398209545704,47.18246353989697],[-1.5723210579957598,47.18228130448855],[-1.571670151875673,47.183293599909845],[-1.5729842753807564,47.18349302561889],[-1.5737303326933234,47.18299059037921],[-1.5733398209545704,47.18246353989697]],[[-1.5763288935306334,47.19530100145682],[-1.5758117886327079,47.19500367255416],[-1.5749499055358467,47.195183524203905],[-1.5747847924370075,47.19617084670421],[-1.5763031111485912,47.196083315774295],[-1.5763288935306334,47.19530100145682]],[[-1.577792175269105,47.16938473458482],[-1.5766331457895804,47.168159960363255],[-1.5751790274115223,47.16792275063902],[-1.5744390498138157,47.16835984173844],[-1.5751911717623257,47.169854414490224],[-1.5774991041182578,47.16985018662996],[-1.577792175269105,47.16938473458482]],[[-1.5791346018675143,47.1855038571455],[-1.5778948764604608,47.184666017712786],[-1.5771557913490213,47.18541595250147],[-1.5762870969145693,47.18539763484449],[-1.5762410209334503,47.18631456463668],[-1.578197481115991,47.186453850807546],[-1.5791346018675143,47.1855038571455]],[[-1.5791102181805667,47.182479130299676],[-1.5780853591946051,47.18218152265654],[-1.5775527877389446,47.18317393588091],[-1.5787886939053715,47.18342481682225],[-1.5791102181805667,47.182479130299676]],[[-1.5802467723618394,47.18713164201067],[-1.5795450590783346,47.186705760744495],[-1.5788639113454044,47.18718763446727],[-1.5796278248829025,47.187626123246744],[-1.5802467723618394,47.18713164201067]],[[-1.5804210894204391,47.18409310412344],[-1.5793277726598471,47.18393347644256],[-1.5789841978706765,47.184533082772646],[-1.5801276818863077,47.18484616060979],[-1.5804210894204391,47.18409310412344]],[[-1.5783938424288895,47.16417326643862],[-1.5793746109584232,47.164181502033706],[-1.5793657158887757,47.16344709093561],[-1.5782734676109558,47.16347706068731],[-1.5783938424288895,47.16417326643862]],[[-1.5815428413191732,47.18048689035654],[-1.5820799741354779,47.17997037200561],[-1.581250673880021,47.17947900523958],[-1.5803998738656233,47.18016640538696],[-1.5815428413191732,47.18048689035654]],[[-1.586021648281747,47.16663185873368],[-1.5856514912961757,47.16559969873107],[-1.5848027682964,47.16596138055984],[-1.5825273704651097,47.16529441582101],[-1.5817693913199764,47.165626514166625],[-1.5806427461955481,47.16546891947464],[-1.5801964897854566,47.16586621539559],[-1.5808404584249787,47.1666334995133],[-1.581801093922751,47.16650077171417],[-1.583775276465482,47.16751473209786],[-1.586021648281747,47.16663185873368]],[[-1.5854001958160135,47.17331185982816],[-1.5847831218353063,47.17264965969513],[-1.5836235624049733,47.17308504290131],[-1.5839273657706372,47.17369871041748],[-1.584654743853905,47.173899043389966],[-1.5854001958160135,47.17331185982816]],[[-1.5903062284603324,47.17947058366317],[-1.5890624529861617,47.17901069616553],[-1.5876430668090618,47.179558188833305],[-1.5875413705456614,47.18021615402337],[-1.586285238334139,47.18049314879591],[-1.5869977664942543,47.18118585972742],[-1.5864948336454043,47.18154851634612],[-1.5860583977565896,47.180638033784426],[-1.5850945111677004,47.18062733646294],[-1.5847388405354916,47.18146332013521],[-1.5859336447345782,47.18257313704092],[-1.588020499292162,47.18240196976249],[-1.5878358476827192,47.18121020100956],[-1.5885720077346601,47.181068090460776],[-1.5886397298472743,47.18049564288873],[-1.5901092505238588,47.17996819559559],[-1.5903062284603324,47.17947058366317]],[[-1.5861685128178242,47.18378246815715],[-1.5868617741829723,47.18334514532296],[-1.5861526919395907,47.18280525940166],[-1.5854506025705009,47.183331827297216],[-1.5861685128178242,47.18378246815715]],[[-1.5856551376999148,47.176379128730616],[-1.5873098036876936,47.17580795707291],[-1.586567378612641,47.174938559315876],[-1.5855467416478641,47.175140002863486],[-1.5852332257671868,47.175914186293205],[-1.5856551376999148,47.176379128730616]],[[-1.5871311458445956,47.15305136607683],[-1.5870412812954595,47.152288640375765],[-1.5852749819091891,47.151464265596644],[-1.5835029683378619,47.15236313312632],[-1.5846984444799495,47.153440452561874],[-1.5854620280324194,47.15316351828298],[-1.586407457262188,47.1534270517487],[-1.5871311458445956,47.15305136607683]],[[-1.58919893737225,47.18714990273678],[-1.5875774152002429,47.185877187919765],[-1.5868283936282488,47.186159174479016],[-1.5865193732728613,47.18714853059697],[-1.58739519744405,47.18767630978845],[-1.588739034041274,47.1875408039533],[-1.58919893737225,47.18714990273678]],[[-1.5999480414630651,47.1553756069216],[-1.5988140131800184,47.15493448485396],[-1.598045127757916,47.15603817332396],[-1.5984004431759875,47.15517601164571],[-1.5974074128831521,47.154367596101345],[-1.5987160915852552,47.154429721351],[-1.5994985180385763,47.152431795545944],[-1.5968297060172059,47.15105767317954],[-1.596024335626077,47.15106957869076],[-1.5958975599638787,47.15185319940422],[-1.5949316732530476,47.15260130438985],[-1.5963130028694086,47.15344685906811],[-1.596135886830864,47.15366714561693],[-1.5949213468388164,47.15398150307899],[-1.5954245984752942,47.15326873627752],[-1.5944084066063862,47.15280753334288],[-1.593303895018625,47.15318976128514],[-1.5917929860906064,47.15462831118339],[-1.5916424451279299,47.1561513339997],[-1.5906291914347106,47.1569305547485],[-1.5916922080982632,47.158379095960576],[-1.5897956648545888,47.159158114081045],[-1.5895415098773475,47.15994273392932],[-1.587482651172485,47.16115269901374],[-1.5868684568459601,47.16216416313452],[-1.5861966028618297,47.16204815154478],[-1.5850388598516114,47.162589511113545],[-1.5851787063916278,47.16325155497681],[-1.5873354037960863,47.16513101286583],[-1.588293080929971,47.16524233519773],[-1.5901066032471558,47.16436301659424],[-1.5898389028380453,47.16333483262837],[-1.590947394976542,47.16371288795519],[-1.592743305797813,47.16278038585376],[-1.5933958687782526,47.16339857709946],[-1.5941265704357876,47.16340671845834],[-1.5958700465824869,47.16257211618354],[-1.595761726713197,47.16143349072378],[-1.5968860469669877,47.16126793215666],[-1.5974723355826652,47.159785457222675],[-1.5967344037203475,47.159602984182946],[-1.5957342164942212,47.16015069013887],[-1.595444604078228,47.15976611404964],[-1.596078061081468,47.1594407913324],[-1.596829002212817,47.15750632194309],[-1.5950667065609527,47.15694077748217],[-1.593071977538739,47.15788227594838],[-1.5931991268973336,47.15707594553602],[-1.5924309272504025,47.15666282248164],[-1.594062778330676,47.15586042896894],[-1.5931793795575542,47.15493144941128],[-1.593892756661209,47.154369265226954],[-1.59610493119199,47.15544033965328],[-1.596704904399311,47.15671908925557],[-1.598313493312492,47.157232414405215],[-1.5992865736288842,47.156890268005604],[-1.5999480414630651,47.1553756069216]],[[-1.5885041472587487,47.178139292939036],[-1.5877453916216868,47.17772520100649],[-1.587095113766592,47.17821109051873],[-1.5879031845078182,47.17867565106112],[-1.5885041472587487,47.178139292939036]],[[-1.5898778497424824,47.18326854749482],[-1.589825000207786,47.18272738739566],[-1.5891121042352634,47.18238479923158],[-1.5880709629092764,47.18248256233712],[-1.587685318682193,47.18289912809869],[-1.5878872514558133,47.183341900585994],[-1.5888427476710165,47.18356535240237],[-1.5898778497424824,47.18326854749482]],[[-1.5869491295604141,47.15694810441345],[-1.5861439068745633,47.15728118845674],[-1.5866677931613573,47.157840357659246],[-1.5874759623758847,47.15749276656793],[-1.5869491295604141,47.15694810441345]],[[-1.593940947267271,47.1646045683063],[-1.5931115783935343,47.16347794382122],[-1.5924369702131418,47.16341501657507],[-1.590012163747807,47.16469755234176],[-1.5900418706907649,47.16594382913774],[-1.5888856062870318,47.16560159549363],[-1.5880743332207672,47.16586929385515],[-1.5884362813939015,47.16668594187211],[-1.58738492445245,47.168385566591375],[-1.587590688905238,47.168864585402176],[-1.5898762922899354,47.1694755202233],[-1.5905204881331325,47.169342776185815],[-1.5920305275119353,47.165919162676374],[-1.593940947267271,47.1646045683063]],[[-1.5901005979966438,47.17048318529845],[-1.5895319656375888,47.16944540050999],[-1.5886235770066992,47.16937272130001],[-1.5879584522884744,47.17056758369813],[-1.5896175803714738,47.17102876384776],[-1.5901005979966438,47.17048318529845]],[[-1.5904617720632372,47.183973205254546],[-1.5897665140164352,47.18352514694763],[-1.5891146505677491,47.183978297035864],[-1.5898144713225177,47.184437543623176],[-1.5904617720632372,47.183973205254546]],[[-1.5902324964243464,47.15522357789328],[-1.5893278577018832,47.15383808679024],[-1.5886344832731611,47.15379051585078],[-1.5873016625049905,47.154803218232644],[-1.5871990130217546,47.15539601698507],[-1.5889906942244953,47.155834201831325],[-1.5902324964243464,47.15522357789328]],[[-1.591579941023134,47.1758107348373],[-1.5924833462023027,47.17515892244683],[-1.591594403145142,47.17443669709027],[-1.5901845855204368,47.175118465774496],[-1.590707617541106,47.1758390367019],[-1.591579941023134,47.1758107348373]],[[-1.5907168969476126,47.15165191152598],[-1.5889930952859261,47.15095071031606],[-1.5883241703971305,47.15179650992746],[-1.5903545178063778,47.15217304834861],[-1.5907168969476126,47.15165191152598]],[[-1.5928971389242157,47.18464651119887],[-1.5922338724928102,47.18337892799926],[-1.5910599079966654,47.183690584467406],[-1.592061036816193,47.184864978756615],[-1.5928971389242157,47.18464651119887]],[[-1.5901984162927965,47.149749613724865],[-1.5886873719295944,47.14868460613197],[-1.5882311331916803,47.149677070719804],[-1.5896630505633504,47.15026823487898],[-1.5901984162927965,47.149749613724865]],[[-1.5978760530403346,47.146640508078285],[-1.598989032830989,47.14599617843658],[-1.5978747560363689,47.1447864211927],[-1.5953437727112936,47.145661300628944],[-1.5944558320291338,47.1450153655385],[-1.591629216766243,47.14430051486535],[-1.5888353517694442,47.14699505628689],[-1.5902052661750872,47.14918336945974],[-1.5921576808142468,47.15038626689795],[-1.5907512730076891,47.14995410137458],[-1.59032085836388,47.15069561783658],[-1.5914854287959155,47.151500916482156],[-1.5932309836393512,47.15200178799317],[-1.594424021085291,47.15124705941401],[-1.5955020299394587,47.1513688514801],[-1.5965932315997207,47.14904435592851],[-1.5950398494306872,47.14843735276471],[-1.5959388023249632,47.14773663684351],[-1.5963858318202664,47.14637028855027],[-1.5978760530403346,47.146640508078285]],[[-1.594852874451276,47.18131272475802],[-1.593843934156711,47.180220312147576],[-1.5930390176620406,47.18051473362256],[-1.5937081930183263,47.181481668718746],[-1.594852874451276,47.18131272475802]],[[-1.5920236809265647,47.152564031495075],[-1.5914983311349002,47.15316458112141],[-1.5925287663339924,47.1535591139131],[-1.5929701222343418,47.15282681075906],[-1.5920236809265647,47.152564031495075]],[[-1.5960028522681655,47.17826444886157],[-1.5953108741850306,47.177854587005164],[-1.5943289827048788,47.17834937067105],[-1.5950661476268477,47.179509233653356],[-1.5962979120763774,47.179228593882605],[-1.5960028522681655,47.17826444886157]],[[-1.5961221898058326,47.15608925098574],[-1.5959978406371715,47.15553191470675],[-1.5953261183819742,47.15536669788099],[-1.5943400994151187,47.15630358964047],[-1.5952882987862322,47.156742753169176],[-1.5961221898058326,47.15608925098574]],[[-1.6013176288044109,47.181285429682035],[-1.6008576929759442,47.17925604271797],[-1.5994878056094746,47.17896098219278],[-1.5976739604681292,47.179603787249505],[-1.5980353379746726,47.18071144457957],[-1.5989879234087157,47.180773173768586],[-1.6002497228949883,47.18191372995325],[-1.6018220716487348,47.182353163157295],[-1.6024212055464107,47.181641885906245],[-1.6013176288044109,47.181285429682035]],[[-1.6048128722225288,47.15412753538206],[-1.6019220777113747,47.15336201150794],[-1.6009755831222237,47.154541685082236],[-1.600229077431614,47.154781751917994],[-1.600029663225417,47.1557105484693],[-1.598964667657862,47.157565330896524],[-1.5973675672780634,47.157804578583],[-1.598441126685368,47.1595856101265],[-1.5966952819685696,47.1625286765409],[-1.5971186749512734,47.163116533686555],[-1.5984151024522175,47.163477140055925],[-1.5995887373395363,47.16304768999465],[-1.6019581058021426,47.16088766640703],[-1.6019745397226968,47.16042944591916],[-1.6010613381171777,47.15978630597728],[-1.599964935657614,47.16023952055236],[-1.6004079759974779,47.15944293873856],[-1.6024112264672017,47.16028073369667],[-1.6037825978737241,47.15961805239233],[-1.605035691555829,47.1573719102411],[-1.6029676300468096,47.155964782643295],[-1.6033095398563457,47.15545415298458],[-1.6046284143606464,47.15532637522453],[-1.605180255044388,47.154593485539294],[-1.6048128722225288,47.15412753538206]],[[-1.5983481085383828,47.14810959462037],[-1.5966333774104864,47.14847465279761],[-1.5966944227682704,47.14898297255819],[-1.597767382512256,47.14962220236539],[-1.5985761834500904,47.14949491354026],[-1.5983481085383828,47.14810959462037]],[[-1.5989614816514632,47.15175592902538],[-1.599996445441147,47.1517667112525],[-1.600120027190288,47.15112277929726],[-1.5989009269001555,47.15097167920624],[-1.5989614816514632,47.15175592902538]],[[-1.604622030115655,47.17995839616404],[-1.6021975918777742,47.1790006219651],[-1.6011655083588139,47.17986852484457],[-1.60314844811867,47.18084927748864],[-1.6040372913781553,47.182426740833016],[-1.6047010328158202,47.182656661148265],[-1.6055600067449698,47.18168801253319],[-1.604622030115655,47.17995839616404]],[[-1.605717025335128,47.189370280564695],[-1.6045174817813463,47.18847672939654],[-1.6027958451757,47.188747074443015],[-1.6028068361622696,47.19021005299227],[-1.605343224735757,47.19029314336016],[-1.605717025335128,47.189370280564695]],[[-1.6023409615237127,47.15138546974356],[-1.6020912974617398,47.15071246151356],[-1.6008128115539462,47.15083126549268],[-1.5998830168682165,47.152445576769],[-1.5997833341994523,47.1536127737182],[-1.600399244954816,47.154041803347674],[-1.6013555839918816,47.153799131048416],[-1.6023409615237127,47.15138546974356]],[[-1.6018122353132065,47.163684929475636],[-1.602663435911197,47.16407292431973],[-1.6032096902669877,47.16336403748441],[-1.6023796738133913,47.16306996360389],[-1.6018122353132065,47.163684929475636]],[[-1.6030257462147217,47.14959531442072],[-1.602149703733406,47.14976896236108],[-1.6023724441980067,47.15040995508768],[-1.603338797515718,47.150226889861685],[-1.6030257462147217,47.14959531442072]],[[-1.6059169340834332,47.174697054178566],[-1.6059290515098115,47.17405228768343],[-1.6049627037284495,47.174044606129215],[-1.6048847811951097,47.17474361837165],[-1.6059169340834332,47.174697054178566]],[[-1.6034732864015027,47.14609595329893],[-1.6041627483450358,47.14526936910316],[-1.6035023220303148,47.14482064692413],[-1.6024896911800968,47.14537332841676],[-1.60267796808838,47.1459980982613],[-1.6034732864015027,47.14609595329893]],[[-1.6051832424908963,47.15129287994265],[-1.6036995077065208,47.15075278551792],[-1.603192181512954,47.15126224062168],[-1.6041929021805963,47.151926422470154],[-1.6051832424908963,47.15129287994265]],[[-1.6075345829128,47.18911598675619],[-1.6068238595053943,47.18949912331292],[-1.607098524905361,47.19080111775808],[-1.6085477268953046,47.191128236027694],[-1.6091228816084113,47.18949112651118],[-1.6075345829128,47.18911598675619]],[[-1.6103271213672903,47.18684615136959],[-1.6083503124379877,47.18681644973323],[-1.6079484589182236,47.1878184490207],[-1.6088331822778805,47.18820289401661],[-1.6118745336245597,47.187839903047745],[-1.6119905758337914,47.18546264673085],[-1.6109912013506484,47.185516351508234],[-1.6103271213672903,47.18684615136959]],[[-1.6061005913597937,47.15149781868203],[-1.6051440733251028,47.151837262170694],[-1.6058736110271352,47.15256323682564],[-1.6067157959590537,47.15206933627161],[-1.6061005913597937,47.15149781868203]],[[-1.6058416293829956,47.151179348150215],[-1.6067409276620035,47.15096811371926],[-1.6064447936009238,47.15016432442029],[-1.6055712053635718,47.150406421627295],[-1.6058416293829956,47.151179348150215]],[[-1.6096306899832336,47.174490445065246],[-1.609098642272561,47.17473099016555],[-1.6090835829985428,47.175291646279284],[-1.6098963566235356,47.1757005930013],[-1.6104570973537713,47.17520508965672],[-1.6096306899832336,47.174490445065246]],[[-1.6140446377904096,47.17632060811982],[-1.6121928677792865,47.17586506468623],[-1.61115346637695,47.17631643664218],[-1.6108868227551643,47.17685695460261],[-1.6130981786803382,47.17744638102027],[-1.6141108265005115,47.17683310889735],[-1.6140446377904096,47.17632060811982]],[[-1.6140830348906798,47.17503052674983],[-1.6149988012369139,47.17393921304352],[-1.6143674988679129,47.173674673470956],[-1.6132375479278342,47.17433323907658],[-1.6140830348906798,47.17503052674983]],[[-1.6185085795879552,47.18637514125818],[-1.6195120556725353,47.185460352606405],[-1.6191597639465876,47.18498884386872],[-1.617816676791781,47.18522532014779],[-1.6156752618125605,47.184763107956485],[-1.6142660966154436,47.1861877481085],[-1.6146698504171622,47.18656108669308],[-1.6161131068410801,47.18666938372915],[-1.6185085795879552,47.18637514125818]],[[-1.6148546584177967,47.14837085476505],[-1.6143614019566306,47.14772154663272],[-1.6131124140170927,47.1482301170375],[-1.613966152300294,47.14893945539528],[-1.6148546584177967,47.14837085476505]],[[-1.6176692983402376,47.174143898949936],[-1.6176534019637974,47.173693111226655],[-1.6170240935501752,47.173456932587335],[-1.6175441911697854,47.17311583334084],[-1.6173523205540845,47.1726094434041],[-1.6158920540696071,47.17279570353302],[-1.615568189733729,47.174059618068576],[-1.6169400366540836,47.174568822777154],[-1.6176692983402376,47.174143898949936]],[[-1.6170449784914884,47.17490772672904],[-1.6163589448668891,47.17504233136338],[-1.6162004333860527,47.17562365980267],[-1.61722020268771,47.17606501303194],[-1.6178197747947602,47.17556857563102],[-1.6170449784914884,47.17490772672904]],[[-1.6181427633866776,47.16291874810142],[-1.617222053750245,47.16273155737182],[-1.6163704982499234,47.1631473606104],[-1.6166842856521335,47.16405707403211],[-1.617364874719548,47.164123778708785],[-1.6182717906462867,47.16363114352582],[-1.6181427633866776,47.16291874810142]],[[-1.620443133680392,47.18697017237301],[-1.6206109573007446,47.18628548504139],[-1.6193818447822708,47.186190549766216],[-1.6193246129087309,47.18686574693808],[-1.620443133680392,47.18697017237301]],[[-1.621406113359001,47.16495491232851],[-1.6193346818378938,47.16397840447797],[-1.6185545087235325,47.16424336986754],[-1.6186593010948724,47.165452901535886],[-1.617659976535182,47.1660757169282],[-1.6179937506848878,47.1665651201442],[-1.6190184747988483,47.16622336404304],[-1.620469063480774,47.16654874375293],[-1.621550796727452,47.16550943749135],[-1.621406113359001,47.16495491232851]],[[-1.6209085667303296,47.174106373458045],[-1.6191212012415492,47.173462554813106],[-1.6185179224961972,47.17414304347872],[-1.6204220709437303,47.17478417526342],[-1.6209085667303296,47.174106373458045]],[[-1.622251124317832,47.18721793119168],[-1.6229113486495146,47.18694329195643],[-1.62278161710143,47.18644377551833],[-1.621383347945183,47.186353725881446],[-1.6212282865661558,47.18700386013294],[-1.622251124317832,47.18721793119168]],[[-1.6224802527499027,47.16320173917714],[-1.6232079641106518,47.16406390005394],[-1.6241650327171333,47.16390994085237],[-1.6242980933596398,47.162615024043504],[-1.62214371527738,47.160957227638285],[-1.6214890675740605,47.16086547643435],[-1.6200681268900732,47.16172134130344],[-1.6192171383198428,47.16313185267253],[-1.6208279523824565,47.16350822309956],[-1.6224802527499027,47.16320173917714]],[[-1.6264473266630275,47.178871039957045],[-1.6262135647112452,47.17818271187741],[-1.624481426540824,47.17790639740265],[-1.623146885110432,47.17895394472101],[-1.622018728460102,47.17909467956124],[-1.6218834523895242,47.1797471425867],[-1.6236732068238202,47.18014265749847],[-1.6246615735989502,47.179530176521325],[-1.624472332085303,47.178864906209945],[-1.6250208015354508,47.17879217928543],[-1.625748572578832,47.17930962154015],[-1.6264473266630275,47.178871039957045]],[[-1.6237788588563644,47.1772741227943],[-1.6244452893264647,47.176086490422335],[-1.6236538702822014,47.175872102651546],[-1.6220213970575943,47.177059313052645],[-1.622580501685544,47.17741468183619],[-1.6237788588563644,47.1772741227943]],[[-1.623383614617993,47.17104845007676],[-1.622036843804894,47.17035726523043],[-1.6215783541938322,47.17111335497214],[-1.622943220309636,47.171483194276554],[-1.623383614617993,47.17104845007676]],[[-1.6235436593539223,47.167409389055095],[-1.6226112103031483,47.167101571476536],[-1.6220927607143234,47.16792152387014],[-1.6230867110562506,47.16814165842708],[-1.6235436593539223,47.167409389055095]],[[-1.6235800182126334,47.174666167816085],[-1.6247297321110632,47.17463228476909],[-1.624842344579805,47.173992990386196],[-1.623462892515873,47.173791054288564],[-1.623108464582896,47.17425937117995],[-1.6235800182126334,47.174666167816085]],[[-1.6250018616079622,47.17153315939945],[-1.6240021601164085,47.171653101664376],[-1.624314797011406,47.17236164082962],[-1.6252969318504271,47.17216055810635],[-1.6250018616079622,47.17153315939945]],[[-1.626551739835314,47.170086845393485],[-1.6255823776161469,47.170194763443554],[-1.6258069362981635,47.170868045156794],[-1.6267462133964017,47.17072747531644],[-1.626551739835314,47.170086845393485]],[[-1.6250304476222037,47.1600419170227],[-1.6261558276700392,47.160418779940066],[-1.6267319157274265,47.15989112031599],[-1.6255800729247374,47.159369436695194],[-1.6250304476222037,47.1600419170227]],[[-1.6319099774600303,47.18995908055664],[-1.6311726068123333,47.188567542108814],[-1.6285293366371572,47.18871449892769],[-1.6282569483262643,47.19125745680164],[-1.6289204783122337,47.19148242081839],[-1.6316620509701891,47.19102818163858],[-1.6319099774600303,47.18995908055664]],[[-1.6281100069679504,47.16970755605063],[-1.6276180052919893,47.170410784159905],[-1.6284626492540875,47.170741213430816],[-1.6289577259491008,47.1700280939808],[-1.6281100069679504,47.16970755605063]],[[-1.6281117871268953,47.149228832742935],[-1.6286373985420273,47.14882804311014],[-1.6282763328898993,47.14811538135984],[-1.6267451703091125,47.148329984756636],[-1.6268917783059842,47.14919908851819],[-1.6281117871268953,47.149228832742935]],[[-1.6328952094363696,47.190818122869366],[-1.6335423570978629,47.1906422957531],[-1.63363058687233,47.1900689330725],[-1.6325290597410889,47.189750240087264],[-1.6320293165520479,47.19030090925324],[-1.6328952094363696,47.190818122869366]],[[-1.63136570869899,47.14839235482058],[-1.6309573497930738,47.14798654268435],[-1.6293803109376217,47.14784666641399],[-1.628795996579017,47.14866353630026],[-1.629577100508535,47.149025413250186],[-1.6309859195835787,47.148849308560955],[-1.63136570869899,47.14839235482058]],[[-1.6349341952235468,47.18971923994006],[-1.634318031552655,47.190314579806504],[-1.6354799785699385,47.190808353686705],[-1.635898764874048,47.19021855700851],[-1.6349341952235468,47.18971923994006]],[[-1.6361412324267455,47.17101958384967],[-1.6370972723237147,47.17111198167351],[-1.6372022146918341,47.1704349320203],[-1.6361928102980834,47.170343943310016],[-1.6361412324267455,47.17101958384967]],[[-1.6366080587528553,47.149001404570114],[-1.635932081420972,47.14855280609933],[-1.6351015343149138,47.148620251808076],[-1.6347682989885863,47.14902528593093],[-1.6359310346423437,47.14995658590891],[-1.6365217315576326,47.149709643717685],[-1.6366080587528553,47.149001404570114]],[[-1.640354419827225,47.149203787792445],[-1.6405469740184502,47.14875977252669],[-1.6400635116235704,47.14843478051626],[-1.6381262507672683,47.14883949609466],[-1.6386146544501772,47.14944261484981],[-1.640354419827225,47.149203787792445]],[[-1.6437181608144116,47.1904322744755],[-1.6431343837112897,47.18939105708994],[-1.642460797346135,47.18952798547256],[-1.6426720491190296,47.19047056398961],[-1.6437181608144116,47.1904322744755]],[[-1.6395246008202742,47.12908100695853],[-1.6392919512101338,47.128404637827444],[-1.6382808132359157,47.1286188373518],[-1.6385611725270601,47.12932370372531],[-1.6395246008202742,47.12908100695853]],[[-1.6443575360193272,47.17731819285195],[-1.643469293056698,47.17777408989836],[-1.643905173579932,47.178354223805094],[-1.6449402772070008,47.1779117947359],[-1.6443575360193272,47.17731819285195]],[[-1.6437512125772777,47.127937382401875],[-1.6432927680843004,47.129547659843396],[-1.6442560535347446,47.12978734960312],[-1.6453093025884824,47.128354917117804],[-1.6437512125772777,47.127937382401875]],[[-1.6544698706654528,47.148036741994964],[-1.6537577970772515,47.14847065187199],[-1.6537696331334912,47.14926731537223],[-1.654365626999644,47.14955870839668],[-1.6554468544253031,47.14852456741781],[-1.6544698706654528,47.148036741994964]],[[-1.656440591532426,47.12812384232088],[-1.6569111475427825,47.12745306141552],[-1.6555284347049033,47.127133019600116],[-1.655198390932929,47.12790691207555],[-1.656440591532426,47.12812384232088]],[[-1.6645566884375698,47.164000172173914],[-1.6640209655401876,47.16351934849819],[-1.6621503328724563,47.16376536389874],[-1.662359106833631,47.16516720283265],[-1.6633159528077524,47.16561077995995],[-1.6642859477205183,47.16540686642615],[-1.6645566884375698,47.164000172173914]],[[-1.6628370298623851,47.13150083713319],[-1.6631317959658871,47.1304555487928],[-1.662493065633148,47.13034203011151],[-1.6618976480312166,47.1311179087163],[-1.6628370298623851,47.13150083713319]],[[-1.6693070524296019,47.1362822347324],[-1.6695299551586145,47.13691133990267],[-1.670490985257815,47.13677516819862],[-1.670355187055235,47.13599870735432],[-1.6693070524296019,47.1362822347324]],[[-1.6751156873266608,47.187600755778874],[-1.6755093384996023,47.188204866163886],[-1.676381208921132,47.18796471335282],[-1.6760261700245185,47.1872849347035],[-1.6751156873266608,47.187600755778874]],[[-1.679409620809262,47.17578920356097],[-1.6800843027973695,47.17486703201858],[-1.67917403137285,47.17437494863972],[-1.6777362557782318,47.1744445427782],[-1.6773752625823248,47.175571284829765],[-1.676409902919397,47.17602228375475],[-1.6750964843690597,47.17815758927318],[-1.6744754684271281,47.178409619040124],[-1.674573077083287,47.17894743827601],[-1.6758116058046981,47.17919815969771],[-1.6770535161588291,47.17786567602565],[-1.6786949713278116,47.17798536539263],[-1.6795528719855133,47.17681519966896],[-1.6781289013842262,47.17569848785359],[-1.679409620809262,47.17578920356097]],[[-1.6812527022057484,47.194937104468266],[-1.6771486869083871,47.19399379292729],[-1.6760209059235913,47.194839074372354],[-1.677366894985206,47.19559724369918],[-1.6775578842239247,47.19616121016462],[-1.6802428845517012,47.19704873551162],[-1.680926555475897,47.1967209673504],[-1.6812527022057484,47.194937104468266]],[[-1.67810629869001,47.18559463933485],[-1.6788417387395131,47.185191772396415],[-1.6782506442797254,47.18463746550406],[-1.677490718589058,47.18508537880483],[-1.67810629869001,47.18559463933485]],[[-1.6780302355337022,47.16462752985476],[-1.6771705768900544,47.16411802127453],[-1.676495031704042,47.164961973999],[-1.6773194206297162,47.16525589751769],[-1.6780302355337022,47.16462752985476]],[[-1.6783261129549665,47.166277241324124],[-1.6801667385740526,47.16459886414256],[-1.6791492686196605,47.16422423119312],[-1.677091528443984,47.165518649686526],[-1.6770048490805354,47.16597359708586],[-1.6783261129549665,47.166277241324124]],[[-1.6803853004330476,47.18221782109143],[-1.6799632483857825,47.18108394103087],[-1.6789308130330043,47.181013666307166],[-1.6783802226612863,47.181507824202725],[-1.6785475836885262,47.1824708155521],[-1.6792341211451582,47.18265160515801],[-1.6803853004330476,47.18221782109143]],[[-1.688892807427918,47.190987181408055],[-1.689391943606603,47.18973843294153],[-1.6880394637527631,47.18918926244096],[-1.6857960212097838,47.18903693444013],[-1.6851786494778982,47.18956428218337],[-1.6848450544722122,47.18949471825224],[-1.685304729718296,47.18912678936497],[-1.6849956672409454,47.18847982219266],[-1.6837086631983214,47.18846755205378],[-1.6831182109958225,47.18784009123231],[-1.682307946236855,47.188103466374066],[-1.6822198403068127,47.1885560885173],[-1.6842992986675696,47.18952984684575],[-1.6832597027474123,47.189689583838536],[-1.6829792704376922,47.19011184093714],[-1.6814009500156315,47.18972856859936],[-1.680628490603385,47.19019782536183],[-1.6812272793690552,47.19109600048264],[-1.6821947184552448,47.19088177739116],[-1.6837171620981615,47.1915621752062],[-1.6840863499086176,47.190546563194665],[-1.6845246303642791,47.190636964243105],[-1.6847544623634512,47.191627947081976],[-1.6865824342292792,47.19183405645972],[-1.6876046069157646,47.191544871113074],[-1.6877511552726283,47.19108155981723],[-1.688892807427918,47.190987181408055]],[[-1.6796130143925618,47.13949020646548],[-1.678451591977002,47.139384717005456],[-1.678172127378752,47.13999940923862],[-1.679364203477592,47.1401242920689],[-1.6796130143925618,47.13949020646548]],[[-1.6790558705261218,47.143096713215755],[-1.6793602255612279,47.14379931818169],[-1.680677156569008,47.14383970907481],[-1.6811971834102455,47.143528833595916],[-1.681194707321512,47.142731825418565],[-1.6805224233514056,47.14226442602711],[-1.6790558705261218,47.143096713215755]],[[-1.6826255561338905,47.15688110757236],[-1.6830690840000488,47.15547991123983],[-1.6821232934485,47.15536132034412],[-1.6812390926453904,47.155870702694315],[-1.6813539595158744,47.15676644579894],[-1.6826255561338905,47.15688110757236]],[[-1.68210280609207,47.16294424110503],[-1.6830037846938415,47.162797683516715],[-1.6827941950709044,47.16217055539796],[-1.681865805063001,47.16231773821793],[-1.68210280609207,47.16294424110503]],[[-1.6860434997817975,47.187089213471985],[-1.684952197558778,47.18774614315393],[-1.6857155157713712,47.18835644687419],[-1.6867551457416343,47.18763078125885],[-1.6860434997817975,47.187089213471985]],[[-1.6849647411023323,47.186237835919705],[-1.6853304185023859,47.18682838302952],[-1.6862238909364644,47.18659157851558],[-1.685841928705111,47.185972845645225],[-1.6849647411023323,47.186237835919705]],[[-1.6848419279886906,47.15372666850863],[-1.6846567791829372,47.152993891194896],[-1.6834025859919766,47.15324928931026],[-1.6838724356966621,47.154048196685665],[-1.6848419279886906,47.15372666850863]],[[-1.6873595326454267,47.159112475557926],[-1.6865157509403879,47.15973341612134],[-1.6874524067562087,47.16022155941316],[-1.6880674050766102,47.15973310083803],[-1.6873595326454267,47.159112475557926]],[[-1.693498109290567,47.154728721609374],[-1.69134315407859,47.15598839870903],[-1.6906439606988084,47.15575294723152],[-1.689879627055125,47.15601328632922],[-1.6882156708028258,47.15760505422781],[-1.6868064149541022,47.15818478266776],[-1.6868346658166589,47.1587264655262],[-1.688850240287895,47.15908997035923],[-1.6902763184794418,47.15799228902975],[-1.6913150910315127,47.158184155948085],[-1.6945724950745202,47.1554071748756],[-1.693498109290567,47.154728721609374]],[[-1.6950040368382,47.19151694534257],[-1.6947809148205428,47.19060161873516],[-1.6931924415805324,47.19001405847951],[-1.692636237725861,47.18931574411692],[-1.6918020000066574,47.18967048781251],[-1.6920545396385622,47.190329799503175],[-1.6904297130692143,47.18987412189824],[-1.6896306128562932,47.19076798239023],[-1.6902781821023285,47.19163782296845],[-1.6913058991392051,47.192042823173736],[-1.691927018492037,47.19187551467021],[-1.6926605792694547,47.19077505465614],[-1.6936938391572403,47.191181735442264],[-1.693347573438482,47.19169355283103],[-1.6938800018385347,47.192113306481204],[-1.694593106449481,47.19205477120998],[-1.6950040368382,47.19151694534257]],[[-1.688860091785638,47.143672365061796],[-1.6882961949054074,47.14334045355679],[-1.686763825424234,47.143500885605015],[-1.6862315868725162,47.14451561551713],[-1.6870614673725592,47.14506246732238],[-1.6882924639012378,47.14503680411982],[-1.688860091785638,47.143672365061796]],[[-1.6908625193134228,47.14453418478814],[-1.6905335587881718,47.14394697324281],[-1.6893589698707225,47.144086905395355],[-1.6898836042524157,47.144927916964974],[-1.6908625193134228,47.14453418478814]],[[-1.6905555045203204,47.14496992838301],[-1.6897967541320376,47.14519747047225],[-1.6897542590931547,47.145959047249434],[-1.691183867622289,47.146383307770925],[-1.6919560669834544,47.14541436691738],[-1.6905555045203204,47.14496992838301]],[[-1.6938514728389267,47.172839758156734],[-1.6932375279059284,47.17255041475406],[-1.692620620210454,47.17282897476127],[-1.693138736779793,47.174198134038654],[-1.6943092063322838,47.173941749202775],[-1.6938514728389267,47.172839758156734]],[[-1.6940256805618596,47.14411826234421],[-1.6926505773375748,47.14293743366547],[-1.6911007204052952,47.14359535042058],[-1.6912400033127417,47.14408026274144],[-1.6925220553161267,47.144419125143884],[-1.6929989826814797,47.14504976605607],[-1.6938946123775684,47.144784109304645],[-1.6940256805618596,47.14411826234421]],[[-1.696365724100259,47.14870250294047],[-1.6951615311986663,47.14793892851893],[-1.694567844905057,47.148641742066296],[-1.6959170589883128,47.14909582019521],[-1.696365724100259,47.14870250294047]],[[-1.6966191699119209,47.14734216127253],[-1.696264210358372,47.14668672655661],[-1.695160679922929,47.14695238206393],[-1.695575476975095,47.147762787773374],[-1.6966191699119209,47.14734216127253]],[[-1.6966983674476481,47.149507778400185],[-1.6956596476650012,47.149412698439974],[-1.6955968530033645,47.15022598174907],[-1.696527251486014,47.1502367704488],[-1.6966983674476481,47.149507778400185]],[[-1.7043510455760964,47.155478816773815],[-1.7038637496518998,47.154792218537224],[-1.7011042107402359,47.15472686247359],[-1.7005544122173757,47.15512136592506],[-1.7011360781352842,47.15579215795117],[-1.7038371477044285,47.15580420112654],[-1.7043510455760964,47.155478816773815]],[[-1.7055926731060793,47.1573937173509],[-1.706239670147118,47.15709948643207],[-1.706091524872434,47.15637402148985],[-1.7042660364633686,47.15627495586761],[-1.7042209302114788,47.15719893616259],[-1.7055926731060793,47.1573937173509]],[[-1.721630070923875,47.16950066105125],[-1.7202072925417047,47.16856926846154],[-1.7195684743949833,47.168984328881464],[-1.7208688456036518,47.16996976133093],[-1.721630070923875,47.16950066105125]],[[-1.7253319705780785,47.19529793341821],[-1.7248419886205888,47.194916744546134],[-1.7241834333392703,47.1950530123976],[-1.7235070691804555,47.19567554740144],[-1.7237234301058848,47.19644013646565],[-1.7243824640492724,47.196534584051356],[-1.7252078984573316,47.19605986431316],[-1.7253319705780785,47.19529793341821]],[[-1.7256963390011995,47.19228405824291],[-1.7252199159996855,47.19168768726506],[-1.724196175251458,47.19205433048156],[-1.7241221813433287,47.19306230882285],[-1.7251594619164272,47.193881306538934],[-1.7260699658727794,47.19353458155655],[-1.7254181574141962,47.19262564926345],[-1.7256963390011995,47.19228405824291]],[[-1.7231359237479897,47.16926585100169],[-1.722180845868877,47.16942147393238],[-1.7223965801558132,47.17005429669058],[-1.723383557274638,47.16989396314859],[-1.7231359237479897,47.16926585100169]],[[-1.7319869159426196,47.166077518739186],[-1.733637341889397,47.16582510629191],[-1.7334463335403443,47.16529909031433],[-1.7319232004800775,47.165411207695215],[-1.7319869159426196,47.166077518739186]],[[-1.7332031691154932,47.16300573297158],[-1.7319133703874485,47.163307339415496],[-1.731955702621431,47.16392045601448],[-1.7331489222336194,47.1639176749317],[-1.7332031691154932,47.16300573297158]],[[-1.7550946143338384,47.197860742270976],[-1.7540391521974523,47.197572656435014],[-1.7526728723091327,47.19823938881673],[-1.7525752256268434,47.19923503280393],[-1.7509733226956807,47.199769993772264],[-1.7512539342497933,47.20044236034854],[-1.7534262280220172,47.20054886113198],[-1.7532403305538655,47.199774899555635],[-1.7539273307024286,47.199575155434864],[-1.7550946143338384,47.197860742270976]],[[-1.7601263000392455,47.19840750505397],[-1.7581257619043194,47.1973597783792],[-1.7572495641233226,47.19760518039297],[-1.7572050961639178,47.19830559698724],[-1.7589598485606779,47.19919672209574],[-1.7601825483915596,47.19905463610041],[-1.7601263000392455,47.19840750505397]],[[-1.7596282986757366,47.20059978347976],[-1.7596423470828386,47.20011974711622],[-1.7589738369488988,47.199806802840634],[-1.7578119184353773,47.200166898859926],[-1.758195690138782,47.20074138140044],[-1.7596282986757366,47.20059978347976]],[[-1.759954893512668,47.20222348379623],[-1.7590890291469896,47.2013695735048],[-1.7579526023355623,47.20214001120536],[-1.758718661692032,47.202856070871476],[-1.7597339243158185,47.20271512566464],[-1.759954893512668,47.20222348379623]],[[-1.7664864014535981,47.20050153629599],[-1.7659426871712727,47.19986921763102],[-1.7648582270640367,47.20040784889832],[-1.765515122910368,47.20097588035394],[-1.7664864014535981,47.20050153629599]],[[-1.7743410676214448,47.185511866829586],[-1.7735203745526633,47.18513697543699],[-1.7727038172065814,47.18561016265271],[-1.773689873323929,47.18664906063385],[-1.7746246663920269,47.186287412086806],[-1.7743410676214448,47.185511866829586]],[[-1.7765657201409288,47.18501314705007],[-1.7760492362805222,47.1855506025122],[-1.7768392687185863,47.18598136751859],[-1.7775341061456993,47.185334589228006],[-1.7765657201409288,47.18501314705007]],[[-1.790170402304007,47.20720168078063],[-1.7903354069555901,47.20646947244274],[-1.7886235821071856,47.2061454303561],[-1.785915744653968,47.206740571581534],[-1.785526735389625,47.20715794271738],[-1.7857725156605986,47.20789003202151],[-1.7870576706257768,47.20816816487749],[-1.790170402304007,47.20720168078063]],[[-1.8104834822676226,47.207874505667036],[-1.8094435370987698,47.206883300609704],[-1.8020019725024434,47.20640447388369],[-1.8012832544576456,47.20680546231514],[-1.80180005701455,47.20729253034542],[-1.8098227122388049,47.20815991153627],[-1.8104834822676226,47.207874505667036]],[[-1.8109621346159848,47.21364696988227],[-1.8100910141600441,47.21322510618333],[-1.8095243549179731,47.214030862051516],[-1.8105568918217458,47.21435098679758],[-1.8109621346159848,47.21364696988227]],[[-1.81606190889356,47.21017896234639],[-1.816977364541627,47.21004644340375],[-1.8167338307701715,47.2093996041923],[-1.8157997975615623,47.20953748429449],[-1.81606190889356,47.21017896234639]],[[-1.8295691174453765,47.21847506035511],[-1.8295593732034483,47.21795006090093],[-1.8288472270801608,47.21777012580363],[-1.8275461706838807,47.21875685699018],[-1.8283442077801357,47.219102891091545],[-1.8295691174453765,47.21847506035511]],[[-1.832016877591799,47.21983669823712],[-1.8321180889830653,47.21922583557763],[-1.8303843706266127,47.21842883366292],[-1.8282205050782683,47.21977696220309],[-1.829453483146729,47.22112447007851],[-1.832016877591799,47.21983669823712]],[[-1.8468541171340673,47.23127184186819],[-1.8474577460842707,47.23161416342199],[-1.8480899332537417,47.23136214127815],[-1.8476746557295396,47.23012097471479],[-1.846658681138364,47.230301195319235],[-1.8468541171340673,47.23127184186819]],[[-1.8481329004485385,47.24290857514194],[-1.8481191095368565,47.2433706910276],[-1.849173305693793,47.24407354882775],[-1.8501801410791796,47.243943786380214],[-1.8502242295587352,47.243472973325595],[-1.849169078714573,47.242733876069565],[-1.8481329004485385,47.24290857514194]],[[-1.8497507248165563,47.22862304354465],[-1.8498815814961367,47.22810227493875],[-1.848933988160233,47.2275912271296],[-1.8476948627055712,47.228118200087],[-1.8482561785301796,47.22927944623689],[-1.8497507248165563,47.22862304354465]],[[-1.8634734615484354,47.247884665410155],[-1.862119970161369,47.24639974446758],[-1.8609579833021344,47.246562918283075],[-1.860339025699938,47.2451402871915],[-1.8585473923563847,47.244248911183504],[-1.8578511858039437,47.244266107967626],[-1.8568513325674028,47.24508428249642],[-1.8569235452706732,47.24564067201238],[-1.8596858952005166,47.247134741275055],[-1.8566669828860447,47.248342089121124],[-1.8567784819746602,47.248805317235394],[-1.8582253690194097,47.24957923712489],[-1.8629182971062732,47.25101308990666],[-1.8634734615484354,47.247884665410155]],[[-1.8676921535377466,47.24827111028164],[-1.8688322003050504,47.24744317345537],[-1.8675343411703011,47.2470123361341],[-1.8669217667125453,47.24791294425744],[-1.8676921535377466,47.24827111028164]],[[-1.8708481098807412,47.25816057071853],[-1.8693922129848854,47.257473434129615],[-1.8679470687649746,47.258738434950736],[-1.8698244800188761,47.259670963544984],[-1.8709829945998284,47.25890588234306],[-1.8708481098807412,47.25816057071853]],[[-1.8696345319645635,47.25114594277679],[-1.869272739248932,47.250522747631784],[-1.8682892796099635,47.25075720137972],[-1.8686594173899447,47.25136805239375],[-1.8696345319645635,47.25114594277679]],[[-1.870786618467452,47.257245211838246],[-1.8714899177501778,47.256740674931144],[-1.8706435201490959,47.25630123936996],[-1.870030325860736,47.256842729884255],[-1.870786618467452,47.257245211838246]],[[-1.8731602843380626,47.24955518214726],[-1.8731812360215068,47.2490214493019],[-1.8723774348500406,47.248719249213416],[-1.8712196046403435,47.24981854425861],[-1.8722168384615028,47.25021926010127],[-1.8731602843380626,47.24955518214726]],[[-1.8757842409688796,47.25896442731098],[-1.8757212912122614,47.2583994311644],[-1.8738486057772228,47.25750466704214],[-1.8724374881672383,47.259377142848784],[-1.874219727044874,47.26028036329315],[-1.8757842409688796,47.25896442731098]],[[-1.8790231011046248,47.26176665925777],[-1.87812110693461,47.26029451985835],[-1.8764339831708425,47.261463898948904],[-1.8778384550878042,47.262453639216474],[-1.8790231011046248,47.26176665925777]],[[-1.8834899438445318,47.26907089701967],[-1.8840013397365347,47.268379974207654],[-1.8816265013217162,47.26747468209605],[-1.8811020170715897,47.26645839792248],[-1.8793329755666108,47.26571311362102],[-1.877906292813601,47.26575946246928],[-1.8774455077484777,47.26662265067051],[-1.878951245868879,47.26786611056519],[-1.8822423657269565,47.26908140456997],[-1.8834899438445318,47.26907089701967]],[[-1.8785073502965621,47.25195833543612],[-1.8791921805441172,47.25158021999967],[-1.8787966439671184,47.25099486324068],[-1.8772533100387598,47.25118840591785],[-1.877313279489065,47.251818489775864],[-1.8785073502965621,47.25195833543612]],[[-1.888604342850294,47.27066651458565],[-1.8885833492996875,47.270074387138116],[-1.8865868313276444,47.2692357067984],[-1.885590435857756,47.26947942896247],[-1.8856787958914647,47.27000070623],[-1.8873510016930533,47.27085958896516],[-1.888604342850294,47.27066651458565]]],[[[-1.5083775599678555,47.13792857862302],[-1.507574865365026,47.13920426922943],[-1.505617773530779,47.13881125996935],[-1.505490942300636,47.13829208717325],[-1.5043891736009536,47.137993360556976],[-1.5058727375502874,47.13691541493849],[-1.5083775599678555,47.13792857862302]]],[[[-1.6164202096623959,47.1888247210186],[-1.617173344257553,47.188963929539675],[-1.6170426213498181,47.189943527457494],[-1.616962293524389,47.18912245070308],[-1.6164202096623959,47.1888247210186]]],[[[-1.4668083531368472,47.12415031325643],[-1.466007595165326,47.125164335576635],[-1.4651716202145795,47.125231037177],[-1.464772013996984,47.12565958837193],[-1.4653261697125082,47.12612849796691],[-1.4651585069649755,47.127729187825594],[-1.4659724807610397,47.12816167798794],[-1.4651578165135413,47.12869443620727],[-1.4648674004662043,47.12973191069117],[-1.465352645611544,47.13082134544094],[-1.464855123268999,47.132627202255954],[-1.4664448221583404,47.13336096866691],[-1.4652211285918935,47.13363494959962],[-1.4643407997441384,47.13445528492603],[-1.4657946487751885,47.13657773871997],[-1.4656764906882984,47.13718899751186],[-1.4673833057125159,47.13854000403558],[-1.4675490641378275,47.14171711490431],[-1.4661428737943547,47.141316462671185],[-1.4654923781600884,47.14147747654702],[-1.4652619873901418,47.1423134640423],[-1.466357277480039,47.14266836705241],[-1.4660670972773462,47.143909286689635],[-1.4649586623546547,47.14381715311064],[-1.4645251998665432,47.1442725137897],[-1.4657134847127136,47.14486345886737],[-1.465017686014177,47.145743298453674],[-1.4652517195676666,47.146500942644835],[-1.4676660365213032,47.14710564284455],[-1.4675582357248729,47.148508965442375],[-1.4661332287049649,47.1484248916958],[-1.4654090829231967,47.14798133666258],[-1.4636541622479375,47.14816463071722],[-1.4627700578159768,47.14772259962744],[-1.4620145290371176,47.148001316253435],[-1.4595484111813157,47.147585465249534],[-1.45946972003279,47.14633755038233],[-1.4586116720963265,47.145610315613865],[-1.4568124963794014,47.14596192337272],[-1.4544757908476136,47.14501565414077],[-1.4520957305974176,47.146146690404926],[-1.4506692819809985,47.145822252987124],[-1.449556756791341,47.14773358731015],[-1.448726187095428,47.14594770621933],[-1.4473003190406937,47.14521337329216],[-1.4463934535555076,47.14552284186416],[-1.4451002190406854,47.14461121420252],[-1.4475291541715924,47.14330148274335],[-1.44878062494053,47.13931790390897],[-1.4479817630381897,47.13902446405356],[-1.4474685493125818,47.13954801224299],[-1.4465726430597956,47.139699645008015],[-1.4461030026899906,47.141354103511816],[-1.4449644778138526,47.14112365224408],[-1.4450141912422219,47.14046130476199],[-1.4438099138249751,47.140081143173795],[-1.4452113444518855,47.13775793517877],[-1.4436431971348709,47.1370446883366],[-1.4441834416782426,47.13602367740049],[-1.443552919093339,47.13553177956414],[-1.4477088201863457,47.13312944142345],[-1.4476463982892354,47.1323932412004],[-1.4484009120770511,47.1313349063446],[-1.4511201223234667,47.131153191875384],[-1.4524846804605644,47.13070092407224],[-1.4505608428471506,47.12683592984911],[-1.45207156569264,47.12630542343342],[-1.4555029454202086,47.12124775370682],[-1.4566227611611386,47.12084161807497],[-1.4586609406746103,47.121676186342484],[-1.4616179161810086,47.12116939121978],[-1.4628351358077658,47.122732347780186],[-1.4637117725589843,47.1228819335753],[-1.4643958056696618,47.1224199878842],[-1.4668083531368472,47.12415031325643]]],[[[-1.459811887032483,47.2810971318068],[-1.4593095629693096,47.28117729087253],[-1.4597526988878535,47.280973935329435],[-1.459811887032483,47.2810971318068]]],[[[-1.4605435161970404,47.281380541730265],[-1.4612072311841113,47.281067446077806],[-1.4613876292263275,47.281320639047614],[-1.4605435161970404,47.281380541730265]]],[[[-1.511330535497351,47.21403894349317],[-1.510769576890902,47.214820917084005],[-1.507266049567276,47.21591795772076],[-1.5058513811822103,47.21688260880281],[-1.5040648600825386,47.21682327095804],[-1.499009929310289,47.218460263317766],[-1.4969005750915758,47.219537177956845],[-1.4959189861902247,47.21959473321532],[-1.4955001146597353,47.22009153097104],[-1.4929738977647777,47.221045049438665],[-1.4909483577873894,47.221439942568416],[-1.4893432444766748,47.22085782005198],[-1.4863766735308095,47.221320902196915],[-1.4847653095561342,47.22220468132496],[-1.482020572108951,47.22292649618724],[-1.4819303084295945,47.22157463473485],[-1.4826656639830145,47.22017041255549],[-1.4851642022479294,47.21805863895082],[-1.4916276283632897,47.21595229949518],[-1.499805866154683,47.21592111703093],[-1.511330535497351,47.21403894349317]]],[[[-1.4833264464986922,47.18694978007056],[-1.4832359597659093,47.18684382681909],[-1.483111568231953,47.18665247113367],[-1.4833264464986922,47.18694978007056]]],[[[-1.488686408695004,47.19508680789886],[-1.4887588059205736,47.1949034057665],[-1.48905682513929,47.194940882886584],[-1.488686408695004,47.19508680789886]]],[[[-1.488096184322572,47.195765321977504],[-1.4884864803197058,47.19558001570049],[-1.4887124915075811,47.19592018688591],[-1.488096184322572,47.195765321977504]]],[[[-1.4948969556050073,47.268301964838315],[-1.4944124994309993,47.268740052830076],[-1.4936609334818625,47.26861848855631],[-1.494101156268403,47.26805773589528],[-1.4948969556050073,47.268301964838315]]],[[[-1.4937560444309677,47.26732375141273],[-1.493638876013869,47.267273189514334],[-1.4940535038534968,47.26691862625902],[-1.4937560444309677,47.26732375141273]]],[[[-1.5015589219203613,47.254717596049545],[-1.501341634101182,47.25486929520601],[-1.5013269858595548,47.254868991627866],[-1.5015589219203613,47.254717596049545]]],[[[-1.5004931588577353,47.255159742620975],[-1.499829767388009,47.25533439818703],[-1.4994320930027252,47.25493790171371],[-1.4997339241133496,47.25465258801465],[-1.5004931588577353,47.255159742620975]]],[[[-1.4953397854842865,47.14817210415809],[-1.494763884035179,47.148181828564276],[-1.4949413669610816,47.1478587903834],[-1.494951759622338,47.147866193554975],[-1.4953397854842865,47.14817210415809]]],[[[-1.5082540828905098,47.25915342987731],[-1.5084070804608853,47.25929691461683],[-1.5078126878269769,47.25939311064323],[-1.5082540828905098,47.25915342987731]]],[[[-1.525777234580588,47.25033855990662],[-1.5253533137283324,47.250079361803714],[-1.5254607933317934,47.24998657992531],[-1.5254691682500607,47.24999496529589],[-1.525777234580588,47.25033855990662]]],[[[-1.5639885575655412,47.207400457376856],[-1.5636774832425162,47.20724509396476],[-1.5633057906096899,47.207227366248894],[-1.5636431864730749,47.20697584058191],[-1.5639885575655412,47.207400457376856]]],[[[-1.5620330712370727,47.20707126147982],[-1.5608262445811003,47.20728318863441],[-1.5605912638261503,47.207178176840245],[-1.5607392603679053,47.207070399007954],[-1.5620330712370727,47.20707126147982]]],[[[-1.559922019567039,47.20723329680642],[-1.559711621635905,47.20799647061229],[-1.5613508958940747,47.20853133304644],[-1.5510378634031814,47.207023784042406],[-1.549080620806278,47.207011608929726],[-1.550975622665329,47.20684287943931],[-1.551479565059919,47.20598762966064],[-1.5525315831094255,47.206406808852385],[-1.5528965647647859,47.20699295438154],[-1.5551606312958046,47.207380448421404],[-1.5557875259962617,47.20722943240188],[-1.5559560937123715,47.20671144163804],[-1.5566666756440486,47.207592996834585],[-1.558793554112381,47.20783826890368],[-1.559342576554858,47.207199812527875],[-1.559922019567039,47.20723329680642]]],[[[-1.5511510228515009,47.205522082514584],[-1.5491997501137424,47.205648632499866],[-1.5488643105847808,47.20521406309697],[-1.549253941740774,47.20469205338789],[-1.548664990336982,47.204244326196644],[-1.5475280759466516,47.20499119917235],[-1.5459257652996048,47.20515848805739],[-1.5453025959673665,47.205137604284445],[-1.544847772678341,47.20457944564091],[-1.5470276872479938,47.20483821036911],[-1.5478850069395873,47.204387417804234],[-1.5477949621044589,47.20340795544596],[-1.5495223426426037,47.2033159042058],[-1.55005721667979,47.204343374803564],[-1.5511171309475147,47.2045903039053],[-1.5511510228515009,47.205522082514584]]],[[[-1.5440094135834814,47.20509342552258],[-1.5430914912174754,47.20584927565946],[-1.5433005506304152,47.20645305492909],[-1.5441145724295526,47.20664444346461],[-1.544807251455366,47.2077963487093],[-1.5475317525580865,47.207041509977124],[-1.546481565243912,47.20790992063012],[-1.541483521284627,47.20949422671902],[-1.5356763267026294,47.21084318565494],[-1.5236113829467706,47.21242856293597],[-1.516453965744506,47.214559539029814],[-1.5161209526494333,47.21505334846044],[-1.5141911701829687,47.21577434831027],[-1.5166103081394358,47.21305096530748],[-1.5183747235313518,47.21224830833602],[-1.5258324860426156,47.20710290419384],[-1.5312196815908765,47.20453706132054],[-1.5436161597062226,47.20010030804023],[-1.5496130896521454,47.199265198438226],[-1.555188348129886,47.199172242063355],[-1.5545552103240177,47.19990291621663],[-1.553214760216926,47.199943174975765],[-1.5530358550053724,47.200633752015634],[-1.5524463011846206,47.2006487511591],[-1.5518499865902673,47.19999720129002],[-1.5503285752607239,47.20019464160805],[-1.5500591909168342,47.20081609004222],[-1.550920094459476,47.20143525703546],[-1.548489866068924,47.20139557391885],[-1.5483816230186305,47.20064924119044],[-1.5478012478003738,47.20036265084427],[-1.5465978645715885,47.20104365536496],[-1.5458938658641883,47.200803714499614],[-1.544979237324533,47.201291278329194],[-1.543741586044139,47.20109965756102],[-1.5435251239659022,47.201571646145176],[-1.5440363318632655,47.20192706818494],[-1.5450029842696047,47.20162948279914],[-1.5458716612672938,47.20201734398019],[-1.546812560160491,47.20180142461483],[-1.547941511910885,47.202109014025694],[-1.5475803729994333,47.20312263848233],[-1.5465486893456977,47.20277832318654],[-1.5459709337901464,47.203426077121655],[-1.5448850905756137,47.203198503532626],[-1.5436352829557638,47.20378990949342],[-1.5440094135834814,47.20509342552258]],[[-1.5275488650862186,47.20802012457868],[-1.5263297703654115,47.20710993116073],[-1.5248973535791235,47.208089436782174],[-1.526009675899577,47.20896820333148],[-1.5274317530879473,47.20868175259168],[-1.5275488650862186,47.20802012457868]],[[-1.5273862071558586,47.21058862964616],[-1.5259559851081688,47.21021543443543],[-1.5253567548429756,47.21070651477823],[-1.5262882266406228,47.21136241344814],[-1.527350091156831,47.211156121312726],[-1.5273862071558586,47.21058862964616]],[[-1.5339066860825747,47.20826088169572],[-1.5327231088137594,47.20738753908407],[-1.5330119953313315,47.20694850319582],[-1.5325853518765442,47.206572993820764],[-1.531238516965244,47.2068031381169],[-1.5302026101163893,47.20634590994806],[-1.5296098505540177,47.206834086655746],[-1.529886839420941,47.20769414289777],[-1.528898847769296,47.208086806459065],[-1.5288240479688986,47.208723764673366],[-1.5297685174479523,47.20899962120497],[-1.5306401311541098,47.208568403419875],[-1.5306184109167973,47.20803917168695],[-1.53180501684488,47.20760713276076],[-1.5322632715935656,47.20764803197618],[-1.5326380709927836,47.208524825514075],[-1.5332788359008134,47.208641397526144],[-1.5339066860825747,47.20826088169572]],[[-1.5397626756497076,47.20710507813557],[-1.5395602316265398,47.20565088466493],[-1.5386415783447103,47.20547667570905],[-1.5370285160270902,47.203982497416355],[-1.534508872748256,47.204390922123345],[-1.5321519782015123,47.20541209956466],[-1.5308777614917362,47.205177822175216],[-1.5304544296894054,47.205548421316486],[-1.5312212304135617,47.206107874181335],[-1.5321654574465635,47.20566383995989],[-1.5331757300850732,47.20679974833225],[-1.5344443092175273,47.206630046261125],[-1.5343112530683383,47.20712820769453],[-1.5349161891591387,47.20740777749183],[-1.5373246136092844,47.2057665264781],[-1.538127254525565,47.20579540410266],[-1.5377248714241802,47.20675548765523],[-1.538512755529053,47.20735730373033],[-1.5397626756497076,47.20710507813557]],[[-1.5387798652829205,47.20791014551581],[-1.5373758719784487,47.20886229471466],[-1.5352572530429163,47.208349131478855],[-1.534805967281797,47.209184594032656],[-1.5364869731605955,47.21016159594466],[-1.5412903396841124,47.2094585379426],[-1.5403824386564617,47.20763063874607],[-1.5387798652829205,47.20791014551581]],[[-1.5410780872853673,47.20367508614497],[-1.5411203899027957,47.203026910623954],[-1.5401579605627602,47.20299620394995],[-1.540134356478756,47.20364050178849],[-1.5410780872853673,47.20367508614497]],[[-1.5423307843275618,47.206471085002384],[-1.5412955844244565,47.20623403148749],[-1.5410460732391773,47.20711670465534],[-1.5423082956075223,47.20715752116427],[-1.5423307843275618,47.206471085002384]],[[-1.5428239606453442,47.2053272703177],[-1.5433639192462119,47.20505171354774],[-1.5432709317232627,47.20459986298162],[-1.5420741918927419,47.20401151259844],[-1.5414417906324114,47.204081398894246],[-1.5412732601309835,47.20473223185445],[-1.5428239606453442,47.2053272703177]]],[[[-1.5480074315295123,47.20681544768247],[-1.547821200722757,47.20660871971288],[-1.5476640952810992,47.20632520292044],[-1.5480074315295123,47.20681544768247]]],[[[-1.553701921451502,47.20109836080913],[-1.5542001772316913,47.20099004540121],[-1.553682791375494,47.20150496789744],[-1.553701921451502,47.20109836080913]]],[[[-1.5513001399616337,47.20191677596987],[-1.5519479651852934,47.20216073474648],[-1.5515089082850295,47.20283849556928],[-1.5519498598719388,47.20332209822353],[-1.5535214195604137,47.20309635359926],[-1.553186284778987,47.20388671940689],[-1.5525569467808369,47.20379761868015],[-1.550919489077329,47.2028480370188],[-1.5498296851276512,47.20298243665911],[-1.5496880210793402,47.20256154368364],[-1.5506222893709731,47.202602268424435],[-1.5513001399616337,47.20191677596987]]],[[[-1.5190510719281192,47.190799479090174],[-1.5196998249106892,47.19040081510746],[-1.51979012521209,47.190332243268465],[-1.5198584559654378,47.190809184223966],[-1.5190510719281192,47.190799479090174]]],[[[-1.5185520041722171,47.22813503934755],[-1.5183202536242733,47.22800023170242],[-1.5184262284221648,47.22780322750392],[-1.5185520041722171,47.22813503934755]]],[[[-1.5297194055529155,47.22036407169648],[-1.5293062569406626,47.22027794191864],[-1.5293253677710417,47.22020670615468],[-1.5293385313155194,47.22021140429401],[-1.5297194055529155,47.22036407169648]]],[[[-1.5300341588242632,47.221754860538304],[-1.5297454951901202,47.221731262062974],[-1.5297861392215208,47.22153811361524],[-1.5300341588242632,47.221754860538304]]],[[[-1.5362026086903766,47.22788592553455],[-1.537059976072997,47.227337479953114],[-1.5378380643235374,47.2278227658345],[-1.5367329500849256,47.22832256688083],[-1.5362026086903766,47.22788592553455]]],[[[-1.5358689312896234,47.1948300083768],[-1.535553756898898,47.19493165781486],[-1.5354721949708183,47.19460070459841],[-1.5358689312896234,47.1948300083768]]],[[[-1.5444412357872204,47.2276199892876],[-1.5437240164954023,47.22798955048796],[-1.5436019756641595,47.227318718243026],[-1.5444412357872204,47.2276199892876]]],[[[-1.5467470537642845,47.185765824120736],[-1.5472344933362407,47.185802518097184],[-1.5468451623725086,47.186241370975544],[-1.5468898765597257,47.185983261153986],[-1.5467470537642845,47.185765824120736]]],[[[-1.5481736561837505,47.189120502805636],[-1.5496880747549449,47.18858603715883],[-1.5501242862816247,47.188715019007304],[-1.5491174662282536,47.18957062608147],[-1.5479255775900496,47.18985247361225],[-1.5481736561837505,47.189120502805636]]],[[[-1.5498663800122983,47.19011829662589],[-1.5500627159185045,47.19080852906238],[-1.548949711900355,47.19106294232882],[-1.5489768241183879,47.19178995493104],[-1.5476909853374146,47.19226071548603],[-1.5486292635784664,47.191638273462075],[-1.5482547044569808,47.19079979004318],[-1.5498663800122983,47.19011829662589]]],[[[-1.5452772479306085,47.17971556545655],[-1.5456167838738855,47.17997587977155],[-1.5449441266914765,47.180001418587516],[-1.5449086612233411,47.17991513288002],[-1.5452772479306085,47.17971556545655]]],[[[-1.5497006637048012,47.21296996696331],[-1.5490345797866805,47.21335611242001],[-1.5487902390242636,47.21262102993084],[-1.5492461538881876,47.21289643935352],[-1.5497006637048012,47.21296996696331]]],[[[-1.5484317811952288,47.21227791581433],[-1.5479357351167253,47.21217483250169],[-1.5470780352990636,47.2122183462597],[-1.5483908540078763,47.211735948078335],[-1.5484317811952288,47.21227791581433]]],[[[-1.548929776410359,47.21136445694951],[-1.5485747185642185,47.21121874963975],[-1.5489132085328716,47.211156207456256],[-1.548929776410359,47.21136445694951]]],[[[-1.554767390133668,47.22000755780237],[-1.553752479325647,47.221142982943604],[-1.5516716961193164,47.22156664150037],[-1.5533150147001407,47.22074579436601],[-1.5540723389370268,47.21979006291487],[-1.5546290048191076,47.219570902413075],[-1.554767390133668,47.22000755780237]]],[[[-1.5539274685429378,47.221622110338664],[-1.554119891104896,47.22147136913144],[-1.5544581517658846,47.22187984735968],[-1.5539274685429378,47.221622110338664]]],[[[-1.5526301080532745,47.211624027389064],[-1.5523255118618586,47.21171592285299],[-1.5522113554328931,47.21131956572013],[-1.5526301080532745,47.211624027389064]]],[[[-1.5553554454615723,47.218187529242286],[-1.5551470471473812,47.218661218917234],[-1.5541296896890808,47.218564823935715],[-1.554549515301384,47.21799422656516],[-1.5542482930989452,47.217301201942774],[-1.5546033648774935,47.217222534331114],[-1.5553554454615723,47.218187529242286]]],[[[-1.5549477842362542,47.205283566785795],[-1.5546092585704787,47.205853800838],[-1.5536193812619277,47.205451696233574],[-1.5543733421006718,47.20514010921147],[-1.5549477842362542,47.205283566785795]]],[[[-1.5562018830427609,47.2206605359207],[-1.5563513425963071,47.2208876757135],[-1.5559191271827477,47.220983057018096],[-1.5562018830427609,47.2206605359207]]],[[[-1.555629461245162,47.210607066059715],[-1.5551513471847398,47.210687360358804],[-1.5551416095071227,47.21037667847063],[-1.555629461245162,47.210607066059715]]],[[[-1.5578880604790317,47.202926928220606],[-1.5605808632970986,47.202948060154625],[-1.5582023690999167,47.20391748920526],[-1.5578880604790317,47.202926928220606]]],[[[-1.5576056265966476,47.20471308514727],[-1.556501545937524,47.20489574680013],[-1.556486783763065,47.20489766489162],[-1.5566021161006753,47.20459941801881],[-1.5576056265966476,47.20471308514727]]],[[[-1.5586079515002338,47.2178146704986],[-1.5588902288862618,47.21792262117046],[-1.5586530803123044,47.21798774273557],[-1.5586079515002338,47.2178146704986]]],[[[-1.5583516680458473,47.21835957659059],[-1.5583607127453556,47.2190702193655],[-1.558360074838209,47.21908080691921],[-1.5581421034836973,47.21902927860481],[-1.5583516680458473,47.21835957659059]]],[[[-1.5615058758093496,47.19917312675609],[-1.5612773457631424,47.199555049023516],[-1.558360345862877,47.199256854897484],[-1.5615058758093496,47.19917312675609]]],[[[-1.5616773591560136,47.20488855412573],[-1.5608356679229263,47.204826105895435],[-1.5608267540733978,47.20478802459192],[-1.5616005278829725,47.20461674299675],[-1.5616773591560136,47.20488855412573]]],[[[-1.5631157409277578,47.215508342313385],[-1.5628499497639636,47.21584943417912],[-1.5627441436352298,47.21558828416455],[-1.5631157409277578,47.215508342313385]]],[[[-1.5623236920695402,47.18092228410858],[-1.5625548642944855,47.18098342867251],[-1.5623860212746412,47.18108745206207],[-1.5623236920695402,47.18092228410858]]],[[[-1.563075336322608,47.19949494304946],[-1.5630829390105923,47.19968988340899],[-1.562683330009636,47.199717588424335],[-1.563075336322608,47.19949494304946]]],[[[-1.5711041537516233,47.202895172703904],[-1.5708861724358751,47.20334610463811],[-1.5705207214530958,47.20348885786655],[-1.5706417583319825,47.202946723016],[-1.5711041537516233,47.202895172703904]]],[[[-1.5697302792114012,47.20456861816959],[-1.5710067198207904,47.204364560050145],[-1.568616578110109,47.20491897388096],[-1.568249129103195,47.20521727414153],[-1.567446698375499,47.20518621954171],[-1.5675863924771813,47.20451609234145],[-1.5686401465993693,47.20451448188896],[-1.5691639126077264,47.204136654894796],[-1.5697302792114012,47.20456861816959]]],[[[-1.5694561300264283,47.20339936071053],[-1.5690368459805817,47.20359526620903],[-1.5692587361792902,47.20325618264892],[-1.5694561300264283,47.20339936071053]]],[[[-1.5670236676556788,47.20532792725605],[-1.5660806765701634,47.205668945435164],[-1.5647902881390128,47.20643782317498],[-1.5645683400199322,47.20532328690604],[-1.5670236676556788,47.20532792725605]]],[[[-1.5632776252405538,47.20444506208415],[-1.5639294669381605,47.20454895279143],[-1.5632991713563702,47.20470623824001],[-1.5632776252405538,47.20444506208415]]],[[[-1.5684087668863578,47.20606705754332],[-1.5687096611364808,47.205762536390836],[-1.569584309597048,47.20593064980573],[-1.5684087668863578,47.20606705754332]]],[[[-1.5745630627627616,47.254856415019766],[-1.574609939683365,47.25420391828688],[-1.5749871796238049,47.25423322329902],[-1.5753210131687043,47.25483555813957],[-1.5745630627627616,47.254856415019766]]],[[[-1.5721552842626036,47.2005181741397],[-1.57107875336032,47.201971652071876],[-1.570638999589829,47.20158917218091],[-1.5714014835082049,47.20089207763525],[-1.5707374828077834,47.20050821582596],[-1.5701156877597284,47.200719963539996],[-1.5701048330048042,47.20145477540457],[-1.569561936582537,47.201720288081646],[-1.5666979734933004,47.20158783871313],[-1.567486618687855,47.20094290013507],[-1.5688189077879993,47.20095572803789],[-1.5689617651341958,47.199602859756084],[-1.571885202479292,47.19993077580949],[-1.5721552842626036,47.2005181741397]]],[[[-1.5650646688294159,47.20143603528724],[-1.5661608611527065,47.20161934435381],[-1.564984900692315,47.20182832070119],[-1.5650646688294159,47.20143603528724]]],[[[-1.5666850723202845,47.207364468220455],[-1.5655976283679685,47.20782697824319],[-1.5655148125632936,47.20773271998185],[-1.565761581183741,47.207161556724195],[-1.5666850723202845,47.207364468220455]]],[[[-1.57454100233477,47.19973909156557],[-1.574275805536386,47.19966001183352],[-1.5739650515536125,47.19916412747454],[-1.57454100233477,47.19973909156557]]],[[[-1.5825151700078333,47.21133795455153],[-1.5827470429443697,47.211571748221296],[-1.5824959495582867,47.21175172061945],[-1.5824769864331045,47.21166392907484],[-1.5825151700078333,47.21133795455153]]],[[[-1.5850564321350862,47.2131480336505],[-1.584760821371303,47.21321998279078],[-1.584943423038036,47.2128991209611],[-1.5850564321350862,47.2131480336505]]],[[[-1.5887365586062678,47.23275282273905],[-1.588327065887047,47.2327208635503],[-1.5883107620224843,47.232655265203825],[-1.5883556641107033,47.23265521537468],[-1.5887365586062678,47.23275282273905]]],[[[-1.5885683261450338,47.16368577108416],[-1.5881679565139055,47.164070283059964],[-1.5880224938391423,47.164039334880506],[-1.5880329119525332,47.164031888017156],[-1.5885683261450338,47.16368577108416]]],[[[-1.5944455760251761,47.14830246177404],[-1.5938224218871457,47.14814101295077],[-1.593741115449518,47.147961733246746],[-1.5944455760251761,47.14830246177404]]],[[[-1.6156865137572105,47.25177129300734],[-1.6158648858456521,47.25119528303266],[-1.6164474989279716,47.251457998104335],[-1.6161472464696993,47.25152098560595],[-1.6156865137572105,47.25177129300734]]],[[[-1.618904035710527,47.249885244404254],[-1.6182915176084733,47.249674464430605],[-1.618422808225493,47.24951986049831],[-1.6184336251119533,47.24952731105368],[-1.618904035710527,47.249885244404254]]],[[[-1.6186671635462428,47.24866988370933],[-1.6183672596531449,47.248507017531885],[-1.6181789047374908,47.24825576908231],[-1.6186671635462428,47.24866988370933]]],[[[-1.6026206570984818,47.196426907303184],[-1.6018139669225815,47.19668899637517],[-1.6015982764623784,47.196575175801684],[-1.601612550057937,47.196572599401435],[-1.6026206570984818,47.196426907303184]]],[[[-1.6003494188895349,47.196671881987804],[-1.5974449464843914,47.19738219590974],[-1.5965036463160094,47.19735266311752],[-1.5992903499515465,47.196711330779],[-1.6003494188895349,47.196671881987804]]],[[[-1.607540871422045,47.2170150445271],[-1.607741245988426,47.21756667757932],[-1.6073121382788547,47.217051648004414],[-1.607540871422045,47.2170150445271]]],[[[-1.605191547059952,47.19606192237888],[-1.6059694799455138,47.196114414563446],[-1.6043070177827796,47.19626373920769],[-1.605191547059952,47.19606192237888]]],[[[-1.6263536051394192,47.254524179044815],[-1.6258366272150855,47.254802849534045],[-1.6263780418422866,47.254496467999864],[-1.6263536051394192,47.254524179044815]]],[[[-1.6280939210951786,47.25653307486121],[-1.627720035189404,47.25647272094121],[-1.6282077416865812,47.25610503715084],[-1.6280939210951786,47.25653307486121]]],[[[-1.6300432358546728,47.223776381000896],[-1.630078699592689,47.22469532654401],[-1.6291937616672592,47.22490136401255],[-1.629586334226277,47.2244343311841],[-1.6300432358546728,47.223776381000896]]],[[[-1.625648239416595,47.22346092463995],[-1.6260035738158605,47.22354028344586],[-1.6255135883273664,47.22379800556727],[-1.625648239416595,47.22346092463995]]],[[[-1.6348251905305706,47.20042719036649],[-1.634994945842151,47.20079503292767],[-1.635655044614668,47.20107066362545],[-1.6346108417027032,47.20084326884275],[-1.6348251905305706,47.20042719036649]]],[[[-1.6307843656389946,47.20091766626998],[-1.6309463814651401,47.20124888061793],[-1.6302974087335103,47.20106559082809],[-1.6307843656389946,47.20091766626998]]],[[[-1.6398354958323456,47.22718228630139],[-1.6391479487343836,47.22777356320111],[-1.6399178332138553,47.226814811985555],[-1.6402333589614806,47.22661486873445],[-1.6408762160493409,47.227311732468195],[-1.6398354958323456,47.22718228630139]]],[[[-1.640292310725134,47.22651766400135],[-1.64020085237259,47.225971569784036],[-1.6394934992128056,47.22558398531583],[-1.6407733321212172,47.2261240819519],[-1.640292310725134,47.22651766400135]]],[[[-1.6413108707813937,47.2277557522979],[-1.6418131218731695,47.22810434845811],[-1.643021439198054,47.228126140768715],[-1.6417164394879,47.2281378384773],[-1.6412290769551388,47.22848446999223],[-1.6413108707813937,47.2277557522979]]],[[[-1.6436450535200948,47.22821849044561],[-1.6436675167284822,47.22819203247654],[-1.6441347521256566,47.22842939633905],[-1.6436450535200948,47.22821849044561]]],[[[-1.6432457323252505,47.229309269013655],[-1.6427876590796193,47.22935078356678],[-1.6427724643273793,47.22935163077173],[-1.6428073803919832,47.22920924458681],[-1.6432457323252505,47.229309269013655]]],[[[-1.6874236775022877,47.19082906713908],[-1.6867589415785835,47.1903783724679],[-1.68630093227924,47.190227116427025],[-1.6866786365501347,47.19012530941347],[-1.6874236775022877,47.19082906713908]]],[[[-1.8347859871506635,47.226657800257925],[-1.8340196960779906,47.22740178191932],[-1.8332999422158414,47.22689974454586],[-1.832412244112846,47.2269477282913],[-1.8337893416467257,47.226132506264626],[-1.834520942295087,47.22622173498226],[-1.8347859871506635,47.226657800257925]]]]},"properties":{"libelle_propension":"ELEVE","niveau_propension":2,"date_run":"2026-08-23T15:00:00Z","date_validite":"2026-08-23T17:00:00Z","echeance_h":2,"surface_ha":32621.8}},{"type":"Feature","geometry":{"type":"MultiPolygon","coordinates":[[[[-1.4501757772861914,47.328917636964725],[-1.4477681340626447,47.33262964867873],[-1.4466047414306418,47.333604122596284],[-1.4451057031792254,47.33408788951678],[-1.4433862575766627,47.335549129620894],[-1.4442954849996816,47.33695159185188],[-1.4443391518383972,47.338182931786136],[-1.440974059091697,47.33902308731374],[-1.4382781568736607,47.33896065641682],[-1.4366244970057518,47.340064028555915],[-1.435276175598929,47.340283062158896],[-1.432814518712635,47.33921950782157],[-1.4338113753561386,47.33819865990167],[-1.4332923346226383,47.33745603300967],[-1.4291771616328777,47.337616121623455],[-1.428338272888464,47.334687770666115],[-1.427022934009715,47.33458871021511],[-1.4265129884310435,47.33503212012366],[-1.4244496301480194,47.334647929521616],[-1.4262862136696757,47.33291249745043],[-1.426358351072898,47.33180037469177],[-1.4272268949317404,47.33167993107602],[-1.4275148399601323,47.33112597768615],[-1.4263259232921832,47.330520347874234],[-1.426560071901207,47.32955223644287],[-1.4254475860764715,47.32934081110336],[-1.424847083514199,47.32868202722776],[-1.425245834036381,47.327813136264375],[-1.4248148405204448,47.32724460126381],[-1.4258520199530453,47.32671721578616],[-1.426704700391772,47.32756664664021],[-1.4282554250832584,47.32759798490837],[-1.4288285994128807,47.32684223212918],[-1.4272567882286076,47.32515866703573],[-1.4285160772636292,47.32440454767637],[-1.4316081015754016,47.32547026317492],[-1.4345202222920677,47.32492306187593],[-1.435837725151949,47.325318370356136],[-1.4394542812511408,47.3251943917014],[-1.4406688010374973,47.32576795298293],[-1.441418017412452,47.324895750025895],[-1.4423028932932702,47.32549034176362],[-1.4459895494362864,47.324906060088914],[-1.447244604780238,47.32504320957216],[-1.4501757772861914,47.328917636964725]],[[-1.4388882779343586,47.3366397223217],[-1.4384204008571306,47.33718400037931],[-1.4392996057840353,47.33766377892253],[-1.4397775803633168,47.336955238901005],[-1.4388882779343586,47.3366397223217]]],[[[-1.5162662059725796,47.1254198888986],[-1.5157068925601036,47.125735672754125],[-1.5146198844607437,47.12872378422968],[-1.514818041813774,47.129964202504034],[-1.515580705157514,47.130281117235455],[-1.5151816454378537,47.13251016320262],[-1.5159200003792934,47.13383721432461],[-1.5147676428621613,47.13497196180922],[-1.5067777947389969,47.13680860549257],[-1.505979651412691,47.13870359521557],[-1.5088476262939732,47.13938034673229],[-1.508643169042876,47.14039634836402],[-1.5025585231754006,47.13989606095992],[-1.5014835605418175,47.14100126859151],[-1.501900436252798,47.14157981250427],[-1.50736956016806,47.14245467380121],[-1.5075578202669604,47.14335071136445],[-1.5066848072883672,47.143983087343976],[-1.5058946228580856,47.14383686255854],[-1.5044214974612014,47.144428908583116],[-1.5044785160592646,47.145453135615],[-1.5031777193239848,47.14490329041408],[-1.5023381279025085,47.14520455919405],[-1.5016120936658808,47.144852802461656],[-1.500313674175714,47.145109673308546],[-1.4980380086593497,47.144768392637474],[-1.4978038878885147,47.14547299926682],[-1.4990270005352995,47.146869975118925],[-1.5000687739143184,47.14712517234667],[-1.4996716545745807,47.14902358163492],[-1.4988328763784124,47.149704907185765],[-1.497272152180795,47.149659284432005],[-1.4922593475915873,47.153785607443155],[-1.4913153437960125,47.15235101521607],[-1.4904157749659055,47.15243981248752],[-1.489932711755484,47.15323621415884],[-1.4901732753004624,47.15372109830515],[-1.4913458975323852,47.154017225808666],[-1.4908115889925646,47.155034887172],[-1.4912709622280027,47.15549997509176],[-1.4927661429247392,47.1552238089573],[-1.4946111652846992,47.15412984222158],[-1.4949935359070015,47.15485577028484],[-1.4963186653986638,47.155185281119316],[-1.496075584658447,47.15642096610299],[-1.4952164580736511,47.15723209454373],[-1.4952721640429913,47.15816043951539],[-1.4946890599034888,47.158600633911725],[-1.4952880549929204,47.15951259056096],[-1.495330004255715,47.161478355352024],[-1.494859521520721,47.16239711133303],[-1.4958094632514056,47.163226890569376],[-1.4963323578188763,47.16510396357588],[-1.4949942173736455,47.16486965687821],[-1.4942332770639586,47.16516695510949],[-1.494454103677178,47.166704770057116],[-1.494977749172956,47.167044669576434],[-1.4946534673837935,47.167888939297605],[-1.500257998695325,47.169079631760106],[-1.5012784967666117,47.16971577703176],[-1.5031279642350541,47.169059232514556],[-1.5034923833368559,47.16941357751311],[-1.5034062977255087,47.17024537903702],[-1.4973588898028525,47.16966948613987],[-1.4958617806910075,47.169034267811114],[-1.4948773989644006,47.16980738590583],[-1.4956207660399403,47.17047259468007],[-1.4947600107656764,47.17155429712622],[-1.4954224785636236,47.172062799770416],[-1.4942566456164312,47.17228382837909],[-1.493635943337784,47.17303269679545],[-1.4956183816484185,47.17406218003966],[-1.4947216648254489,47.174488640751065],[-1.4945192569170285,47.17512359001427],[-1.4959983754636483,47.17653559040838],[-1.4959229452912344,47.177324767831465],[-1.4949665246215973,47.17777092571467],[-1.49541257270263,47.178517486881006],[-1.495152601115162,47.17940590350299],[-1.4962910360127184,47.18007265856112],[-1.4976546191327933,47.1801966488605],[-1.4969311501838738,47.18115046515085],[-1.4960968651804274,47.181059788696835],[-1.4949171758470132,47.1817520391547],[-1.4956377073788214,47.18243365323298],[-1.4952876365673278,47.183614851071184],[-1.496113053382051,47.18400179483349],[-1.494842377957706,47.18420684108528],[-1.4947257211513014,47.18512305422344],[-1.4951557833992215,47.185476531578075],[-1.4945417466053321,47.186240897047796],[-1.493796186838074,47.18571195245767],[-1.4913859566178103,47.185358066795054],[-1.4908011875754543,47.18490822452112],[-1.488201935654011,47.184817215753775],[-1.4861135186950754,47.18401697369915],[-1.485366542547985,47.18421321742604],[-1.485012602788825,47.18351449020866],[-1.4822931394170633,47.183490906401715],[-1.4817086356139966,47.18313172767961],[-1.4809151491315353,47.18328999278535],[-1.480747167235894,47.18395125631404],[-1.4825522721172997,47.18470999860632],[-1.481636623276757,47.18504055810814],[-1.4796633680094098,47.18435525053371],[-1.477525863661352,47.18499591635402],[-1.4781608876369716,47.18385595879807],[-1.476568443881359,47.18340070489405],[-1.4758435887157422,47.184108683411495],[-1.476315422553772,47.18476299212285],[-1.4739504756890944,47.18562181389745],[-1.4747102691043672,47.1868816787079],[-1.4756326876584804,47.18693195942125],[-1.475436755528427,47.187680952198164],[-1.4744538473671842,47.18824435373317],[-1.4744468894883704,47.18917352806895],[-1.4737543764231786,47.18941813508665],[-1.4728400128693198,47.189198298673844],[-1.4723627133325559,47.18957512911271],[-1.4749015210841243,47.19164534239991],[-1.4749077803103687,47.19221601960564],[-1.4761195750518077,47.192901550461336],[-1.47527929985785,47.193482426247385],[-1.4748683914097516,47.19502337368738],[-1.4716690673955342,47.19461239302849],[-1.4697619848598087,47.195598431321024],[-1.4695597025827696,47.19440600117641],[-1.4671513171359807,47.19454191742797],[-1.4668397820675625,47.194139637370114],[-1.465137909758109,47.193679519123634],[-1.464234463291562,47.19407499963147],[-1.463781144526071,47.195426564855815],[-1.4623691776741796,47.19514416672506],[-1.4615374604096985,47.19542489321399],[-1.4602972602542545,47.19498684792816],[-1.4591603335037702,47.19544772565812],[-1.4587394782088652,47.19456835163636],[-1.4580623816647678,47.19464180439769],[-1.4575559458692895,47.1952478790405],[-1.4565234883827871,47.19468576493336],[-1.457057889246197,47.194146512652],[-1.4563605303178961,47.1937677146311],[-1.4556531251021412,47.1941113254546],[-1.4561552628461187,47.19470764400729],[-1.455443414538108,47.19567657693306],[-1.4543444462951125,47.195598203419905],[-1.4525291969668555,47.19469010645768],[-1.4479714244639124,47.19564678090221],[-1.4475221194082277,47.195417726409914],[-1.4476797427640287,47.194367088027306],[-1.445693989655176,47.19258591921436],[-1.445949936693769,47.18712287703743],[-1.4465852492654245,47.18690309676562],[-1.4470030949313468,47.18582876430993],[-1.4475040178023204,47.18654868934298],[-1.4496705677659263,47.18645493664393],[-1.4520933758617907,47.186849406706976],[-1.4535219873823504,47.18636360659009],[-1.4533184058988748,47.1857198488287],[-1.448738667071634,47.18530903328744],[-1.4471427989904004,47.18549337605045],[-1.446492710414624,47.18509138006619],[-1.4457980250095477,47.18546514525047],[-1.4452174956527324,47.18504910446642],[-1.442448285817798,47.184618371724795],[-1.441745275594857,47.18483007384174],[-1.4321960935921743,47.18399499848341],[-1.4322773501075827,47.183445643325044],[-1.4317488829791314,47.183164641575786],[-1.4307721623305032,47.183921081304],[-1.4285723088821674,47.18354049381598],[-1.4276534459019825,47.18303210394981],[-1.4256784244886134,47.18302865780833],[-1.4143233497587837,47.18079638756346],[-1.4136307691795202,47.18029382386216],[-1.4121835466098112,47.177414919987406],[-1.4140934844887192,47.17581400872538],[-1.4138593319293684,47.175154379892426],[-1.4150315268851135,47.17451169413559],[-1.416915164721268,47.17431404861773],[-1.4178375544043724,47.1727977050541],[-1.4203895318151019,47.17183156282923],[-1.4233842797981762,47.16996538069678],[-1.4248172591755104,47.16826557284602],[-1.425582246358632,47.16799025771953],[-1.4259683652881603,47.16696133024795],[-1.4280539616527888,47.16511332902798],[-1.429448071891151,47.158908259273225],[-1.4296109860067463,47.159604625075595],[-1.4314896833507214,47.16031261341526],[-1.434858411662033,47.15927021188633],[-1.4350872797673986,47.158602541869534],[-1.4333373306596853,47.157316577153],[-1.434166035634784,47.156764562235914],[-1.4341726410360438,47.15585865997871],[-1.435224423616155,47.1543585543949],[-1.436800814957107,47.15404255929847],[-1.4373991337623335,47.15502446571697],[-1.4382840897164257,47.155243185843396],[-1.4400762089072323,47.15364894749971],[-1.4427856923160371,47.15209787513701],[-1.4447427439195641,47.1525364076283],[-1.4455601106986988,47.149793325150185],[-1.448192765036654,47.14862518929748],[-1.4482831369412168,47.147681731550506],[-1.4456290011550477,47.145643609954774],[-1.4431557224280864,47.14550896794637],[-1.4425424806636997,47.1444490742065],[-1.4395962038352075,47.14436572147291],[-1.440518698976217,47.14151321255724],[-1.4402420541284096,47.13957232165268],[-1.4395684849814936,47.138675239194576],[-1.4423036510466314,47.13634734364343],[-1.4440854455676075,47.13533372570456],[-1.444388133142725,47.135758646729236],[-1.4437806101426243,47.13707769333055],[-1.44533980197123,47.13771394037327],[-1.443930844338872,47.13965208958257],[-1.4442221427953026,47.14018405540406],[-1.4458822950600767,47.140504883179915],[-1.4473147280829555,47.13901831910852],[-1.4489140213793619,47.13904208163776],[-1.447383598534316,47.1436158136446],[-1.4453752029493763,47.14445325967225],[-1.445990229483957,47.145227061044146],[-1.4470274048975356,47.14502468709657],[-1.4485345544951747,47.14582978074039],[-1.4495868570266546,47.14594794599909],[-1.4506330509794565,47.14539999138684],[-1.4520540549412702,47.14586523019565],[-1.4540023488083758,47.1449593607321],[-1.4565215354523495,47.14556734106214],[-1.4571349396497955,47.14513562610842],[-1.45653942742972,47.14445305847222],[-1.4568683039425037,47.144198263869555],[-1.4593384221635355,47.14617387803188],[-1.4596412622025636,47.14753191485722],[-1.461685936433423,47.14791776816902],[-1.4624291799505968,47.147451376874606],[-1.4639456845073753,47.14813520607867],[-1.4647785134072886,47.14800473476896],[-1.4650936295913128,47.14756148515078],[-1.466218923061891,47.148410351913164],[-1.467498466665566,47.14824042475792],[-1.4672768939394532,47.14631007001018],[-1.4651357229334443,47.146732186936326],[-1.4647781781830298,47.147127611935595],[-1.4640373228235806,47.14669376841382],[-1.4645775285492524,47.14483275917173],[-1.4635240630246078,47.14432782798962],[-1.4635989059152055,47.14394462948387],[-1.4643771401964,47.14398824868005],[-1.4650221754551374,47.14337195522712],[-1.4649077315542234,47.142607301221766],[-1.4641397116433434,47.14208308253028],[-1.4651260280251204,47.1420468453763],[-1.4655747962351107,47.141141143588776],[-1.466939650338031,47.14148126493016],[-1.4675378742503453,47.141079033070405],[-1.4674975575910683,47.138335307191205],[-1.465738574666277,47.137452317502614],[-1.4660137378809595,47.136468751590286],[-1.4644106706765911,47.13417659968807],[-1.4654126456419878,47.13330506601638],[-1.4647872117664238,47.132821595705224],[-1.4647911083881806,47.13005411037003],[-1.4652325996813322,47.129367173346225],[-1.4648202016735203,47.12891383631247],[-1.4655500300284185,47.12827802300741],[-1.4650948485033874,47.127853930013195],[-1.465336879767019,47.126302023797514],[-1.4647311968289347,47.12595913115745],[-1.465167819596976,47.12517601668041],[-1.4661418410372742,47.12501834656492],[-1.4665496872407924,47.124224989347724],[-1.4642005304502208,47.12270788388953],[-1.4654731750969263,47.12176957980792],[-1.4657839152592818,47.12019848866969],[-1.4677770478788723,47.11975352582399],[-1.467923960092731,47.119069941785256],[-1.4691970242281376,47.11905446226473],[-1.4695271224271638,47.11829363619327],[-1.4707212171778974,47.1182633038719],[-1.4710860551099578,47.11781171907725],[-1.473411824044476,47.11776091408785],[-1.4738488411577408,47.117043117155774],[-1.4766257573370754,47.11807044093913],[-1.4779210313625781,47.119635641099286],[-1.4790955532199752,47.119590051768434],[-1.4810996128637137,47.121384248840336],[-1.4802207052605805,47.12182535662169],[-1.4802858719317544,47.12233139014406],[-1.4840178989474697,47.12433517911331],[-1.4847688989883592,47.12699192392717],[-1.4853572138319546,47.12715849901103],[-1.4874643440236806,47.12670449571071],[-1.4889711219330086,47.12703225325319],[-1.490044677636292,47.12856249395268],[-1.4943088751515075,47.13251332418578],[-1.4963132695627097,47.132315703460385],[-1.497036519785903,47.13265671516411],[-1.499392946469894,47.13226553707062],[-1.5060883742173135,47.13221443220062],[-1.5081548431832017,47.131900405022286],[-1.509059963917789,47.1298468217672],[-1.5088299857662877,47.127715699367386],[-1.5097211130144568,47.12677387876577],[-1.5120958695329558,47.12599394175552],[-1.5128074966626646,47.1252666151442],[-1.5139618236692547,47.12519729896217],[-1.5149361281544995,47.1255888760566],[-1.5157771077478388,47.12511052327001],[-1.5162662059725796,47.1254198888986]],[[-1.445205942218581,47.18468850872559],[-1.445994595238804,47.18432825728783],[-1.44547474628559,47.18368489358396],[-1.4445211750793987,47.18414642076982],[-1.445205942218581,47.18468850872559]],[[-1.454687229038291,47.19363451344329],[-1.4551897942277803,47.192476743757375],[-1.4544080214917778,47.191890637194334],[-1.4516361250955434,47.19306521596805],[-1.452743868676939,47.19421823143817],[-1.454687229038291,47.19363451344329]],[[-1.453437029649215,47.17294173090257],[-1.4525347191137625,47.172698620608976],[-1.452105664734281,47.173354522652815],[-1.453095514126994,47.17358320986294],[-1.453437029649215,47.17294173090257]],[[-1.4561910577079362,47.18709235101255],[-1.4560355900794442,47.185906408215416],[-1.4548238032976726,47.18560927746676],[-1.4539447159652905,47.18617130148316],[-1.454886851815266,47.187278061391304],[-1.4561910577079362,47.18709235101255]],[[-1.4581091194185631,47.18490756712249],[-1.457037346391245,47.184353986056536],[-1.4562171095854477,47.18488083465277],[-1.4573232782113588,47.185710518921],[-1.458208821285669,47.18552395719785],[-1.4581091194185631,47.18490756712249]],[[-1.4729224646628025,47.18889222073633],[-1.4737885473891899,47.18854199969774],[-1.4735358246878971,47.18698185659241],[-1.470899021942372,47.18684917371355],[-1.4699235811813878,47.187400306352636],[-1.469650714566568,47.18628997973446],[-1.4679042689044794,47.18625504574549],[-1.4680570634907764,47.185704725586845],[-1.4671990132558024,47.18530828178484],[-1.4662465609281374,47.185611989897716],[-1.4660925383709464,47.186063863817445],[-1.4643031820818642,47.185586638917954],[-1.4646377834298037,47.18430777735281],[-1.4639481156888083,47.18407335338678],[-1.4629718176095767,47.18430234814662],[-1.4615602494223123,47.18327005585966],[-1.4599965032166002,47.18360128477029],[-1.4606973949986206,47.18507432165043],[-1.4604571005839089,47.18552728672626],[-1.4589459914362664,47.18598488724566],[-1.4573814022046758,47.18573108550657],[-1.4568838813067952,47.18606162673056],[-1.4570459536169647,47.18695072097301],[-1.458887358215789,47.18698813871237],[-1.4593583796664344,47.18779629189362],[-1.4624716672938032,47.18785439825221],[-1.4630763541623573,47.18712070640552],[-1.463566914531754,47.18813508755833],[-1.4705400144669496,47.18903875889216],[-1.4714734191183803,47.188741193041764],[-1.4729224646628025,47.18889222073633]],[[-1.4579814173403833,47.18337568761441],[-1.4587562962254064,47.182407889421945],[-1.4581490162090953,47.1821714017394],[-1.4570892574641165,47.1829214822148],[-1.4579814173403833,47.18337568761441]],[[-1.4673898035575312,47.172354223375784],[-1.4664198280635647,47.17235303847666],[-1.466388960115408,47.17302673826891],[-1.4674391006686538,47.173000421296344],[-1.4673898035575312,47.172354223375784]],[[-1.473036878128895,47.167224291728594],[-1.472830695550019,47.16670667521582],[-1.4716298313522105,47.1665153854171],[-1.4703111944058855,47.16714292774412],[-1.4700291610866703,47.16692104491026],[-1.4706802161339505,47.16553743905424],[-1.4703628303500762,47.16507827544359],[-1.46866779748174,47.16540471204885],[-1.4682251712778571,47.16459338713278],[-1.4669073141626356,47.1649012814652],[-1.46689851428259,47.16552175452247],[-1.4686093440628,47.16648883262755],[-1.4682333137286012,47.16699541295593],[-1.4689563437147994,47.167675460847434],[-1.469848686980864,47.1677857450444],[-1.4703590820283303,47.167316190501516],[-1.4708076490215425,47.16758439175042],[-1.4704695135361256,47.168635354169425],[-1.46922597748184,47.168764367574155],[-1.4684813295118662,47.169365892975286],[-1.4697439459650397,47.17065564061577],[-1.470624791769011,47.170534171960114],[-1.4702613495915908,47.16950659245351],[-1.4709802265795804,47.1694968764849],[-1.4718429827774282,47.1688988358802],[-1.4722848494004757,47.167605777240425],[-1.473036878128895,47.167224291728594]],[[-1.4730039938735344,47.1823276108411],[-1.472764750451208,47.18171903880662],[-1.4716795810655663,47.18182101824668],[-1.4720232973185265,47.182661169631],[-1.4730039938735344,47.1823276108411]],[[-1.4732025488321367,47.17124900748142],[-1.472029280959403,47.17030503665001],[-1.4707259191850206,47.17098482139936],[-1.4709020896702532,47.17177175201303],[-1.4720265045812824,47.17206024063396],[-1.4729564594791473,47.17188534483563],[-1.4732025488321367,47.17124900748142]],[[-1.4747388835878905,47.1676741848389],[-1.4739146315785896,47.16725743744062],[-1.4725213623011562,47.16804485988596],[-1.4720189827109278,47.168834604528264],[-1.4723392448550747,47.169619845303416],[-1.473481937481826,47.169832657380255],[-1.474412669372757,47.16933958509126],[-1.4747388835878905,47.1676741848389]],[[-1.4735119167361248,47.173754163220806],[-1.474041774523521,47.17300808498456],[-1.473283410486664,47.1726375572112],[-1.4725215825821074,47.17341888368522],[-1.4735119167361248,47.173754163220806]],[[-1.4716937580090792,47.13768973423421],[-1.4713141531073892,47.136449028115976],[-1.4701821731588924,47.136666764598466],[-1.470755469185223,47.13778627076805],[-1.4716937580090792,47.13768973423421]],[[-1.4758530059284802,47.18289966364716],[-1.47645219013402,47.182360680466175],[-1.4755839579563954,47.181941940609896],[-1.475001242826149,47.182536747469356],[-1.4758530059284802,47.18289966364716]],[[-1.4745154301487418,47.148488261656425],[-1.4736580922077218,47.148015323656594],[-1.4731795887618226,47.14869117926354],[-1.474024109609031,47.14902603328163],[-1.4745154301487418,47.148488261656425]],[[-1.4762935006593934,47.16885263074793],[-1.4753031856525878,47.16868672232185],[-1.4750444259525133,47.16946851329086],[-1.4761730764911105,47.16951897753907],[-1.4762935006593934,47.16885263074793]],[[-1.478329778116589,47.18068101249844],[-1.4782799444645598,47.17935965859435],[-1.4771604561216467,47.17930929733376],[-1.4772690168704339,47.18012931954004],[-1.4761014142068323,47.18056726442137],[-1.4761326865060966,47.18116399189872],[-1.477427161678512,47.18125853373188],[-1.478329778116589,47.18068101249844]],[[-1.4774658061790327,47.1724249437167],[-1.4765021619517387,47.17160278787926],[-1.4755970506717053,47.17170998408819],[-1.4756410329520209,47.173005020816575],[-1.4773122158329302,47.172873979947745],[-1.4774658061790327,47.1724249437167]],[[-1.480428183216846,47.18263621289343],[-1.48077564601911,47.181482887282755],[-1.480060065899496,47.181077981303766],[-1.4790401529408794,47.18130051058232],[-1.4790198006891493,47.181930395968145],[-1.477891656885273,47.18240579048788],[-1.478438753697897,47.182917474015966],[-1.4797951079838492,47.183015231330174],[-1.480428183216846,47.18263621289343]],[[-1.480108268804774,47.18053039081287],[-1.4798496345495045,47.17923010485674],[-1.4785384249831237,47.17946931058032],[-1.4793389755363042,47.18066417493084],[-1.480108268804774,47.18053039081287]],[[-1.4794888229492935,47.16521679709904],[-1.480175541710664,47.165058115069975],[-1.4802339896939587,47.16456488280515],[-1.4786428182654394,47.1641425815259],[-1.4783462420832125,47.16485343362004],[-1.4794888229492935,47.16521679709904]],[[-1.4794623378052274,47.16387400006034],[-1.4803551409264384,47.163667907869446],[-1.4801191409154912,47.16283041382832],[-1.4785221005775553,47.162579137511244],[-1.4782329967764685,47.16315995518294],[-1.4794623378052274,47.16387400006034]],[[-1.4823921384898167,47.18030379277111],[-1.4816231052193691,47.1798830869801],[-1.4808769382369982,47.180449451761696],[-1.481826779675489,47.180835971829275],[-1.4823921384898167,47.18030379277111]],[[-1.4818499501345495,47.16881013506933],[-1.4819691347477457,47.16626045555903],[-1.4810539713086015,47.16609644051151],[-1.4800038625621932,47.168204295966994],[-1.4818499501345495,47.16881013506933]],[[-1.4858429882745217,47.18174381017227],[-1.487201133623548,47.18099949983371],[-1.4869036421859005,47.18049169789829],[-1.4851727240433237,47.18001940660261],[-1.4836544355744117,47.180395201123346],[-1.483975457674353,47.18143111743384],[-1.4858429882745217,47.18174381017227]],[[-1.4835145029385692,47.16524024536082],[-1.4843955673431055,47.165033829365015],[-1.48408079678183,47.16442168617614],[-1.4831861347366861,47.164635893877815],[-1.4835145029385692,47.16524024536082]],[[-1.4853873763303356,47.180013625230146],[-1.486213087406806,47.17945549717006],[-1.4851603818656696,47.17901642591019],[-1.4845870276897954,47.1795335052357],[-1.4853873763303356,47.180013625230146]],[[-1.489430309290766,47.18189301315333],[-1.4889301101363712,47.18123205644494],[-1.4879282971410541,47.181090901357564],[-1.4873529292634855,47.18146505267835],[-1.4875082303675886,47.18191743529674],[-1.4884843428035222,47.18223741607941],[-1.489430309290766,47.18189301315333]],[[-1.4917158017017216,47.180333705947184],[-1.4917702608155863,47.17977679815681],[-1.490887123393741,47.17923788365489],[-1.489236090000389,47.18001218001438],[-1.488694880377795,47.1794290259516],[-1.4876276882261983,47.17948801709763],[-1.4872065278454383,47.17985544654483],[-1.4878839684491785,47.18056604085518],[-1.4892123843086158,47.180055122325186],[-1.4893529772983958,47.18049538617035],[-1.4906002700663026,47.1809986307708],[-1.4917158017017216,47.180333705947184]],[[-1.4903079221441768,47.1830944951657],[-1.4917056914916775,47.1820211499974],[-1.4911655713269667,47.181580758013254],[-1.489755139141006,47.181756285280855],[-1.4892166406886609,47.18223431625203],[-1.4893649965334506,47.18270046432747],[-1.4903079221441768,47.1830944951657]],[[-1.4887162960899138,47.138814634467245],[-1.4895594216513943,47.13792213342539],[-1.4888940262157415,47.13666141682757],[-1.4857325094483484,47.13693806024394],[-1.4856892335190035,47.1376918689564],[-1.4868918341843105,47.13787857777781],[-1.4871758934133092,47.138674470027546],[-1.4887162960899138,47.138814634467245]],[[-1.492689286022414,47.18166618036193],[-1.4920514233977924,47.18190266244562],[-1.4917857717577743,47.182702849935914],[-1.492947640134168,47.18325298264237],[-1.493857635851334,47.18208676891131],[-1.492689286022414,47.18166618036193]],[[-1.4935316313945515,47.178650507906646],[-1.4935487082654741,47.17791339462502],[-1.492364948754065,47.17806657401628],[-1.4925372545442799,47.178748196547694],[-1.4935316313945515,47.178650507906646]],[[-1.4929223890136476,47.151425762282486],[-1.4920252136176695,47.15041031515418],[-1.4912982184974155,47.150564461528134],[-1.490752079665663,47.151995012936894],[-1.4919863382087828,47.1521039828502],[-1.4929223890136476,47.151425762282486]],[[-1.4925865528747992,47.13997243759905],[-1.4940747748656409,47.137538386858964],[-1.4935737419617148,47.136462100246355],[-1.4929489022351432,47.13621530771219],[-1.4901202683684511,47.13652617614554],[-1.4897459951438252,47.13695700852673],[-1.4904383214526142,47.1399007789143],[-1.4910166248017527,47.14015419119061],[-1.4925865528747992,47.13997243759905]],[[-1.5002128808855062,47.142841526288244],[-1.5000673001896523,47.14144600039355],[-1.4989528908524241,47.14147811614103],[-1.49929903521022,47.14287084064923],[-1.5002128808855062,47.142841526288244]],[[-1.5027409775470555,47.137079028388854],[-1.5008202452827322,47.13814652102824],[-1.5003978507727769,47.138982345250106],[-1.5023203625365587,47.13975135789371],[-1.504266120565028,47.13782334681959],[-1.5027409775470555,47.137079028388854]],[[-1.508734542110198,47.136062087317924],[-1.5091608489437622,47.13552002599486],[-1.5074577169888934,47.13315598103531],[-1.5063395900746326,47.13289061053351],[-1.5052745604663593,47.13606111023749],[-1.5070544807974169,47.136430286893706],[-1.508734542110198,47.136062087317924]]],[[[-1.4459039708353665,47.18580178483973],[-1.4458878495287784,47.18582390492092],[-1.4458562963067332,47.18573972871069],[-1.4459039708353665,47.18580178483973]]],[[[-1.4654810170290589,47.13750853551037],[-1.4651866990809759,47.137739199502406],[-1.4647372389775013,47.137625215249855],[-1.46485991485788,47.13741519332673],[-1.4654810170290589,47.13750853551037]]],[[[-1.463384301080961,47.1858970873114],[-1.4635506464130716,47.186057290404875],[-1.4633956412291789,47.18615275759916],[-1.463384301080961,47.1858970873114]]],[[[-1.4619826157225668,47.18540974916406],[-1.462095458776865,47.18635719707708],[-1.4617368670746904,47.18584578031538],[-1.4619826157225668,47.18540974916406]]],[[[-1.4614934755047215,47.145138936718276],[-1.461416847770247,47.146169756083225],[-1.460816182190637,47.1460718079239],[-1.46061056076785,47.14546216902108],[-1.461082654517709,47.14495576381937],[-1.4614934755047215,47.145138936718276]]],[[[-1.5306667429821592,47.29132988773302],[-1.5305495541310916,47.29281482051717],[-1.5298864970059394,47.29350945686214],[-1.5271263578701881,47.294853971121746],[-1.527530999445369,47.295308326066184],[-1.5297443396032533,47.29569184697549],[-1.5307362301315262,47.296599524717294],[-1.5305293190976357,47.29836982009614],[-1.5275605698141599,47.3015363399482],[-1.5253977411733324,47.30229209146983],[-1.5239287949816225,47.30197993515396],[-1.5231286556144974,47.30266976434981],[-1.521925616322963,47.302962978636835],[-1.5225731702361622,47.302181736265574],[-1.5217254503224595,47.301626916845066],[-1.5228017946747163,47.30116330170546],[-1.5237698056163702,47.30155309976803],[-1.5252206150266796,47.30039434073332],[-1.5251460908919832,47.2988463888623],[-1.524239432664263,47.298139091251684],[-1.5254796775345478,47.296861366320144],[-1.5259142385813427,47.295138293284516],[-1.5239991735244287,47.293013328337565],[-1.524572161457228,47.29260875979054],[-1.5241697677620185,47.29178134581836],[-1.524888795421691,47.29117557693],[-1.525788358132744,47.291099743692314],[-1.5259695617927496,47.29049748489652],[-1.5250108622265313,47.289102902191075],[-1.5235323263476868,47.2885343271484],[-1.5221268403478412,47.28847028853575],[-1.5205984827973094,47.28540710581012],[-1.5186179229273087,47.28460071814478],[-1.515092213161177,47.285039301741655],[-1.513531509863813,47.28434708338443],[-1.5121496444564957,47.28555850133649],[-1.512562511662623,47.28621552752334],[-1.5102454420829634,47.28622152564359],[-1.5088263477735508,47.28531577707868],[-1.5080113149555892,47.28554149849849],[-1.5064085868363415,47.28498773553219],[-1.5054867997446917,47.28518955468103],[-1.5042156112933731,47.28406354391897],[-1.5049345232303353,47.28334063522555],[-1.5045806011731528,47.282801315143345],[-1.5054534890053324,47.28094545014015],[-1.5050463662478337,47.28048694793008],[-1.5055361242883216,47.27911107798645],[-1.5046926828643004,47.27845528083447],[-1.504270097422047,47.27714580391102],[-1.5053095734564843,47.27553221726827],[-1.5030082117413341,47.274116463915455],[-1.5012036523543462,47.27503114058356],[-1.4998269200704555,47.27472592801857],[-1.4993531819443893,47.27548612608206],[-1.4981595080956283,47.27511685191818],[-1.4985360660489988,47.27351792860034],[-1.4992953265233044,47.27310102981953],[-1.5001708247380017,47.27342481827677],[-1.5006612166149085,47.272976236350786],[-1.5000629326582613,47.27245553171618],[-1.4992865743259456,47.27288713071769],[-1.4982221975552243,47.27171856862039],[-1.499792574576893,47.27182208830778],[-1.5010401107273983,47.27028104330577],[-1.5005745449087557,47.26944503951705],[-1.4990552971126634,47.26938880690489],[-1.4994750829520689,47.26866754404781],[-1.501468927881304,47.26906718731413],[-1.503077960904438,47.26697657282952],[-1.5025244036006407,47.265809451959925],[-1.501753132602096,47.265369553519534],[-1.5000955186141387,47.265247827035004],[-1.4989943933416934,47.26664303658003],[-1.4982043250937134,47.26682022698724],[-1.496717536623155,47.26929131790228],[-1.4985860524827679,47.26997453726273],[-1.498336255348293,47.270656726021706],[-1.4969568854022506,47.27137933548919],[-1.4971733455812428,47.270488319168344],[-1.4960187792233428,47.27041723650539],[-1.4933383878928295,47.27472652513563],[-1.4952862634554436,47.270333608315056],[-1.496191138309684,47.269378085365645],[-1.495938399190418,47.26895206396084],[-1.4946035695000492,47.26857852141844],[-1.4953329359510712,47.26814323788018],[-1.4960727042269182,47.26852635483666],[-1.4967161910316285,47.26835435046187],[-1.498547478655341,47.26495534201452],[-1.4984497362578058,47.26398743101473],[-1.497350100739519,47.26325070594097],[-1.497685015881857,47.26306254099376],[-1.4985028862624912,47.26365148531165],[-1.4992419035992883,47.263502936992644],[-1.5010607857374698,47.26049100390392],[-1.5002222460120591,47.26001616171027],[-1.4973551380844214,47.26117794984322],[-1.4970446277050709,47.26195215214985],[-1.4956936639333092,47.262956156491065],[-1.4962969212708639,47.263812546279794],[-1.4951460649304664,47.26290622548449],[-1.494824095466377,47.261680881044924],[-1.4955100882797518,47.26182894710193],[-1.4961991088178244,47.26146355378475],[-1.4956451531154307,47.26075838631599],[-1.4960417823835859,47.260222870038255],[-1.4942717772113847,47.25887746072941],[-1.4935734803690444,47.258792185417086],[-1.4946799516667388,47.25823870059866],[-1.4945706689494587,47.25736674050637],[-1.493883460173879,47.25718440891886],[-1.493306706851106,47.25752105957634],[-1.4927944178033477,47.25723769269361],[-1.4935599820291132,47.2563777336267],[-1.4951954883792855,47.25602082651654],[-1.4951688116526092,47.2552718892229],[-1.4962446894111925,47.25471351670865],[-1.4970938284361073,47.2544243285732],[-1.496943249215351,47.256177416315445],[-1.4982557181160445,47.25631672091826],[-1.4984464957607544,47.25670066810703],[-1.4973861520535052,47.25662547177051],[-1.4970203593372757,47.257132140733006],[-1.4985259533505284,47.25797400077735],[-1.4981248401963607,47.258701745677605],[-1.4988131825529898,47.25995495877716],[-1.499373910646566,47.260160594043136],[-1.501766156138315,47.25929935085125],[-1.5029459499524385,47.25663566089593],[-1.5026688036599105,47.25601663609369],[-1.5035600725796794,47.25581913767129],[-1.5045855268924209,47.25444101252866],[-1.5039117386227334,47.25656601038456],[-1.5042659899367585,47.25721462269886],[-1.5030675530957636,47.25758342447658],[-1.5026223148589002,47.258366873903505],[-1.5040504440518618,47.25950012936677],[-1.502725250996838,47.259128558444374],[-1.5019593679137744,47.25937171025454],[-1.5008598865047298,47.261467651479606],[-1.5014610826448724,47.26209230452742],[-1.5024435236795481,47.26175432498274],[-1.5030882985194203,47.26259819568708],[-1.5049511161399918,47.26278370252661],[-1.5038611903397967,47.26322114309147],[-1.5030734080353907,47.26526555871868],[-1.5033941243862665,47.26572376311422],[-1.5041378352105843,47.265687358904536],[-1.505882702154827,47.26429289109116],[-1.506748972152072,47.26499812250221],[-1.5076633167892604,47.26485252015142],[-1.507622204540635,47.265436548680256],[-1.5092505807842274,47.266336903554574],[-1.5099737382432024,47.26611397806763],[-1.5104061984985042,47.26482834578833],[-1.5111156771348124,47.26510567958563],[-1.5118588848350023,47.26492404576914],[-1.512125739282848,47.265489859787166],[-1.5139531294085349,47.26574778084893],[-1.515677015292234,47.263660628348035],[-1.5168547909313126,47.26366881729315],[-1.5157616478507014,47.26400684992374],[-1.5143081742597446,47.26634983491189],[-1.5151064619591181,47.267358741720315],[-1.5144646515861286,47.268926576877135],[-1.5152005676277664,47.269437072178185],[-1.5142310291596572,47.27062725107146],[-1.5153999037988921,47.27158111355275],[-1.5150512669693799,47.272816071752594],[-1.514208325602798,47.273290568499355],[-1.5143100147551571,47.27438918722976],[-1.518227002297815,47.2753355709806],[-1.5194352090010717,47.273837907963],[-1.523114664427375,47.275125592804606],[-1.52656839872075,47.27579925492683],[-1.526042116802979,47.276265451858336],[-1.5262839085201465,47.27709198168358],[-1.5254493765738215,47.277788138042226],[-1.5261116157912045,47.278388161336316],[-1.5250697429002382,47.279109146358266],[-1.5254891521541518,47.27961236718306],[-1.5248171285350722,47.282380641316706],[-1.5270421934251792,47.28779512721214],[-1.5306667429821592,47.29132988773302]],[[-1.5017404054246288,47.26425142331113],[-1.5024883770017112,47.263116524496006],[-1.501204183212985,47.26242583113954],[-1.5004078650770447,47.26251206094547],[-1.4998113795659802,47.26412798582446],[-1.5017404054246288,47.26425142331113]],[[-1.5099557572420506,47.269000590027495],[-1.510366785028964,47.26773772447493],[-1.5095925909192038,47.2676197647447],[-1.5082885283604226,47.26839799231772],[-1.5082981248972585,47.26892032054004],[-1.5088731998709866,47.26918249716169],[-1.5099557572420506,47.269000590027495]],[[-1.5096611620007856,47.27942031647846],[-1.5105889654648381,47.279662205129576],[-1.510925421525051,47.278970153747416],[-1.5100287515846023,47.278788046661504],[-1.5096611620007856,47.27942031647846]],[[-1.5148663586181643,47.27517467816047],[-1.514051668355485,47.27560394266653],[-1.5149083573991744,47.276260330672386],[-1.5156437938442553,47.27573021114564],[-1.5148663586181643,47.27517467816047]],[[-1.517205626581493,47.28184223785837],[-1.5164643048435247,47.281014368486346],[-1.5153443420823722,47.28151933683882],[-1.5161487329260788,47.28260064325094],[-1.517205626581493,47.28184223785837]],[[-1.5200209651949417,47.280516596855556],[-1.5184590577133792,47.280090201624624],[-1.5178238137795153,47.280253224685325],[-1.517796331155382,47.281506381763464],[-1.518347880417544,47.28209118953278],[-1.519125110865264,47.28214456417692],[-1.5198325036992786,47.28156171114932],[-1.5203300351339966,47.281009574917945],[-1.5200209651949417,47.280516596855556]],[[-1.5206936151299368,47.28426522974926],[-1.5209394241551764,47.28323182566157],[-1.51973541846823,47.28286980695202],[-1.519308483188009,47.28360879016694],[-1.5184296953866372,47.28379152404728],[-1.5183362782717977,47.284303393704114],[-1.5192099033196524,47.2846074549689],[-1.5197937769276069,47.284174209818325],[-1.5206936151299368,47.28426522974926]],[[-1.5222823123898441,47.28239468681292],[-1.522466251234487,47.281927163421365],[-1.5217409287611297,47.28110110671559],[-1.5199370469683489,47.281690805529365],[-1.5198226492317748,47.28230086376415],[-1.5205766747583431,47.28268259219038],[-1.5222823123898441,47.28239468681292]],[[-1.5263712574604789,47.291085799257026],[-1.525809914024202,47.29171698841908],[-1.526415797118464,47.29214488169262],[-1.5270998671498535,47.29209189920307],[-1.5273638319330367,47.29128973817858],[-1.5263712574604789,47.291085799257026]]],[[[-1.4979571603436261,47.27293702366042],[-1.4980752141186553,47.27334617252385],[-1.4978668174093317,47.27335535020614],[-1.4977460584903188,47.273326050964435],[-1.4979571603436261,47.27293702366042]]],[[[-1.4963900456599342,47.26421018132469],[-1.4963207570349994,47.26528989647482],[-1.4952810704492874,47.26627768523757],[-1.494823157126761,47.266041250154714],[-1.4952807290778567,47.26529684502489],[-1.49625728773847,47.26492679024035],[-1.4963900456599342,47.26421018132469]]],[[[-1.4964207944876293,47.27502407947595],[-1.4960470725036887,47.27493470675689],[-1.4961525095492927,47.27474824103645],[-1.4961614164769284,47.27475647835445],[-1.4964207944876293,47.27502407947595]]],[[[-1.5263135187624748,47.31330084490658],[-1.5254923400186433,47.314566915480896],[-1.5244348234676437,47.315053150780486],[-1.5236854267826738,47.31665297843656],[-1.524455718523625,47.31988630192264],[-1.5238368880971456,47.32136806116064],[-1.5240670984331224,47.324046283285156],[-1.5249801198232964,47.32489211080849],[-1.5247109221024644,47.32563581590833],[-1.5211581233775044,47.326145489547265],[-1.519521295336255,47.325872367652366],[-1.5182290699445586,47.325549630720865],[-1.5147665250478457,47.32327670538467],[-1.5100352210267436,47.322547117716354],[-1.5085842349475327,47.322902237524154],[-1.5071838013942598,47.322704046502274],[-1.5067208123440283,47.322140505704176],[-1.5043836271773816,47.32160672098327],[-1.5036057537118839,47.31985655489861],[-1.502396702725424,47.31938820359319],[-1.5024868979588684,47.31870842325189],[-1.5018877499737102,47.318242573286724],[-1.5023461221380585,47.318048678891046],[-1.503365812841888,47.31832470522351],[-1.5074240635356224,47.31782987673793],[-1.5097662959447873,47.316786044838544],[-1.5106253528268925,47.317317109326254],[-1.5162014455448607,47.31712324139961],[-1.5163942673482185,47.31474672460204],[-1.5158644004801947,47.3137958773899],[-1.521342347401727,47.31359666869817],[-1.5231247271554311,47.313837333788534],[-1.5230560160534177,47.31467055535535],[-1.5237269400365505,47.31495538788505],[-1.5253790650092642,47.31411782321773],[-1.5251190021259244,47.31368385041243],[-1.524027186510474,47.31346693184857],[-1.5263135187624748,47.31330084490658]]],[[[-1.5103036403166963,47.315972790487685],[-1.5108301819028362,47.31510089335256],[-1.5111360641120795,47.314892913552555],[-1.5114888501259056,47.315100293842484],[-1.511184657561186,47.31557982654311],[-1.5103036403166963,47.315972790487685]]],[[[-1.5485502659782548,47.28877303719501],[-1.545865881792666,47.28835967958175],[-1.5446028126215188,47.289147128876635],[-1.5454231323306316,47.290931737680445],[-1.5443897137255684,47.29150272680941],[-1.5440780215698438,47.29244927067076],[-1.5465271599153176,47.29638214730869],[-1.5453327219121111,47.29662287308759],[-1.544083444997203,47.29801769962787],[-1.5447933169806545,47.29838831085574],[-1.5478585319811125,47.2981277618432],[-1.5470180706681809,47.30067702509464],[-1.546317120697782,47.30062096887778],[-1.5457473323916153,47.301014128729165],[-1.5457721869218253,47.301487310884845],[-1.546462379139131,47.30182784773596],[-1.5442568255376998,47.30548435415378],[-1.5435719475886007,47.30540824908719],[-1.5422369804520084,47.306006017182675],[-1.5420261779530453,47.30654325947295],[-1.538516372057377,47.307150522739114],[-1.538370950681862,47.306160208938486],[-1.5378344340370604,47.30587753757133],[-1.5354985154424523,47.30600536217971],[-1.5339074484380866,47.30676331287021],[-1.5341349365573809,47.30466752762471],[-1.5322182977462167,47.30250811207117],[-1.531780254243473,47.2998673309883],[-1.532728841123922,47.29912209736739],[-1.5341208535196647,47.29658658622862],[-1.5361291386394047,47.29556498200748],[-1.5371427106547846,47.29331108998394],[-1.532985557929789,47.28869911138886],[-1.5318611972005665,47.28822449690989],[-1.5292261417805795,47.2858916120226],[-1.528461043748401,47.284334676297576],[-1.5275511977920906,47.27975087579103],[-1.5283854818601548,47.27762840220477],[-1.530143591609596,47.27715399095973],[-1.530651413077186,47.27525081301465],[-1.5341124096329233,47.27487147643813],[-1.5406358150233204,47.27526623326662],[-1.540517444313799,47.275941741755524],[-1.5387353913938526,47.275407676261715],[-1.5365559094332049,47.27544821718081],[-1.5360549237241763,47.27655269702655],[-1.537982921195138,47.27723556128635],[-1.5376714406596586,47.277712551057924],[-1.5355826082495985,47.27717372039393],[-1.5348781966770748,47.277415637030614],[-1.5350140610398908,47.27795227161991],[-1.5359164706813697,47.27813839841174],[-1.5350165011550487,47.28146832099498],[-1.5356227251314947,47.28209831624635],[-1.5370550247903498,47.282151737163574],[-1.5365484413947228,47.282722409153884],[-1.5351785728733582,47.28272387869682],[-1.5346690239320597,47.28355094095536],[-1.5358695845796826,47.28376159362055],[-1.5362126408124996,47.28466094369494],[-1.5375347747245653,47.28517638118349],[-1.539474448730032,47.28409970136279],[-1.5410400518290295,47.28486356405577],[-1.5421252202434268,47.28474290011307],[-1.5429137756158748,47.28543928405995],[-1.5452129199780134,47.28575335858334],[-1.5450750378106934,47.28658348222419],[-1.5455520696067908,47.28695352870288],[-1.5469851039291374,47.28666135538548],[-1.5472969530137972,47.28622657265571],[-1.5485502659782548,47.28877303719501]]],[[[-1.5257248420979763,47.119960899837906],[-1.5249688579972753,47.11963620674696],[-1.5241423092587822,47.119917453099035],[-1.5231539668630827,47.12174595019296],[-1.521625985643613,47.122065179453436],[-1.5217433421965736,47.12303628842567],[-1.521051407428419,47.124116113721186],[-1.5199086060611053,47.12467973380192],[-1.5215102307517094,47.12309310797721],[-1.5211588769279256,47.12238640259108],[-1.5217759966210507,47.12174532304232],[-1.522942730951785,47.12145925566791],[-1.523884147854871,47.11994220434039],[-1.525279006825201,47.11910754765081],[-1.5257248420979763,47.119960899837906]]],[[[-1.6574055158744494,47.12277034153263],[-1.6557382595209862,47.1233488103974],[-1.6558589344326013,47.12462313796699],[-1.6545382447828267,47.12410477506024],[-1.6536921373146638,47.12445100094522],[-1.6525037491359231,47.12428871693121],[-1.6519103437015479,47.12473915264421],[-1.650981515091789,47.12476319833468],[-1.650566879548477,47.12539005383276],[-1.6483121554795175,47.12502902206832],[-1.6465622377286924,47.12573391670322],[-1.6461316445947205,47.125259085364355],[-1.6445407522638844,47.12558136018127],[-1.6418947767891081,47.12468731966156],[-1.6399507023311988,47.12538092820479],[-1.6396845998837668,47.124509331376885],[-1.6383672848711892,47.12465383176659],[-1.6374808423127316,47.12421648623362],[-1.6360344220074998,47.1243859964056],[-1.6359585930203537,47.125354869189245],[-1.6348662212919078,47.12457787717778],[-1.6339489670206573,47.12449708788758],[-1.6331620794544266,47.125770096136634],[-1.632740169034903,47.12566216807447],[-1.63294899377559,47.124003501455704],[-1.6322803929414502,47.12316115011194],[-1.630640792593771,47.1231312318682],[-1.629719857437565,47.12385995599071],[-1.630030302739537,47.12442136878353],[-1.6280890635647653,47.12501287051942],[-1.6268295531104076,47.124587221178636],[-1.6250124986767,47.12577851700683],[-1.6251459999541156,47.126242173112054],[-1.6262405732554353,47.12669671913474],[-1.6259851116913089,47.12762217707666],[-1.6265551303452466,47.128013047037115],[-1.6252719549493166,47.13000691299646],[-1.6251498542860214,47.13193882905919],[-1.6244583138353919,47.13204914400379],[-1.6236373647413602,47.13285302330342],[-1.6229466644059005,47.13247001625822],[-1.623275538538574,47.131977886471965],[-1.6229351489733608,47.13143646529757],[-1.6216870875816272,47.13149961941116],[-1.6206186763977466,47.134134781651355],[-1.6194613696566784,47.13490039026267],[-1.6184995339490083,47.13480083342097],[-1.6179924401910413,47.13562453783219],[-1.6169550733242177,47.13509179317319],[-1.6156815877042696,47.13520808984965],[-1.6145298213759736,47.13468704383012],[-1.6150471811593252,47.13270249567464],[-1.6140712599326776,47.132149144837335],[-1.6154720669478142,47.12992960705522],[-1.6156216261877216,47.12797488528308],[-1.6132218431687078,47.126825245462435],[-1.613205288784968,47.126486614448346],[-1.6146558592921123,47.12608407062671],[-1.6147501972743576,47.12550746582163],[-1.6129379287683585,47.124761066397255],[-1.6070191398350826,47.12539970500857],[-1.6069125206638657,47.12399277532635],[-1.6063038256227578,47.12315476238732],[-1.6085511750821082,47.122012575501415],[-1.6092593691008727,47.12071633563862],[-1.6082137346515382,47.118594898441444],[-1.609174353208535,47.11605986231332],[-1.6130653687973755,47.11653859402161],[-1.6154869166997188,47.11613123385082],[-1.6165332933852,47.11551674709535],[-1.6175419334237517,47.11556086381866],[-1.6199681827995935,47.11446583415949],[-1.6206338433717837,47.11365064380861],[-1.6269574214483438,47.11008487187319],[-1.6330968917336117,47.10803543428939],[-1.634858866042639,47.10655962079579],[-1.6378516249588249,47.10611500422597],[-1.6391920545340655,47.10516178814979],[-1.641592936693882,47.10482824783188],[-1.6434430809022864,47.10547243735912],[-1.6443792559347143,47.104679288787864],[-1.6462627518752126,47.10440061158136],[-1.6472786668519779,47.10513048308066],[-1.6454913386688617,47.105055811958906],[-1.6452551549898817,47.105784332345884],[-1.6483504023334006,47.10601925007749],[-1.6363364530655748,47.11582064980474],[-1.6350034902317743,47.11645493934569],[-1.6341782043667132,47.11761097170723],[-1.6304451553426094,47.120185087262925],[-1.6303453975190156,47.12067000857192],[-1.6326831067194358,47.12176569500408],[-1.6363521964616297,47.11895440907436],[-1.6410064716177588,47.11901591322612],[-1.6446864255648723,47.11849295800042],[-1.6457720588075362,47.120226197830725],[-1.648225909051372,47.120342666156425],[-1.648443879793386,47.12109583476234],[-1.650136272854566,47.12163617951059],[-1.6506370900079932,47.1225963987635],[-1.6522425135545622,47.12236550395372],[-1.6528802358220849,47.12132027260905],[-1.6555815071668887,47.119814535292534],[-1.6560759717079738,47.12011273849913],[-1.6548588267038535,47.12065707155074],[-1.6557984743217895,47.12133468421897],[-1.6551267839050936,47.122102654960145],[-1.6557610350455816,47.1223655447989],[-1.6568596090044068,47.12204294127444],[-1.6574055158744494,47.12277034153263]],[[-1.6164392132745833,47.120716603574444],[-1.6165274198743227,47.12008691695375],[-1.615585148561566,47.12002374352697],[-1.6154891393689563,47.12066496907957],[-1.6164392132745833,47.120716603574444]]],[[[-1.6312244525916217,47.1242344346987],[-1.6315889828732992,47.12441417713376],[-1.6308694303551494,47.12475513620836],[-1.6312244525916217,47.1242344346987]]],[[[-1.656613628412028,47.120270299523774],[-1.6565776353521853,47.12024355317184],[-1.6566729558583084,47.12030144798562],[-1.656613628412028,47.120270299523774]]],[[[-1.658826878226255,47.12308015941265],[-1.6588379311609815,47.12308253868466],[-1.6588179190499817,47.1231034394444],[-1.658826878226255,47.12308015941265]]],[[[-1.7015083278615968,47.13328863047617],[-1.7012798392577346,47.1348159467535],[-1.7006206362374223,47.1354125056891],[-1.6987118163145165,47.13508795857157],[-1.69815702852664,47.13444646194341],[-1.6972697587712655,47.134929708030405],[-1.695119310293288,47.13326053922693],[-1.692349128366157,47.13448405382343],[-1.6916306126907426,47.133781843064966],[-1.6909072497106452,47.1337655589014],[-1.6905916648381552,47.13416853317528],[-1.6910407799306577,47.13480121374965],[-1.6902607222436605,47.13521083347372],[-1.6893263915135146,47.134155486206254],[-1.691561481234208,47.13245104496334],[-1.6944143572091723,47.13199303752438],[-1.697878574897887,47.13219601988799],[-1.6982653119512485,47.132613425245594],[-1.7015083278615968,47.13328863047617]]],[[[-1.7181455050887067,47.285108740185706],[-1.717454273129377,47.28555571968997],[-1.7169793502309818,47.2845602524296],[-1.7155768310934862,47.28343963675737],[-1.715074397430522,47.28090820731675],[-1.7163902482523044,47.281420524256326],[-1.7170103249801558,47.2823364865619],[-1.717744504634257,47.28239538345226],[-1.7170036997239495,47.283713968850655],[-1.7181455050887067,47.285108740185706]]],[[[-1.7190283928422134,47.27442947108423],[-1.7179456833889621,47.277747288116565],[-1.7186035608599655,47.27842322349219],[-1.7147982637182775,47.27616424904602],[-1.71572506223598,47.27543130684171],[-1.7153312656523987,47.27476038751835],[-1.7161332674401137,47.27481324863275],[-1.717671057484779,47.27389694983996],[-1.7190283928422134,47.27442947108423]],[[-1.7170101503706021,47.27612998398133],[-1.7179066472275788,47.27586296950441],[-1.717512550072106,47.27522903651458],[-1.716616338663896,47.27553287586869],[-1.7170101503706021,47.27612998398133]]],[[[-1.8666590173742736,47.23648276532551],[-1.8663922716805526,47.23872397607989],[-1.8599069029761068,47.23667110565128],[-1.8585649934697843,47.236984367378234],[-1.856770339308645,47.23830269124256],[-1.85518382681625,47.238006482809766],[-1.8541834388227072,47.23574681610622],[-1.852883963345073,47.23493855983724],[-1.8502228148499793,47.234319183300244],[-1.84985401237537,47.23336217003651],[-1.8492765012463135,47.23310656376593],[-1.8481656021434387,47.23379352509268],[-1.8464287440667575,47.23348826080749],[-1.8462028409485525,47.234261162215134],[-1.8455494729301887,47.23382219903912],[-1.843943325419845,47.234039515892356],[-1.8436220031231036,47.23481449572401],[-1.8442621508317132,47.235264827032296],[-1.8435685073962067,47.2365166477696],[-1.8426672466396816,47.23534288096329],[-1.8418335088437314,47.23509597930314],[-1.8406561038321712,47.23343158806197],[-1.8412082255841853,47.23218196369179],[-1.838298596983628,47.23116183277848],[-1.8374694863781817,47.23161095185729],[-1.8365362425898442,47.231045120671695],[-1.836505711707281,47.23022064429072],[-1.8307025777445987,47.225601778144984],[-1.8242025034924847,47.2216905542665],[-1.8262714715856203,47.22067743259083],[-1.8253741487797055,47.21883235108532],[-1.8260147436874086,47.218072089037335],[-1.8270003455352075,47.21785357303923],[-1.826716885977456,47.216691029858964],[-1.8377880612877926,47.22211072992681],[-1.8379940408287803,47.222649811783256],[-1.8388485346170411,47.22264567326679],[-1.846636682276026,47.2264943009279],[-1.8470353411586764,47.22716465649793],[-1.8479156541952444,47.22712773760381],[-1.8666590173742736,47.23648276532551]],[[-1.8472485620827996,47.23207870588333],[-1.846259209732614,47.230650137180135],[-1.8453601816147611,47.23084955679522],[-1.844658661496714,47.23209005302605],[-1.846948265506512,47.23251756207275],[-1.8472485620827996,47.23207870588333]]],[[[-1.8398046658008549,47.245202532836004],[-1.8392094142608422,47.2455557194909],[-1.831551758632541,47.24354895553597],[-1.8320938048962645,47.243220277244504],[-1.8336459428040752,47.24349650953121],[-1.8349760869072613,47.24424582336088],[-1.8366322466050435,47.24439154047847],[-1.837105106562701,47.24383048210826],[-1.8360106066594866,47.24278204124125],[-1.8377033675036771,47.24250164411706],[-1.8398046658008549,47.245202532836004]]],[[[-1.854759715983804,47.244892808143625],[-1.8506900078345232,47.24819954493541],[-1.849004550570561,47.24743350689126],[-1.848132871053406,47.245613615747736],[-1.8496126078010766,47.24459878807552],[-1.8525355176219416,47.24606855760687],[-1.8533434506676294,47.24559441604958],[-1.8525304735742014,47.2446459745009],[-1.8531302524529265,47.24437913998777],[-1.8530329139129693,47.24390576799469],[-1.854759715983804,47.244892808143625]]],[[[-1.8719128704984884,47.25583678511349],[-1.8700091652882318,47.25603061502223],[-1.8692595057870394,47.25675359628517],[-1.8711848069433026,47.25869912612731],[-1.8696712090483292,47.25986010426114],[-1.8676394184536238,47.25866037609216],[-1.8692479806243856,47.257398414937605],[-1.8685243058496315,47.2560764373912],[-1.8667349211761557,47.25608464445981],[-1.860960683044034,47.253297307499956],[-1.8624927409577714,47.25155442613383],[-1.862395643051469,47.25106642350187],[-1.8582241516588993,47.24958054526493],[-1.853895434051041,47.247291111443936],[-1.8564540211645593,47.248244330808944],[-1.858862042074822,47.24739256795999],[-1.8588430741737643,47.2468106114309],[-1.8563331122454432,47.24544796696586],[-1.8580954537732282,47.24402717516281],[-1.8611873916127797,47.2454252245475],[-1.8634868683516974,47.24774181586144],[-1.863260814785249,47.25129594130708],[-1.861924492700769,47.25271216751017],[-1.861983241052523,47.25318562874928],[-1.8631500416194358,47.25346604132394],[-1.8654178410738644,47.2518069409249],[-1.8662195422126726,47.251866695549346],[-1.863651294566947,47.253564970822964],[-1.863731149076466,47.25414463421885],[-1.8661520635211855,47.2553320982541],[-1.8667765534336185,47.2547536440887],[-1.867997877195392,47.2548527780708],[-1.8687132554639052,47.25413056783353],[-1.8680403029539379,47.25521795824266],[-1.868303034027228,47.255679385012805],[-1.870833143903333,47.25556229372925],[-1.8719128704984884,47.25583678511349]],[[-1.8611985679961063,47.24914981624302],[-1.8599988875172462,47.24790366127138],[-1.8590724174451818,47.24796388822364],[-1.8587927059783125,47.24866766929585],[-1.8595302628876518,47.24929889737712],[-1.8606338406586507,47.249486898313485],[-1.8611985679961063,47.24914981624302]]],[[[-1.8695328108266231,47.24780043114234],[-1.8679541067179872,47.24841390455811],[-1.8665607709460352,47.2478541676313],[-1.8677087243765689,47.24675688300749],[-1.8695328108266231,47.24780043114234]]],[[[-1.8761325202275723,47.246442674481706],[-1.8748226093500364,47.24662254332401],[-1.8739241346277715,47.24739703092401],[-1.868775148308663,47.24543811253049],[-1.8710319933020703,47.24281381676234],[-1.8750672612761874,47.244288097322375],[-1.875182854742243,47.24570158064656],[-1.8761325202275723,47.246442674481706]]],[[[-1.873487926286258,47.24882630737402],[-1.8747981759710672,47.24797853478637],[-1.8722413944513496,47.25037465736663],[-1.8725325863511286,47.25096196451476],[-1.870177155555967,47.25076833401376],[-1.8694028249515289,47.2514607296415],[-1.8677865829488371,47.25180370320383],[-1.8680883858451267,47.25035588792753],[-1.8707634219998737,47.25064204999845],[-1.870827313583571,47.24988055460806],[-1.8725526169856044,47.24840748069126],[-1.873487926286258,47.24882630737402]]],[[[-1.8682908229693622,47.252416222521454],[-1.8687936407341441,47.25307774728212],[-1.8675160729273934,47.253505482076775],[-1.8682908229693622,47.252416222521454]]],[[[-1.8775596787411826,47.25725066881691],[-1.874232912347307,47.26049057545531],[-1.872276987070256,47.25942735366804],[-1.8747711930867164,47.25647534021388],[-1.8751694383417616,47.25672598751098],[-1.8743373732943363,47.257393571427045],[-1.8748546070499437,47.257857093801924],[-1.8757682022645064,47.257559697779655],[-1.8753175365913761,47.2567478283664],[-1.8775596787411826,47.25725066881691]]],[[[-1.8850637561544301,47.25940310490145],[-1.8850330003584546,47.26043788764771],[-1.884157852096917,47.260243904096804],[-1.8833398696074348,47.26067331143907],[-1.8801145919270896,47.264297891420405],[-1.87616319612368,47.26161649231742],[-1.8772233349983798,47.260623750951375],[-1.8792652272305865,47.261002788853304],[-1.8808228840855326,47.25966985926975],[-1.8820957768080568,47.25985673856697],[-1.8824408937410064,47.25939333027722],[-1.8820758232390413,47.258865822465616],[-1.883891601905016,47.25985963029911],[-1.8850637561544301,47.25940310490145]],[[-1.8817396574648468,47.26120740682859],[-1.8818319602829283,47.26054469162713],[-1.8806440023427746,47.260273827017926],[-1.8784639348885344,47.262296611210466],[-1.878479719461704,47.26276651582541],[-1.8797292039211182,47.262945447491646],[-1.8817396574648468,47.26120740682859]]],[[[-1.884228636356393,47.268574323775404],[-1.884073372340264,47.269042562164636],[-1.883173512299414,47.26925377549529],[-1.8812561008923643,47.268862782794876],[-1.878944589729739,47.26787178280266],[-1.8772410721457187,47.2662487637573],[-1.8783474640160507,47.2656731704237],[-1.8792423289152984,47.267339764371044],[-1.8801140399635048,47.26730385469052],[-1.880432814482769,47.26656193864324],[-1.8811228441956986,47.2666307186786],[-1.8810674459948138,47.267347458540826],[-1.8818384725959005,47.26817817211218],[-1.883387882452019,47.26787963552277],[-1.884228636356393,47.268574323775404]]],[[[-1.8850802690011987,47.265162696695405],[-1.88406051235244,47.26518944449016],[-1.8845358498147455,47.26415900923823],[-1.884450416609657,47.26477520750929],[-1.8850802690011987,47.265162696695405]]],[[[-1.88873645116261,47.27055751304617],[-1.888031161491969,47.27098220347497],[-1.8852641916350321,47.269799165847175],[-1.885808303671154,47.269261367629824],[-1.88873645116261,47.27055751304617]]],[[[-1.8953994272586687,47.26698791574886],[-1.8942635685813516,47.26817625960572],[-1.8938639610256784,47.26804895432547],[-1.8938368643747645,47.26689999685443],[-1.8953994272586687,47.26698791574886]]],[[[-1.9214384263114375,47.27868835451536],[-1.9138216703103763,47.27815324717213],[-1.8996652175818138,47.27519082370352],[-1.9018513006507023,47.27248716458332],[-1.9019269653821629,47.27137743767685],[-1.9038510306706002,47.269385310445294],[-1.9006393581512817,47.26640566453535],[-1.9043140260141493,47.26941654496759],[-1.9140815559976716,47.274906961884156],[-1.918652620523828,47.276603915502925],[-1.9214384263114375,47.27868835451536]]],[[[-1.9003943014387084,47.26625923825712],[-1.8996909250189686,47.26578458020537],[-1.8989650203650086,47.265885622889606],[-1.8992608443028087,47.26523137480911],[-1.897059631119372,47.26250468910109],[-1.9003943014387084,47.26625923825712]]]]},"properties":{"libelle_propension":"MODERE","niveau_propension":1,"date_run":"2026-08-23T15:00:00Z","date_validite":"2026-08-23T17:00:00Z","echeance_h":2,"surface_ha":4159.9}}]}
