{"type":"FeatureCollection","features":[{"type":"Feature","geometry":{"type":"Point","coordinates":[-1.5699999999999994,47.350000000000016]},"properties":{"id_point":"AROME_015_048","date_run":"2026-08-23T15:00:00Z","date_validite":"2026-08-23T17:00:00Z","echeance_h":2,"vent_ms":6.0,"vent_kmh":21.5,"vent_u_ms":-5.62,"vent_v_ms":-2.05,"direction_vent_deg":70.0,"direction_fleche_deg":250.0}},{"type":"Feature","geometry":{"type":"Point","coordinates":[-1.5799999999999996,47.34]},"properties":{"id_point":"AROME_016_047","date_run":"2026-08-23T15:00:00Z","date_validite":"2026-08-23T17:00:00Z","echeance_h":2,"vent_ms":6.2,"vent_kmh":22.5,"vent_u_ms":-5.9,"vent_v_ms":-2.04,"direction_vent_deg":71.0,"direction_fleche_deg":251.0}},{"type":"Feature","geometry":{"type":"Point","coordinates":[-1.5699999999999994,47.34]},"properties":{"id_point":"AROME_016_048","date_run":"2026-08-23T15:00:00Z","date_validite":"2026-08-23T17:00:00Z","echeance_h":2,"vent_ms":6.1,"vent_kmh":21.9,"vent_u_ms":-5.75,"vent_v_ms":-1.96,"direction_vent_deg":71.0,"direction_fleche_deg":251.0}},{"type":"Feature","geometry":{"type":"Point","coordinates":[-1.5599999999999992,47.34]},"properties":{"id_point":"AROME_016_049","date_run":"2026-08-23T15:00:00Z","date_validite":"2026-08-23T17:00:00Z","echeance_h":2,"vent_ms":6.0,"vent_kmh":21.5,"vent_u_ms":-5.66,"vent_v_ms":-1.9,"direction_vent_deg":71.0,"direction_fleche_deg":251.0}},{"type":"Feature","geometry":{"type":"Point","coordinates":[-1.4299999999999993,47.339999999999996]},"properties":{"id_point":"AROME_016_062","date_run":"2026-08-23T15:00:00Z","date_validite":"2026-08-23T17:00:00Z","echeance_h":2,"vent_ms":5.8,"vent_kmh":20.8,"vent_u_ms":-5.7,"vent_v_ms":-1.04,"direction_vent_deg":80.0,"direction_fleche_deg":260.0}},{"type":"Feature","geometry":{"type":"Point","coordinates":[-1.4200000000000008,47.34]},"properties":{"id_point":"AROME_016_063","date_run":"2026-08-23T15:00:00Z","date_validite":"2026-08-23T17:00:00Z","echeance_h":2,"vent_ms":5.9,"vent_kmh":21.1,"vent_u_ms":-5.78,"vent_v_ms":-0.98,"direction_vent_deg":80.0,"direction_fleche_deg":260.0}},{"type":"Feature","geometry":{"type":"Point","coordinates":[-1.4099999999999997,47.34]},"properties":{"id_point":"AROME_016_064","date_run":"2026-08-23T15:00:00Z","date_validite":"2026-08-23T17:00:00Z","echeance_h":2,"vent_ms":5.8,"vent_kmh":20.8,"vent_u_ms":-5.71,"vent_v_ms":-0.96,"direction_vent_deg":80.0,"direction_fleche_deg":260.0}},{"type":"Feature","geometry":{"type":"Point","coordinates":[-1.5900000000000012,47.33000000000001]},"properties":{"id_point":"AROME_017_046","date_run":"2026-08-23T15:00:00Z","date_validite":"2026-08-23T17:00:00Z","echeance_h":2,"vent_ms":6.5,"vent_kmh":23.2,"vent_u_ms":-6.14,"vent_v_ms":-2.0,"direction_vent_deg":72.0,"direction_fleche_deg":252.0}},{"type":"Feature","geometry":{"type":"Point","coordinates":[-1.5799999999999996,47.33000000000001]},"properties":{"id_point":"AROME_017_047","date_run":"2026-08-23T15:00:00Z","date_validite":"2026-08-23T17:00:00Z","echeance_h":2,"vent_ms":6.3,"vent_kmh":22.8,"vent_u_ms":-6.03,"vent_v_ms":-1.94,"direction_vent_deg":72.0,"direction_fleche_deg":252.0}},{"type":"Feature","geometry":{"type":"Point","coordinates":[-1.5699999999999994,47.33]},"properties":{"id_point":"AROME_017_048","date_run":"2026-08-23T15:00:00Z","date_validite":"2026-08-23T17:00:00Z","echeance_h":2,"vent_ms":6.2,"vent_kmh":22.3,"vent_u_ms":-5.9,"vent_v_ms":-1.87,"direction_vent_deg":72.0,"direction_fleche_deg":252.0}},{"type":"Feature","geometry":{"type":"Point","coordinates":[-1.56,47.33]},"properties":{"id_point":"AROME_017_049","date_run":"2026-08-23T15:00:00Z","date_validite":"2026-08-23T17:00:00Z","echeance_h":2,"vent_ms":6.0,"vent_kmh":21.7,"vent_u_ms":-5.77,"vent_v_ms":-1.78,"direction_vent_deg":73.0,"direction_fleche_deg":253.0}},{"type":"Feature","geometry":{"type":"Point","coordinates":[-1.5499999999999998,47.33]},"properties":{"id_point":"AROME_017_050","date_run":"2026-08-23T15:00:00Z","date_validite":"2026-08-23T17:00:00Z","echeance_h":2,"vent_ms":6.0,"vent_kmh":21.5,"vent_u_ms":-5.71,"vent_v_ms":-1.73,"direction_vent_deg":73.0,"direction_fleche_deg":253.0}},{"type":"Feature","geometry":{"type":"Point","coordinates":[-1.4399999999999995,47.33]},"properties":{"id_point":"AROME_017_061","date_run":"2026-08-23T15:00:00Z","date_validite":"2026-08-23T17:00:00Z","echeance_h":2,"vent_ms":5.5,"vent_kmh":19.8,"vent_u_ms":-5.42,"vent_v_ms":-0.9,"direction_vent_deg":81.0,"direction_fleche_deg":261.0}},{"type":"Feature","geometry":{"type":"Point","coordinates":[-1.4299999999999993,47.33]},"properties":{"id_point":"AROME_017_062","date_run":"2026-08-23T15:00:00Z","date_validite":"2026-08-23T17:00:00Z","echeance_h":2,"vent_ms":5.6,"vent_kmh":20.0,"vent_u_ms":-5.5,"vent_v_ms":-0.82,"direction_vent_deg":82.0,"direction_fleche_deg":262.0}},{"type":"Feature","geometry":{"type":"Point","coordinates":[-1.4099999999999997,47.33]},"properties":{"id_point":"AROME_017_064","date_run":"2026-08-23T15:00:00Z","date_validite":"2026-08-23T17:00:00Z","echeance_h":2,"vent_ms":6.2,"vent_kmh":22.4,"vent_u_ms":-6.14,"vent_v_ms":-0.93,"direction_vent_deg":81.0,"direction_fleche_deg":261.0}},{"type":"Feature","geometry":{"type":"Point","coordinates":[-1.3999999999999988,47.33]},"properties":{"id_point":"AROME_017_065","date_run":"2026-08-23T15:00:00Z","date_validite":"2026-08-23T17:00:00Z","echeance_h":2,"vent_ms":6.4,"vent_kmh":23.1,"vent_u_ms":-6.34,"vent_v_ms":-1.03,"direction_vent_deg":81.0,"direction_fleche_deg":261.0}},{"type":"Feature","geometry":{"type":"Point","coordinates":[-1.5799999999999996,47.32]},"properties":{"id_point":"AROME_018_047","date_run":"2026-08-23T15:00:00Z","date_validite":"2026-08-23T17:00:00Z","echeance_h":2,"vent_ms":6.2,"vent_kmh":22.2,"vent_u_ms":-5.93,"vent_v_ms":-1.72,"direction_vent_deg":74.0,"direction_fleche_deg":254.0}},{"type":"Feature","geometry":{"type":"Point","coordinates":[-1.57,47.32]},"properties":{"id_point":"AROME_018_048","date_run":"2026-08-23T15:00:00Z","date_validite":"2026-08-23T17:00:00Z","echeance_h":2,"vent_ms":6.1,"vent_kmh":22.1,"vent_u_ms":-5.89,"vent_v_ms":-1.7,"direction_vent_deg":74.0,"direction_fleche_deg":254.0}},{"type":"Feature","geometry":{"type":"Point","coordinates":[-1.56,47.32000000000002]},"properties":{"id_point":"AROME_018_049","date_run":"2026-08-23T15:00:00Z","date_validite":"2026-08-23T17:00:00Z","echeance_h":2,"vent_ms":6.0,"vent_kmh":21.5,"vent_u_ms":-5.76,"vent_v_ms":-1.62,"direction_vent_deg":74.0,"direction_fleche_deg":254.0}},{"type":"Feature","geometry":{"type":"Point","coordinates":[-1.520000000000001,47.32000000000002]},"properties":{"id_point":"AROME_018_053","date_run":"2026-08-23T15:00:00Z","date_validite":"2026-08-23T17:00:00Z","echeance_h":2,"vent_ms":6.1,"vent_kmh":22.1,"vent_u_ms":-5.92,"vent_v_ms":-1.55,"direction_vent_deg":75.0,"direction_fleche_deg":255.0}},{"type":"Feature","geometry":{"type":"Point","coordinates":[-1.5099999999999991,47.32]},"properties":{"id_point":"AROME_018_054","date_run":"2026-08-23T15:00:00Z","date_validite":"2026-08-23T17:00:00Z","echeance_h":2,"vent_ms":6.0,"vent_kmh":21.7,"vent_u_ms":-5.86,"vent_v_ms":-1.46,"direction_vent_deg":76.0,"direction_fleche_deg":256.0}},{"type":"Feature","geometry":{"type":"Point","coordinates":[-1.499999999999999,47.32]},"properties":{"id_point":"AROME_018_055","date_run":"2026-08-23T15:00:00Z","date_validite":"2026-08-23T17:00:00Z","echeance_h":2,"vent_ms":5.9,"vent_kmh":21.3,"vent_u_ms":-5.78,"vent_v_ms":-1.37,"direction_vent_deg":77.0,"direction_fleche_deg":257.0}},{"type":"Feature","geometry":{"type":"Point","coordinates":[-1.4900000000000004,47.32]},"properties":{"id_point":"AROME_018_056","date_run":"2026-08-23T15:00:00Z","date_validite":"2026-08-23T17:00:00Z","echeance_h":2,"vent_ms":5.8,"vent_kmh":21.0,"vent_u_ms":-5.71,"vent_v_ms":-1.26,"direction_vent_deg":78.0,"direction_fleche_deg":258.0}},{"type":"Feature","geometry":{"type":"Point","coordinates":[-1.4699999999999993,47.32]},"properties":{"id_point":"AROME_018_058","date_run":"2026-08-23T15:00:00Z","date_validite":"2026-08-23T17:00:00Z","echeance_h":2,"vent_ms":5.9,"vent_kmh":21.2,"vent_u_ms":-5.78,"vent_v_ms":-1.14,"direction_vent_deg":79.0,"direction_fleche_deg":259.0}},{"type":"Feature","geometry":{"type":"Point","coordinates":[-1.4599999999999997,47.32]},"properties":{"id_point":"AROME_018_059","date_run":"2026-08-23T15:00:00Z","date_validite":"2026-08-23T17:00:00Z","echeance_h":2,"vent_ms":5.9,"vent_kmh":21.3,"vent_u_ms":-5.82,"vent_v_ms":-1.07,"direction_vent_deg":80.0,"direction_fleche_deg":260.0}},{"type":"Feature","geometry":{"type":"Point","coordinates":[-1.4499999999999997,47.32]},"properties":{"id_point":"AROME_018_060","date_run":"2026-08-23T15:00:00Z","date_validite":"2026-08-23T17:00:00Z","echeance_h":2,"vent_ms":5.9,"vent_kmh":21.3,"vent_u_ms":-5.83,"vent_v_ms":-0.99,"direction_vent_deg":80.0,"direction_fleche_deg":260.0}},{"type":"Feature","geometry":{"type":"Point","coordinates":[-1.4399999999999995,47.32]},"properties":{"id_point":"AROME_018_061","date_run":"2026-08-23T15:00:00Z","date_validite":"2026-08-23T17:00:00Z","echeance_h":2,"vent_ms":5.9,"vent_kmh":21.1,"vent_u_ms":-5.78,"vent_v_ms":-0.92,"direction_vent_deg":81.0,"direction_fleche_deg":261.0}},{"type":"Feature","geometry":{"type":"Point","coordinates":[-1.4299999999999993,47.32]},"properties":{"id_point":"AROME_018_062","date_run":"2026-08-23T15:00:00Z","date_validite":"2026-08-23T17:00:00Z","echeance_h":2,"vent_ms":5.8,"vent_kmh":21.0,"vent_u_ms":-5.76,"vent_v_ms":-0.88,"direction_vent_deg":81.0,"direction_fleche_deg":261.0}},{"type":"Feature","geometry":{"type":"Point","coordinates":[-1.419999999999999,47.32]},"properties":{"id_point":"AROME_018_063","date_run":"2026-08-23T15:00:00Z","date_validite":"2026-08-23T17:00:00Z","echeance_h":2,"vent_ms":5.9,"vent_kmh":21.3,"vent_u_ms":-5.85,"vent_v_ms":-0.9,"direction_vent_deg":81.0,"direction_fleche_deg":261.0}},{"type":"Feature","geometry":{"type":"Point","coordinates":[-1.409999999999999,47.32]},"properties":{"id_point":"AROME_018_064","date_run":"2026-08-23T15:00:00Z","date_validite":"2026-08-23T17:00:00Z","echeance_h":2,"vent_ms":6.1,"vent_kmh":22.0,"vent_u_ms":-6.03,"vent_v_ms":-0.96,"direction_vent_deg":81.0,"direction_fleche_deg":261.0}},{"type":"Feature","geometry":{"type":"Point","coordinates":[-1.3999999999999997,47.32]},"properties":{"id_point":"AROME_018_065","date_run":"2026-08-23T15:00:00Z","date_validite":"2026-08-23T17:00:00Z","echeance_h":2,"vent_ms":6.4,"vent_kmh":22.9,"vent_u_ms":-6.27,"vent_v_ms":-1.03,"direction_vent_deg":81.0,"direction_fleche_deg":261.0}},{"type":"Feature","geometry":{"type":"Point","coordinates":[-1.5799999999999996,47.31000000000001]},"properties":{"id_point":"AROME_019_047","date_run":"2026-08-23T15:00:00Z","date_validite":"2026-08-23T17:00:00Z","echeance_h":2,"vent_ms":6.1,"vent_kmh":21.9,"vent_u_ms":-5.88,"vent_v_ms":-1.51,"direction_vent_deg":76.0,"direction_fleche_deg":256.0}},{"type":"Feature","geometry":{"type":"Point","coordinates":[-1.5699999999999994,47.31000000000001]},"properties":{"id_point":"AROME_019_048","date_run":"2026-08-23T15:00:00Z","date_validite":"2026-08-23T17:00:00Z","echeance_h":2,"vent_ms":6.0,"vent_kmh":21.4,"vent_u_ms":-5.77,"vent_v_ms":-1.48,"direction_vent_deg":76.0,"direction_fleche_deg":256.0}},{"type":"Feature","geometry":{"type":"Point","coordinates":[-1.5599999999999992,47.31]},"properties":{"id_point":"AROME_019_049","date_run":"2026-08-23T15:00:00Z","date_validite":"2026-08-23T17:00:00Z","echeance_h":2,"vent_ms":5.8,"vent_kmh":21.0,"vent_u_ms":-5.66,"vent_v_ms":-1.42,"direction_vent_deg":76.0,"direction_fleche_deg":256.0}},{"type":"Feature","geometry":{"type":"Point","coordinates":[-1.5199999999999994,47.31000000000001]},"properties":{"id_point":"AROME_019_053","date_run":"2026-08-23T15:00:00Z","date_validite":"2026-08-23T17:00:00Z","echeance_h":2,"vent_ms":6.2,"vent_kmh":22.2,"vent_u_ms":-6.0,"vent_v_ms":-1.43,"direction_vent_deg":77.0,"direction_fleche_deg":257.0}},{"type":"Feature","geometry":{"type":"Point","coordinates":[-1.51,47.31000000000001]},"properties":{"id_point":"AROME_019_054","date_run":"2026-08-23T15:00:00Z","date_validite":"2026-08-23T17:00:00Z","echeance_h":2,"vent_ms":6.1,"vent_kmh":22.1,"vent_u_ms":-5.97,"vent_v_ms":-1.37,"direction_vent_deg":77.0,"direction_fleche_deg":257.0}},{"type":"Feature","geometry":{"type":"Point","coordinates":[-1.4999999999999998,47.31000000000001]},"properties":{"id_point":"AROME_019_055","date_run":"2026-08-23T15:00:00Z","date_validite":"2026-08-23T17:00:00Z","echeance_h":2,"vent_ms":6.1,"vent_kmh":21.9,"vent_u_ms":-5.93,"vent_v_ms":-1.29,"direction_vent_deg":78.0,"direction_fleche_deg":258.0}},{"type":"Feature","geometry":{"type":"Point","coordinates":[-1.4699999999999993,47.31000000000001]},"properties":{"id_point":"AROME_019_058","date_run":"2026-08-23T15:00:00Z","date_validite":"2026-08-23T17:00:00Z","echeance_h":2,"vent_ms":6.1,"vent_kmh":21.8,"vent_u_ms":-5.96,"vent_v_ms":-1.1,"direction_vent_deg":80.0,"direction_fleche_deg":260.0}},{"type":"Feature","geometry":{"type":"Point","coordinates":[-1.4599999999999997,47.31000000000001]},"properties":{"id_point":"AROME_019_059","date_run":"2026-08-23T15:00:00Z","date_validite":"2026-08-23T17:00:00Z","echeance_h":2,"vent_ms":6.1,"vent_kmh":22.0,"vent_u_ms":-6.01,"vent_v_ms":-1.05,"direction_vent_deg":80.0,"direction_fleche_deg":260.0}},{"type":"Feature","geometry":{"type":"Point","coordinates":[-1.4499999999999997,47.31]},"properties":{"id_point":"AROME_019_060","date_run":"2026-08-23T15:00:00Z","date_validite":"2026-08-23T17:00:00Z","echeance_h":2,"vent_ms":6.2,"vent_kmh":22.3,"vent_u_ms":-6.1,"vent_v_ms":-1.01,"direction_vent_deg":81.0,"direction_fleche_deg":261.0}},{"type":"Feature","geometry":{"type":"Point","coordinates":[-1.4399999999999995,47.31000000000001]},"properties":{"id_point":"AROME_019_061","date_run":"2026-08-23T15:00:00Z","date_validite":"2026-08-23T17:00:00Z","echeance_h":2,"vent_ms":6.2,"vent_kmh":22.3,"vent_u_ms":-6.12,"vent_v_ms":-1.01,"direction_vent_deg":81.0,"direction_fleche_deg":261.0}},{"type":"Feature","geometry":{"type":"Point","coordinates":[-1.3999999999999997,47.31]},"properties":{"id_point":"AROME_019_065","date_run":"2026-08-23T15:00:00Z","date_validite":"2026-08-23T17:00:00Z","echeance_h":2,"vent_ms":6.0,"vent_kmh":21.6,"vent_u_ms":-5.92,"vent_v_ms":-1.02,"direction_vent_deg":80.0,"direction_fleche_deg":260.0}},{"type":"Feature","geometry":{"type":"Point","coordinates":[-1.369999999999999,47.31000000000001]},"properties":{"id_point":"AROME_019_068","date_run":"2026-08-23T15:00:00Z","date_validite":"2026-08-23T17:00:00Z","echeance_h":2,"vent_ms":6.4,"vent_kmh":23.0,"vent_u_ms":-6.2,"vent_v_ms":-1.58,"direction_vent_deg":76.0,"direction_fleche_deg":256.0}},{"type":"Feature","geometry":{"type":"Point","coordinates":[-1.6699999999999986,47.299999999999976]},"properties":{"id_point":"AROME_020_038","date_run":"2026-08-23T15:00:00Z","date_validite":"2026-08-23T17:00:00Z","echeance_h":2,"vent_ms":6.3,"vent_kmh":22.6,"vent_u_ms":-6.06,"vent_v_ms":-1.7,"direction_vent_deg":74.0,"direction_fleche_deg":254.0}},{"type":"Feature","geometry":{"type":"Point","coordinates":[-1.6599999999999993,47.29999999999998]},"properties":{"id_point":"AROME_020_039","date_run":"2026-08-23T15:00:00Z","date_validite":"2026-08-23T17:00:00Z","echeance_h":2,"vent_ms":6.5,"vent_kmh":23.3,"vent_u_ms":-6.21,"vent_v_ms":-1.76,"direction_vent_deg":74.0,"direction_fleche_deg":254.0}},{"type":"Feature","geometry":{"type":"Point","coordinates":[-1.6400000000000006,47.29999999999998]},"properties":{"id_point":"AROME_020_041","date_run":"2026-08-23T15:00:00Z","date_validite":"2026-08-23T17:00:00Z","echeance_h":2,"vent_ms":6.3,"vent_kmh":22.8,"vent_u_ms":-6.1,"vent_v_ms":-1.71,"direction_vent_deg":74.0,"direction_fleche_deg":254.0}},{"type":"Feature","geometry":{"type":"Point","coordinates":[-1.5799999999999996,47.299999999999976]},"properties":{"id_point":"AROME_020_047","date_run":"2026-08-23T15:00:00Z","date_validite":"2026-08-23T17:00:00Z","echeance_h":2,"vent_ms":6.2,"vent_kmh":22.5,"vent_u_ms":-6.07,"vent_v_ms":-1.49,"direction_vent_deg":76.0,"direction_fleche_deg":256.0}},{"type":"Feature","geometry":{"type":"Point","coordinates":[-1.5699999999999994,47.29999999999998]},"properties":{"id_point":"AROME_020_048","date_run":"2026-08-23T15:00:00Z","date_validite":"2026-08-23T17:00:00Z","echeance_h":2,"vent_ms":6.2,"vent_kmh":22.2,"vent_u_ms":-5.98,"vent_v_ms":-1.43,"direction_vent_deg":77.0,"direction_fleche_deg":257.0}},{"type":"Feature","geometry":{"type":"Point","coordinates":[-1.5400000000000005,47.29999999999998]},"properties":{"id_point":"AROME_020_051","date_run":"2026-08-23T15:00:00Z","date_validite":"2026-08-23T17:00:00Z","echeance_h":2,"vent_ms":6.3,"vent_kmh":22.7,"vent_u_ms":-6.13,"vent_v_ms":-1.45,"direction_vent_deg":77.0,"direction_fleche_deg":257.0}},{"type":"Feature","geometry":{"type":"Point","coordinates":[-1.52,47.29999999999998]},"properties":{"id_point":"AROME_020_053","date_run":"2026-08-23T15:00:00Z","date_validite":"2026-08-23T17:00:00Z","echeance_h":2,"vent_ms":6.0,"vent_kmh":21.7,"vent_u_ms":-5.85,"vent_v_ms":-1.4,"direction_vent_deg":77.0,"direction_fleche_deg":257.0}},{"type":"Feature","geometry":{"type":"Point","coordinates":[-1.5100000000000007,47.29999999999998]},"properties":{"id_point":"AROME_020_054","date_run":"2026-08-23T15:00:00Z","date_validite":"2026-08-23T17:00:00Z","echeance_h":2,"vent_ms":6.0,"vent_kmh":21.4,"vent_u_ms":-5.8,"vent_v_ms":-1.35,"direction_vent_deg":77.0,"direction_fleche_deg":257.0}},{"type":"Feature","geometry":{"type":"Point","coordinates":[-1.499999999999999,47.29999999999998]},"properties":{"id_point":"AROME_020_055","date_run":"2026-08-23T15:00:00Z","date_validite":"2026-08-23T17:00:00Z","echeance_h":2,"vent_ms":5.9,"vent_kmh":21.4,"vent_u_ms":-5.81,"vent_v_ms":-1.31,"direction_vent_deg":77.0,"direction_fleche_deg":257.0}},{"type":"Feature","geometry":{"type":"Point","coordinates":[-1.47,47.29999999999998]},"properties":{"id_point":"AROME_020_058","date_run":"2026-08-23T15:00:00Z","date_validite":"2026-08-23T17:00:00Z","echeance_h":2,"vent_ms":5.9,"vent_kmh":21.2,"vent_u_ms":-5.79,"vent_v_ms":-1.08,"direction_vent_deg":79.0,"direction_fleche_deg":259.0}},{"type":"Feature","geometry":{"type":"Point","coordinates":[-1.4600000000000006,47.29999999999998]},"properties":{"id_point":"AROME_020_059","date_run":"2026-08-23T15:00:00Z","date_validite":"2026-08-23T17:00:00Z","echeance_h":2,"vent_ms":6.0,"vent_kmh":21.5,"vent_u_ms":-5.87,"vent_v_ms":-1.03,"direction_vent_deg":80.0,"direction_fleche_deg":260.0}},{"type":"Feature","geometry":{"type":"Point","coordinates":[-1.4499999999999997,47.29999999999998]},"properties":{"id_point":"AROME_020_060","date_run":"2026-08-23T15:00:00Z","date_validite":"2026-08-23T17:00:00Z","echeance_h":2,"vent_ms":6.1,"vent_kmh":22.1,"vent_u_ms":-6.06,"vent_v_ms":-1.03,"direction_vent_deg":80.0,"direction_fleche_deg":260.0}},{"type":"Feature","geometry":{"type":"Point","coordinates":[-1.4299999999999993,47.29999999999998]},"properties":{"id_point":"AROME_020_062","date_run":"2026-08-23T15:00:00Z","date_validite":"2026-08-23T17:00:00Z","echeance_h":2,"vent_ms":6.3,"vent_kmh":22.6,"vent_u_ms":-6.17,"vent_v_ms":-1.08,"direction_vent_deg":80.0,"direction_fleche_deg":260.0}},{"type":"Feature","geometry":{"type":"Point","coordinates":[-1.419999999999999,47.299999999999976]},"properties":{"id_point":"AROME_020_063","date_run":"2026-08-23T15:00:00Z","date_validite":"2026-08-23T17:00:00Z","echeance_h":2,"vent_ms":6.0,"vent_kmh":21.6,"vent_u_ms":-5.9,"vent_v_ms":-1.07,"direction_vent_deg":80.0,"direction_fleche_deg":260.0}},{"type":"Feature","geometry":{"type":"Point","coordinates":[-1.409999999999999,47.29999999999998]},"properties":{"id_point":"AROME_020_064","date_run":"2026-08-23T15:00:00Z","date_validite":"2026-08-23T17:00:00Z","echeance_h":2,"vent_ms":5.9,"vent_kmh":21.1,"vent_u_ms":-5.75,"vent_v_ms":-1.08,"direction_vent_deg":79.0,"direction_fleche_deg":259.0}},{"type":"Feature","geometry":{"type":"Point","coordinates":[-1.4000000000000004,47.29999999999998]},"properties":{"id_point":"AROME_020_065","date_run":"2026-08-23T15:00:00Z","date_validite":"2026-08-23T17:00:00Z","echeance_h":2,"vent_ms":5.9,"vent_kmh":21.2,"vent_u_ms":-5.79,"vent_v_ms":-1.14,"direction_vent_deg":79.0,"direction_fleche_deg":259.0}},{"type":"Feature","geometry":{"type":"Point","coordinates":[-1.3899999999999995,47.29999999999998]},"properties":{"id_point":"AROME_020_066","date_run":"2026-08-23T15:00:00Z","date_validite":"2026-08-23T17:00:00Z","echeance_h":2,"vent_ms":6.0,"vent_kmh":21.7,"vent_u_ms":-5.88,"vent_v_ms":-1.31,"direction_vent_deg":77.0,"direction_fleche_deg":257.0}},{"type":"Feature","geometry":{"type":"Point","coordinates":[-1.3799999999999992,47.299999999999976]},"properties":{"id_point":"AROME_020_067","date_run":"2026-08-23T15:00:00Z","date_validite":"2026-08-23T17:00:00Z","echeance_h":2,"vent_ms":6.2,"vent_kmh":22.2,"vent_u_ms":-5.97,"vent_v_ms":-1.55,"direction_vent_deg":75.0,"direction_fleche_deg":255.0}},{"type":"Feature","geometry":{"type":"Point","coordinates":[-1.6799999999999997,47.290000000000006]},"properties":{"id_point":"AROME_021_037","date_run":"2026-08-23T15:00:00Z","date_validite":"2026-08-23T17:00:00Z","echeance_h":2,"vent_ms":6.1,"vent_kmh":21.9,"vent_u_ms":-5.89,"vent_v_ms":-1.53,"direction_vent_deg":75.0,"direction_fleche_deg":255.0}},{"type":"Feature","geometry":{"type":"Point","coordinates":[-1.6699999999999995,47.290000000000006]},"properties":{"id_point":"AROME_021_038","date_run":"2026-08-23T15:00:00Z","date_validite":"2026-08-23T17:00:00Z","echeance_h":2,"vent_ms":6.3,"vent_kmh":22.8,"vent_u_ms":-6.11,"vent_v_ms":-1.62,"direction_vent_deg":75.0,"direction_fleche_deg":255.0}},{"type":"Feature","geometry":{"type":"Point","coordinates":[-1.6600000000000001,47.290000000000006]},"properties":{"id_point":"AROME_021_039","date_run":"2026-08-23T15:00:00Z","date_validite":"2026-08-23T17:00:00Z","echeance_h":2,"vent_ms":6.4,"vent_kmh":23.0,"vent_u_ms":-6.18,"vent_v_ms":-1.64,"direction_vent_deg":75.0,"direction_fleche_deg":255.0}},{"type":"Feature","geometry":{"type":"Point","coordinates":[-1.65,47.28999999999999]},"properties":{"id_point":"AROME_021_040","date_run":"2026-08-23T15:00:00Z","date_validite":"2026-08-23T17:00:00Z","echeance_h":2,"vent_ms":6.4,"vent_kmh":22.9,"vent_u_ms":-6.14,"vent_v_ms":-1.64,"direction_vent_deg":75.0,"direction_fleche_deg":255.0}},{"type":"Feature","geometry":{"type":"Point","coordinates":[-1.6400000000000015,47.29000000000001]},"properties":{"id_point":"AROME_021_041","date_run":"2026-08-23T15:00:00Z","date_validite":"2026-08-23T17:00:00Z","echeance_h":2,"vent_ms":6.2,"vent_kmh":22.4,"vent_u_ms":-6.01,"vent_v_ms":-1.6,"direction_vent_deg":75.0,"direction_fleche_deg":255.0}},{"type":"Feature","geometry":{"type":"Point","coordinates":[-1.6299999999999997,47.290000000000006]},"properties":{"id_point":"AROME_021_042","date_run":"2026-08-23T15:00:00Z","date_validite":"2026-08-23T17:00:00Z","echeance_h":2,"vent_ms":6.2,"vent_kmh":22.2,"vent_u_ms":-5.96,"vent_v_ms":-1.6,"direction_vent_deg":75.0,"direction_fleche_deg":255.0}},{"type":"Feature","geometry":{"type":"Point","coordinates":[-1.6199999999999994,47.28999999999999]},"properties":{"id_point":"AROME_021_043","date_run":"2026-08-23T15:00:00Z","date_validite":"2026-08-23T17:00:00Z","echeance_h":2,"vent_ms":6.1,"vent_kmh":22.1,"vent_u_ms":-5.93,"vent_v_ms":-1.6,"direction_vent_deg":75.0,"direction_fleche_deg":255.0}},{"type":"Feature","geometry":{"type":"Point","coordinates":[-1.6099999999999992,47.290000000000006]},"properties":{"id_point":"AROME_021_044","date_run":"2026-08-23T15:00:00Z","date_validite":"2026-08-23T17:00:00Z","echeance_h":2,"vent_ms":6.3,"vent_kmh":22.6,"vent_u_ms":-6.06,"vent_v_ms":-1.63,"direction_vent_deg":75.0,"direction_fleche_deg":255.0}},{"type":"Feature","geometry":{"type":"Point","coordinates":[-1.5799999999999996,47.290000000000006]},"properties":{"id_point":"AROME_021_047","date_run":"2026-08-23T15:00:00Z","date_validite":"2026-08-23T17:00:00Z","echeance_h":2,"vent_ms":6.3,"vent_kmh":22.7,"vent_u_ms":-6.1,"vent_v_ms":-1.61,"direction_vent_deg":75.0,"direction_fleche_deg":255.0}},{"type":"Feature","geometry":{"type":"Point","coordinates":[-1.5699999999999994,47.290000000000006]},"properties":{"id_point":"AROME_021_048","date_run":"2026-08-23T15:00:00Z","date_validite":"2026-08-23T17:00:00Z","echeance_h":2,"vent_ms":6.2,"vent_kmh":22.2,"vent_u_ms":-5.96,"vent_v_ms":-1.53,"direction_vent_deg":76.0,"direction_fleche_deg":256.0}},{"type":"Feature","geometry":{"type":"Point","coordinates":[-1.5400000000000005,47.290000000000006]},"properties":{"id_point":"AROME_021_051","date_run":"2026-08-23T15:00:00Z","date_validite":"2026-08-23T17:00:00Z","echeance_h":2,"vent_ms":6.2,"vent_kmh":22.2,"vent_u_ms":-5.97,"vent_v_ms":-1.51,"direction_vent_deg":76.0,"direction_fleche_deg":256.0}},{"type":"Feature","geometry":{"type":"Point","coordinates":[-1.5199999999999994,47.28999999999999]},"properties":{"id_point":"AROME_021_053","date_run":"2026-08-23T15:00:00Z","date_validite":"2026-08-23T17:00:00Z","echeance_h":2,"vent_ms":5.7,"vent_kmh":20.6,"vent_u_ms":-5.56,"vent_v_ms":-1.39,"direction_vent_deg":76.0,"direction_fleche_deg":256.0}},{"type":"Feature","geometry":{"type":"Point","coordinates":[-1.5000000000000004,47.29000000000001]},"properties":{"id_point":"AROME_021_055","date_run":"2026-08-23T15:00:00Z","date_validite":"2026-08-23T17:00:00Z","echeance_h":2,"vent_ms":5.9,"vent_kmh":21.4,"vent_u_ms":-5.79,"vent_v_ms":-1.33,"direction_vent_deg":77.0,"direction_fleche_deg":257.0}},{"type":"Feature","geometry":{"type":"Point","coordinates":[-1.4899999999999995,47.290000000000006]},"properties":{"id_point":"AROME_021_056","date_run":"2026-08-23T15:00:00Z","date_validite":"2026-08-23T17:00:00Z","echeance_h":2,"vent_ms":5.9,"vent_kmh":21.3,"vent_u_ms":-5.79,"vent_v_ms":-1.26,"direction_vent_deg":78.0,"direction_fleche_deg":258.0}},{"type":"Feature","geometry":{"type":"Point","coordinates":[-1.4800000000000002,47.290000000000006]},"properties":{"id_point":"AROME_021_057","date_run":"2026-08-23T15:00:00Z","date_validite":"2026-08-23T17:00:00Z","echeance_h":2,"vent_ms":5.9,"vent_kmh":21.3,"vent_u_ms":-5.79,"vent_v_ms":-1.18,"direction_vent_deg":78.0,"direction_fleche_deg":258.0}},{"type":"Feature","geometry":{"type":"Point","coordinates":[-1.4699999999999993,47.290000000000006]},"properties":{"id_point":"AROME_021_058","date_run":"2026-08-23T15:00:00Z","date_validite":"2026-08-23T17:00:00Z","echeance_h":2,"vent_ms":5.9,"vent_kmh":21.2,"vent_u_ms":-5.78,"vent_v_ms":-1.08,"direction_vent_deg":79.0,"direction_fleche_deg":259.0}},{"type":"Feature","geometry":{"type":"Point","coordinates":[-1.4600000000000006,47.290000000000006]},"properties":{"id_point":"AROME_021_059","date_run":"2026-08-23T15:00:00Z","date_validite":"2026-08-23T17:00:00Z","echeance_h":2,"vent_ms":6.0,"vent_kmh":21.5,"vent_u_ms":-5.88,"vent_v_ms":-1.03,"direction_vent_deg":80.0,"direction_fleche_deg":260.0}},{"type":"Feature","geometry":{"type":"Point","coordinates":[-1.4500000000000004,47.290000000000006]},"properties":{"id_point":"AROME_021_060","date_run":"2026-08-23T15:00:00Z","date_validite":"2026-08-23T17:00:00Z","echeance_h":2,"vent_ms":6.1,"vent_kmh":22.1,"vent_u_ms":-6.05,"vent_v_ms":-1.03,"direction_vent_deg":80.0,"direction_fleche_deg":260.0}},{"type":"Feature","geometry":{"type":"Point","coordinates":[-1.4399999999999995,47.28999999999999]},"properties":{"id_point":"AROME_021_061","date_run":"2026-08-23T15:00:00Z","date_validite":"2026-08-23T17:00:00Z","echeance_h":2,"vent_ms":6.2,"vent_kmh":22.2,"vent_u_ms":-6.07,"vent_v_ms":-1.07,"direction_vent_deg":80.0,"direction_fleche_deg":260.0}},{"type":"Feature","geometry":{"type":"Point","coordinates":[-1.4300000000000008,47.290000000000006]},"properties":{"id_point":"AROME_021_062","date_run":"2026-08-23T15:00:00Z","date_validite":"2026-08-23T17:00:00Z","echeance_h":2,"vent_ms":6.1,"vent_kmh":22.1,"vent_u_ms":-6.05,"vent_v_ms":-1.11,"direction_vent_deg":80.0,"direction_fleche_deg":260.0}},{"type":"Feature","geometry":{"type":"Point","coordinates":[-1.4200000000000008,47.29000000000001]},"properties":{"id_point":"AROME_021_063","date_run":"2026-08-23T15:00:00Z","date_validite":"2026-08-23T17:00:00Z","echeance_h":2,"vent_ms":6.1,"vent_kmh":21.9,"vent_u_ms":-5.96,"vent_v_ms":-1.2,"direction_vent_deg":79.0,"direction_fleche_deg":259.0}},{"type":"Feature","geometry":{"type":"Point","coordinates":[-1.4099999999999997,47.290000000000006]},"properties":{"id_point":"AROME_021_064","date_run":"2026-08-23T15:00:00Z","date_validite":"2026-08-23T17:00:00Z","echeance_h":2,"vent_ms":6.1,"vent_kmh":21.8,"vent_u_ms":-5.91,"vent_v_ms":-1.3,"direction_vent_deg":78.0,"direction_fleche_deg":258.0}},{"type":"Feature","geometry":{"type":"Point","coordinates":[-1.3999999999999997,47.290000000000006]},"properties":{"id_point":"AROME_021_065","date_run":"2026-08-23T15:00:00Z","date_validite":"2026-08-23T17:00:00Z","echeance_h":2,"vent_ms":6.1,"vent_kmh":21.9,"vent_u_ms":-5.91,"vent_v_ms":-1.43,"direction_vent_deg":76.0,"direction_fleche_deg":256.0}},{"type":"Feature","geometry":{"type":"Point","coordinates":[-1.7100000000000002,47.28]},"properties":{"id_point":"AROME_022_034","date_run":"2026-08-23T15:00:00Z","date_validite":"2026-08-23T17:00:00Z","echeance_h":2,"vent_ms":6.4,"vent_kmh":23.1,"vent_u_ms":-6.21,"vent_v_ms":-1.6,"direction_vent_deg":76.0,"direction_fleche_deg":256.0}},{"type":"Feature","geometry":{"type":"Point","coordinates":[-1.6999999999999993,47.28]},"properties":{"id_point":"AROME_022_035","date_run":"2026-08-23T15:00:00Z","date_validite":"2026-08-23T17:00:00Z","echeance_h":2,"vent_ms":6.3,"vent_kmh":22.7,"vent_u_ms":-6.1,"vent_v_ms":-1.57,"direction_vent_deg":76.0,"direction_fleche_deg":256.0}},{"type":"Feature","geometry":{"type":"Point","coordinates":[-1.69,47.28]},"properties":{"id_point":"AROME_022_036","date_run":"2026-08-23T15:00:00Z","date_validite":"2026-08-23T17:00:00Z","echeance_h":2,"vent_ms":6.2,"vent_kmh":22.3,"vent_u_ms":-5.99,"vent_v_ms":-1.55,"direction_vent_deg":75.0,"direction_fleche_deg":255.0}},{"type":"Feature","geometry":{"type":"Point","coordinates":[-1.6799999999999997,47.28]},"properties":{"id_point":"AROME_022_037","date_run":"2026-08-23T15:00:00Z","date_validite":"2026-08-23T17:00:00Z","echeance_h":2,"vent_ms":6.2,"vent_kmh":22.4,"vent_u_ms":-6.02,"vent_v_ms":-1.57,"direction_vent_deg":75.0,"direction_fleche_deg":255.0}},{"type":"Feature","geometry":{"type":"Point","coordinates":[-1.6699999999999995,47.28]},"properties":{"id_point":"AROME_022_038","date_run":"2026-08-23T15:00:00Z","date_validite":"2026-08-23T17:00:00Z","echeance_h":2,"vent_ms":6.3,"vent_kmh":22.5,"vent_u_ms":-6.05,"vent_v_ms":-1.59,"direction_vent_deg":75.0,"direction_fleche_deg":255.0}},{"type":"Feature","geometry":{"type":"Point","coordinates":[-1.6599999999999993,47.27999999999999]},"properties":{"id_point":"AROME_022_039","date_run":"2026-08-23T15:00:00Z","date_validite":"2026-08-23T17:00:00Z","echeance_h":2,"vent_ms":6.3,"vent_kmh":22.7,"vent_u_ms":-6.09,"vent_v_ms":-1.62,"direction_vent_deg":75.0,"direction_fleche_deg":255.0}},{"type":"Feature","geometry":{"type":"Point","coordinates":[-1.6499999999999992,47.27999999999999]},"properties":{"id_point":"AROME_022_040","date_run":"2026-08-23T15:00:00Z","date_validite":"2026-08-23T17:00:00Z","echeance_h":2,"vent_ms":6.3,"vent_kmh":22.7,"vent_u_ms":-6.08,"vent_v_ms":-1.64,"direction_vent_deg":75.0,"direction_fleche_deg":255.0}},{"type":"Feature","geometry":{"type":"Point","coordinates":[-1.6400000000000015,47.28]},"properties":{"id_point":"AROME_022_041","date_run":"2026-08-23T15:00:00Z","date_validite":"2026-08-23T17:00:00Z","echeance_h":2,"vent_ms":6.2,"vent_kmh":22.4,"vent_u_ms":-6.0,"vent_v_ms":-1.63,"direction_vent_deg":75.0,"direction_fleche_deg":255.0}},{"type":"Feature","geometry":{"type":"Point","coordinates":[-1.6299999999999997,47.27999999999999]},"properties":{"id_point":"AROME_022_042","date_run":"2026-08-23T15:00:00Z","date_validite":"2026-08-23T17:00:00Z","echeance_h":2,"vent_ms":6.2,"vent_kmh":22.3,"vent_u_ms":-5.97,"vent_v_ms":-1.63,"direction_vent_deg":75.0,"direction_fleche_deg":255.0}},{"type":"Feature","geometry":{"type":"Point","coordinates":[-1.620000000000001,47.28]},"properties":{"id_point":"AROME_022_043","date_run":"2026-08-23T15:00:00Z","date_validite":"2026-08-23T17:00:00Z","echeance_h":2,"vent_ms":6.2,"vent_kmh":22.2,"vent_u_ms":-5.96,"vent_v_ms":-1.64,"direction_vent_deg":75.0,"direction_fleche_deg":255.0}},{"type":"Feature","geometry":{"type":"Point","coordinates":[-1.61,47.28]},"properties":{"id_point":"AROME_022_044","date_run":"2026-08-23T15:00:00Z","date_validite":"2026-08-23T17:00:00Z","echeance_h":2,"vent_ms":6.4,"vent_kmh":22.9,"vent_u_ms":-6.14,"vent_v_ms":-1.7,"direction_vent_deg":75.0,"direction_fleche_deg":255.0}},{"type":"Feature","geometry":{"type":"Point","coordinates":[-1.5799999999999996,47.27999999999999]},"properties":{"id_point":"AROME_022_047","date_run":"2026-08-23T15:00:00Z","date_validite":"2026-08-23T17:00:00Z","echeance_h":2,"vent_ms":6.3,"vent_kmh":22.8,"vent_u_ms":-6.1,"vent_v_ms":-1.65,"direction_vent_deg":75.0,"direction_fleche_deg":255.0}},{"type":"Feature","geometry":{"type":"Point","coordinates":[-1.57,47.28]},"properties":{"id_point":"AROME_022_048","date_run":"2026-08-23T15:00:00Z","date_validite":"2026-08-23T17:00:00Z","echeance_h":2,"vent_ms":6.1,"vent_kmh":22.1,"vent_u_ms":-5.94,"vent_v_ms":-1.57,"direction_vent_deg":75.0,"direction_fleche_deg":255.0}},{"type":"Feature","geometry":{"type":"Point","coordinates":[-1.549999999999999,47.28]},"properties":{"id_point":"AROME_022_050","date_run":"2026-08-23T15:00:00Z","date_validite":"2026-08-23T17:00:00Z","echeance_h":2,"vent_ms":6.0,"vent_kmh":21.5,"vent_u_ms":-5.79,"vent_v_ms":-1.51,"direction_vent_deg":75.0,"direction_fleche_deg":255.0}},{"type":"Feature","geometry":{"type":"Point","coordinates":[-1.5400000000000005,47.28]},"properties":{"id_point":"AROME_022_051","date_run":"2026-08-23T15:00:00Z","date_validite":"2026-08-23T17:00:00Z","echeance_h":2,"vent_ms":5.7,"vent_kmh":20.5,"vent_u_ms":-5.53,"vent_v_ms":-1.42,"direction_vent_deg":76.0,"direction_fleche_deg":256.0}},{"type":"Feature","geometry":{"type":"Point","coordinates":[-1.5300000000000002,47.28]},"properties":{"id_point":"AROME_022_052","date_run":"2026-08-23T15:00:00Z","date_validite":"2026-08-23T17:00:00Z","echeance_h":2,"vent_ms":5.5,"vent_kmh":19.7,"vent_u_ms":-5.31,"vent_v_ms":-1.34,"direction_vent_deg":76.0,"direction_fleche_deg":256.0}},{"type":"Feature","geometry":{"type":"Point","coordinates":[-1.5199999999999985,47.27999999999999]},"properties":{"id_point":"AROME_022_053","date_run":"2026-08-23T15:00:00Z","date_validite":"2026-08-23T17:00:00Z","echeance_h":2,"vent_ms":5.3,"vent_kmh":19.1,"vent_u_ms":-5.17,"vent_v_ms":-1.25,"direction_vent_deg":76.0,"direction_fleche_deg":256.0}},{"type":"Feature","geometry":{"type":"Point","coordinates":[-1.51,47.28]},"properties":{"id_point":"AROME_022_054","date_run":"2026-08-23T15:00:00Z","date_validite":"2026-08-23T17:00:00Z","echeance_h":2,"vent_ms":5.4,"vent_kmh":19.5,"vent_u_ms":-5.28,"vent_v_ms":-1.2,"direction_vent_deg":77.0,"direction_fleche_deg":257.0}},{"type":"Feature","geometry":{"type":"Point","coordinates":[-1.4999999999999998,47.27999999999999]},"properties":{"id_point":"AROME_022_055","date_run":"2026-08-23T15:00:00Z","date_validite":"2026-08-23T17:00:00Z","echeance_h":2,"vent_ms":5.7,"vent_kmh":20.4,"vent_u_ms":-5.54,"vent_v_ms":-1.17,"direction_vent_deg":78.0,"direction_fleche_deg":258.0}},{"type":"Feature","geometry":{"type":"Point","coordinates":[-1.4899999999999995,47.27999999999999]},"properties":{"id_point":"AROME_022_056","date_run":"2026-08-23T15:00:00Z","date_validite":"2026-08-23T17:00:00Z","echeance_h":2,"vent_ms":5.8,"vent_kmh":20.9,"vent_u_ms":-5.69,"vent_v_ms":-1.15,"direction_vent_deg":79.0,"direction_fleche_deg":259.0}},{"type":"Feature","geometry":{"type":"Point","coordinates":[-1.4800000000000009,47.28]},"properties":{"id_point":"AROME_022_057","date_run":"2026-08-23T15:00:00Z","date_validite":"2026-08-23T17:00:00Z","echeance_h":2,"vent_ms":5.9,"vent_kmh":21.3,"vent_u_ms":-5.82,"vent_v_ms":-1.14,"direction_vent_deg":79.0,"direction_fleche_deg":259.0}},{"type":"Feature","geometry":{"type":"Point","coordinates":[-1.4699999999999993,47.28]},"properties":{"id_point":"AROME_022_058","date_run":"2026-08-23T15:00:00Z","date_validite":"2026-08-23T17:00:00Z","echeance_h":2,"vent_ms":6.1,"vent_kmh":21.8,"vent_u_ms":-5.95,"vent_v_ms":-1.11,"direction_vent_deg":79.0,"direction_fleche_deg":259.0}},{"type":"Feature","geometry":{"type":"Point","coordinates":[-1.4499999999999997,47.28]},"properties":{"id_point":"AROME_022_060","date_run":"2026-08-23T15:00:00Z","date_validite":"2026-08-23T17:00:00Z","echeance_h":2,"vent_ms":6.1,"vent_kmh":22.0,"vent_u_ms":-6.02,"vent_v_ms":-1.04,"direction_vent_deg":80.0,"direction_fleche_deg":260.0}},{"type":"Feature","geometry":{"type":"Point","coordinates":[-1.4400000000000004,47.28]},"properties":{"id_point":"AROME_022_061","date_run":"2026-08-23T15:00:00Z","date_validite":"2026-08-23T17:00:00Z","echeance_h":2,"vent_ms":6.1,"vent_kmh":22.1,"vent_u_ms":-6.03,"vent_v_ms":-1.09,"direction_vent_deg":80.0,"direction_fleche_deg":260.0}},{"type":"Feature","geometry":{"type":"Point","coordinates":[-1.4299999999999993,47.27999999999999]},"properties":{"id_point":"AROME_022_062","date_run":"2026-08-23T15:00:00Z","date_validite":"2026-08-23T17:00:00Z","echeance_h":2,"vent_ms":6.1,"vent_kmh":22.1,"vent_u_ms":-6.03,"vent_v_ms":-1.17,"direction_vent_deg":79.0,"direction_fleche_deg":259.0}},{"type":"Feature","geometry":{"type":"Point","coordinates":[-1.419999999999999,47.27999999999999]},"properties":{"id_point":"AROME_022_063","date_run":"2026-08-23T15:00:00Z","date_validite":"2026-08-23T17:00:00Z","echeance_h":2,"vent_ms":6.3,"vent_kmh":22.6,"vent_u_ms":-6.11,"vent_v_ms":-1.41,"direction_vent_deg":77.0,"direction_fleche_deg":257.0}},{"type":"Feature","geometry":{"type":"Point","coordinates":[-1.409999999999999,47.28]},"properties":{"id_point":"AROME_022_064","date_run":"2026-08-23T15:00:00Z","date_validite":"2026-08-23T17:00:00Z","echeance_h":2,"vent_ms":6.4,"vent_kmh":22.9,"vent_u_ms":-6.14,"vent_v_ms":-1.65,"direction_vent_deg":75.0,"direction_fleche_deg":255.0}},{"type":"Feature","geometry":{"type":"Point","coordinates":[-1.900000000000001,47.27]},"properties":{"id_point":"AROME_023_015","date_run":"2026-08-23T15:00:00Z","date_validite":"2026-08-23T17:00:00Z","echeance_h":2,"vent_ms":5.5,"vent_kmh":19.9,"vent_u_ms":-5.16,"vent_v_ms":-1.99,"direction_vent_deg":69.0,"direction_fleche_deg":249.0}},{"type":"Feature","geometry":{"type":"Point","coordinates":[-1.8900000000000001,47.270000000000024]},"properties":{"id_point":"AROME_023_016","date_run":"2026-08-23T15:00:00Z","date_validite":"2026-08-23T17:00:00Z","echeance_h":2,"vent_ms":5.5,"vent_kmh":19.7,"vent_u_ms":-5.15,"vent_v_ms":-1.86,"direction_vent_deg":70.0,"direction_fleche_deg":250.0}},{"type":"Feature","geometry":{"type":"Point","coordinates":[-1.7199999999999995,47.27]},"properties":{"id_point":"AROME_023_033","date_run":"2026-08-23T15:00:00Z","date_validite":"2026-08-23T17:00:00Z","echeance_h":2,"vent_ms":6.9,"vent_kmh":24.8,"vent_u_ms":-6.64,"vent_v_ms":-1.85,"direction_vent_deg":74.0,"direction_fleche_deg":254.0}},{"type":"Feature","geometry":{"type":"Point","coordinates":[-1.7099999999999993,47.270000000000024]},"properties":{"id_point":"AROME_023_034","date_run":"2026-08-23T15:00:00Z","date_validite":"2026-08-23T17:00:00Z","echeance_h":2,"vent_ms":6.7,"vent_kmh":24.1,"vent_u_ms":-6.45,"vent_v_ms":-1.8,"direction_vent_deg":74.0,"direction_fleche_deg":254.0}},{"type":"Feature","geometry":{"type":"Point","coordinates":[-1.7000000000000008,47.27]},"properties":{"id_point":"AROME_023_035","date_run":"2026-08-23T15:00:00Z","date_validite":"2026-08-23T17:00:00Z","echeance_h":2,"vent_ms":6.5,"vent_kmh":23.4,"vent_u_ms":-6.27,"vent_v_ms":-1.76,"direction_vent_deg":74.0,"direction_fleche_deg":254.0}},{"type":"Feature","geometry":{"type":"Point","coordinates":[-1.689999999999999,47.27]},"properties":{"id_point":"AROME_023_036","date_run":"2026-08-23T15:00:00Z","date_validite":"2026-08-23T17:00:00Z","echeance_h":2,"vent_ms":6.3,"vent_kmh":22.7,"vent_u_ms":-6.07,"vent_v_ms":-1.71,"direction_vent_deg":74.0,"direction_fleche_deg":254.0}},{"type":"Feature","geometry":{"type":"Point","coordinates":[-1.6800000000000013,47.270000000000024]},"properties":{"id_point":"AROME_023_037","date_run":"2026-08-23T15:00:00Z","date_validite":"2026-08-23T17:00:00Z","echeance_h":2,"vent_ms":6.2,"vent_kmh":22.2,"vent_u_ms":-5.95,"vent_v_ms":-1.68,"direction_vent_deg":74.0,"direction_fleche_deg":254.0}},{"type":"Feature","geometry":{"type":"Point","coordinates":[-1.6700000000000004,47.27]},"properties":{"id_point":"AROME_023_038","date_run":"2026-08-23T15:00:00Z","date_validite":"2026-08-23T17:00:00Z","echeance_h":2,"vent_ms":6.1,"vent_kmh":21.9,"vent_u_ms":-5.85,"vent_v_ms":-1.66,"direction_vent_deg":74.0,"direction_fleche_deg":254.0}},{"type":"Feature","geometry":{"type":"Point","coordinates":[-1.6599999999999993,47.27]},"properties":{"id_point":"AROME_023_039","date_run":"2026-08-23T15:00:00Z","date_validite":"2026-08-23T17:00:00Z","echeance_h":2,"vent_ms":6.2,"vent_kmh":22.3,"vent_u_ms":-5.96,"vent_v_ms":-1.71,"direction_vent_deg":74.0,"direction_fleche_deg":254.0}},{"type":"Feature","geometry":{"type":"Point","coordinates":[-1.65,47.27]},"properties":{"id_point":"AROME_023_040","date_run":"2026-08-23T15:00:00Z","date_validite":"2026-08-23T17:00:00Z","echeance_h":2,"vent_ms":6.3,"vent_kmh":22.5,"vent_u_ms":-6.0,"vent_v_ms":-1.75,"direction_vent_deg":74.0,"direction_fleche_deg":254.0}},{"type":"Feature","geometry":{"type":"Point","coordinates":[-1.6400000000000006,47.27]},"properties":{"id_point":"AROME_023_041","date_run":"2026-08-23T15:00:00Z","date_validite":"2026-08-23T17:00:00Z","echeance_h":2,"vent_ms":6.2,"vent_kmh":22.4,"vent_u_ms":-5.96,"vent_v_ms":-1.74,"direction_vent_deg":74.0,"direction_fleche_deg":254.0}},{"type":"Feature","geometry":{"type":"Point","coordinates":[-1.6300000000000012,47.270000000000024]},"properties":{"id_point":"AROME_023_042","date_run":"2026-08-23T15:00:00Z","date_validite":"2026-08-23T17:00:00Z","echeance_h":2,"vent_ms":6.2,"vent_kmh":22.4,"vent_u_ms":-5.97,"vent_v_ms":-1.74,"direction_vent_deg":74.0,"direction_fleche_deg":254.0}},{"type":"Feature","geometry":{"type":"Point","coordinates":[-1.5999999999999999,47.27]},"properties":{"id_point":"AROME_023_045","date_run":"2026-08-23T15:00:00Z","date_validite":"2026-08-23T17:00:00Z","echeance_h":2,"vent_ms":6.4,"vent_kmh":23.2,"vent_u_ms":-6.2,"vent_v_ms":-1.74,"direction_vent_deg":74.0,"direction_fleche_deg":254.0}},{"type":"Feature","geometry":{"type":"Point","coordinates":[-1.5799999999999996,47.27]},"properties":{"id_point":"AROME_023_047","date_run":"2026-08-23T15:00:00Z","date_validite":"2026-08-23T17:00:00Z","echeance_h":2,"vent_ms":6.2,"vent_kmh":22.4,"vent_u_ms":-6.02,"vent_v_ms":-1.6,"direction_vent_deg":75.0,"direction_fleche_deg":255.0}},{"type":"Feature","geometry":{"type":"Point","coordinates":[-1.5699999999999994,47.27]},"properties":{"id_point":"AROME_023_048","date_run":"2026-08-23T15:00:00Z","date_validite":"2026-08-23T17:00:00Z","echeance_h":2,"vent_ms":6.1,"vent_kmh":22.1,"vent_u_ms":-5.93,"vent_v_ms":-1.53,"direction_vent_deg":76.0,"direction_fleche_deg":256.0}},{"type":"Feature","geometry":{"type":"Point","coordinates":[-1.5599999999999992,47.27]},"properties":{"id_point":"AROME_023_049","date_run":"2026-08-23T15:00:00Z","date_validite":"2026-08-23T17:00:00Z","echeance_h":2,"vent_ms":6.0,"vent_kmh":21.8,"vent_u_ms":-5.86,"vent_v_ms":-1.48,"direction_vent_deg":76.0,"direction_fleche_deg":256.0}},{"type":"Feature","geometry":{"type":"Point","coordinates":[-1.5499999999999998,47.27]},"properties":{"id_point":"AROME_023_050","date_run":"2026-08-23T15:00:00Z","date_validite":"2026-08-23T17:00:00Z","echeance_h":2,"vent_ms":6.0,"vent_kmh":21.6,"vent_u_ms":-5.82,"vent_v_ms":-1.44,"direction_vent_deg":76.0,"direction_fleche_deg":256.0}},{"type":"Feature","geometry":{"type":"Point","coordinates":[-1.5400000000000005,47.27]},"properties":{"id_point":"AROME_023_051","date_run":"2026-08-23T15:00:00Z","date_validite":"2026-08-23T17:00:00Z","echeance_h":2,"vent_ms":5.9,"vent_kmh":21.2,"vent_u_ms":-5.74,"vent_v_ms":-1.39,"direction_vent_deg":76.0,"direction_fleche_deg":256.0}},{"type":"Feature","geometry":{"type":"Point","coordinates":[-1.5300000000000011,47.270000000000024]},"properties":{"id_point":"AROME_023_052","date_run":"2026-08-23T15:00:00Z","date_validite":"2026-08-23T17:00:00Z","echeance_h":2,"vent_ms":5.8,"vent_kmh":20.9,"vent_u_ms":-5.65,"vent_v_ms":-1.33,"direction_vent_deg":77.0,"direction_fleche_deg":257.0}},{"type":"Feature","geometry":{"type":"Point","coordinates":[-1.5100000000000007,47.27]},"properties":{"id_point":"AROME_023_054","date_run":"2026-08-23T15:00:00Z","date_validite":"2026-08-23T17:00:00Z","echeance_h":2,"vent_ms":5.5,"vent_kmh":19.9,"vent_u_ms":-5.39,"vent_v_ms":-1.15,"direction_vent_deg":78.0,"direction_fleche_deg":258.0}},{"type":"Feature","geometry":{"type":"Point","coordinates":[-1.47,47.27]},"properties":{"id_point":"AROME_023_058","date_run":"2026-08-23T15:00:00Z","date_validite":"2026-08-23T17:00:00Z","echeance_h":2,"vent_ms":6.2,"vent_kmh":22.2,"vent_u_ms":-6.03,"vent_v_ms":-1.24,"direction_vent_deg":78.0,"direction_fleche_deg":258.0}},{"type":"Feature","geometry":{"type":"Point","coordinates":[-1.4599999999999997,47.27]},"properties":{"id_point":"AROME_023_059","date_run":"2026-08-23T15:00:00Z","date_validite":"2026-08-23T17:00:00Z","echeance_h":2,"vent_ms":6.3,"vent_kmh":22.6,"vent_u_ms":-6.14,"vent_v_ms":-1.28,"direction_vent_deg":78.0,"direction_fleche_deg":258.0}},{"type":"Feature","geometry":{"type":"Point","coordinates":[-1.4399999999999995,47.27]},"properties":{"id_point":"AROME_023_061","date_run":"2026-08-23T15:00:00Z","date_validite":"2026-08-23T17:00:00Z","echeance_h":2,"vent_ms":6.2,"vent_kmh":22.2,"vent_u_ms":-6.0,"vent_v_ms":-1.41,"direction_vent_deg":77.0,"direction_fleche_deg":257.0}},{"type":"Feature","geometry":{"type":"Point","coordinates":[-1.4299999999999993,47.27]},"properties":{"id_point":"AROME_023_062","date_run":"2026-08-23T15:00:00Z","date_validite":"2026-08-23T17:00:00Z","echeance_h":2,"vent_ms":6.2,"vent_kmh":22.4,"vent_u_ms":-6.03,"vent_v_ms":-1.57,"direction_vent_deg":75.0,"direction_fleche_deg":255.0}},{"type":"Feature","geometry":{"type":"Point","coordinates":[-1.419999999999999,47.27]},"properties":{"id_point":"AROME_023_063","date_run":"2026-08-23T15:00:00Z","date_validite":"2026-08-23T17:00:00Z","echeance_h":2,"vent_ms":6.5,"vent_kmh":23.2,"vent_u_ms":-6.17,"vent_v_ms":-1.87,"direction_vent_deg":73.0,"direction_fleche_deg":253.0}},{"type":"Feature","geometry":{"type":"Point","coordinates":[-1.8900000000000001,47.26]},"properties":{"id_point":"AROME_024_016","date_run":"2026-08-23T15:00:00Z","date_validite":"2026-08-23T17:00:00Z","echeance_h":2,"vent_ms":5.7,"vent_kmh":20.5,"vent_u_ms":-5.31,"vent_v_ms":-2.08,"direction_vent_deg":69.0,"direction_fleche_deg":249.0}},{"type":"Feature","geometry":{"type":"Point","coordinates":[-1.8799999999999983,47.25999999999999]},"properties":{"id_point":"AROME_024_017","date_run":"2026-08-23T15:00:00Z","date_validite":"2026-08-23T17:00:00Z","echeance_h":2,"vent_ms":5.9,"vent_kmh":21.2,"vent_u_ms":-5.5,"vent_v_ms":-2.08,"direction_vent_deg":69.0,"direction_fleche_deg":249.0}},{"type":"Feature","geometry":{"type":"Point","coordinates":[-1.8699999999999997,47.26000000000001]},"properties":{"id_point":"AROME_024_018","date_run":"2026-08-23T15:00:00Z","date_validite":"2026-08-23T17:00:00Z","echeance_h":2,"vent_ms":6.1,"vent_kmh":21.9,"vent_u_ms":-5.71,"vent_v_ms":-2.08,"direction_vent_deg":70.0,"direction_fleche_deg":250.0}},{"type":"Feature","geometry":{"type":"Point","coordinates":[-1.7199999999999995,47.26]},"properties":{"id_point":"AROME_024_033","date_run":"2026-08-23T15:00:00Z","date_validite":"2026-08-23T17:00:00Z","echeance_h":2,"vent_ms":7.1,"vent_kmh":25.5,"vent_u_ms":-6.78,"vent_v_ms":-2.01,"direction_vent_deg":73.0,"direction_fleche_deg":253.0}},{"type":"Feature","geometry":{"type":"Point","coordinates":[-1.6999999999999993,47.25999999999999]},"properties":{"id_point":"AROME_024_035","date_run":"2026-08-23T15:00:00Z","date_validite":"2026-08-23T17:00:00Z","echeance_h":2,"vent_ms":6.7,"vent_kmh":24.1,"vent_u_ms":-6.39,"vent_v_ms":-1.99,"direction_vent_deg":73.0,"direction_fleche_deg":253.0}},{"type":"Feature","geometry":{"type":"Point","coordinates":[-1.69,47.25999999999999]},"properties":{"id_point":"AROME_024_036","date_run":"2026-08-23T15:00:00Z","date_validite":"2026-08-23T17:00:00Z","echeance_h":2,"vent_ms":6.4,"vent_kmh":23.0,"vent_u_ms":-6.09,"vent_v_ms":-1.92,"direction_vent_deg":72.0,"direction_fleche_deg":252.0}},{"type":"Feature","geometry":{"type":"Point","coordinates":[-1.6699999999999995,47.25999999999999]},"properties":{"id_point":"AROME_024_038","date_run":"2026-08-23T15:00:00Z","date_validite":"2026-08-23T17:00:00Z","echeance_h":2,"vent_ms":6.0,"vent_kmh":21.5,"vent_u_ms":-5.71,"vent_v_ms":-1.8,"direction_vent_deg":72.0,"direction_fleche_deg":252.0}},{"type":"Feature","geometry":{"type":"Point","coordinates":[-1.62,47.26]},"properties":{"id_point":"AROME_024_043","date_run":"2026-08-23T15:00:00Z","date_validite":"2026-08-23T17:00:00Z","echeance_h":2,"vent_ms":6.2,"vent_kmh":22.4,"vent_u_ms":-5.95,"vent_v_ms":-1.78,"direction_vent_deg":73.0,"direction_fleche_deg":253.0}},{"type":"Feature","geometry":{"type":"Point","coordinates":[-1.61,47.26]},"properties":{"id_point":"AROME_024_044","date_run":"2026-08-23T15:00:00Z","date_validite":"2026-08-23T17:00:00Z","echeance_h":2,"vent_ms":6.3,"vent_kmh":22.5,"vent_u_ms":-6.01,"vent_v_ms":-1.74,"direction_vent_deg":74.0,"direction_fleche_deg":254.0}},{"type":"Feature","geometry":{"type":"Point","coordinates":[-1.599999999999999,47.26]},"properties":{"id_point":"AROME_024_045","date_run":"2026-08-23T15:00:00Z","date_validite":"2026-08-23T17:00:00Z","echeance_h":2,"vent_ms":6.3,"vent_kmh":22.6,"vent_u_ms":-6.05,"vent_v_ms":-1.67,"direction_vent_deg":75.0,"direction_fleche_deg":255.0}},{"type":"Feature","geometry":{"type":"Point","coordinates":[-1.5899999999999996,47.25999999999999]},"properties":{"id_point":"AROME_024_046","date_run":"2026-08-23T15:00:00Z","date_validite":"2026-08-23T17:00:00Z","echeance_h":2,"vent_ms":6.2,"vent_kmh":22.4,"vent_u_ms":-6.0,"vent_v_ms":-1.59,"direction_vent_deg":75.0,"direction_fleche_deg":255.0}},{"type":"Feature","geometry":{"type":"Point","coordinates":[-1.5799999999999996,47.26000000000001]},"properties":{"id_point":"AROME_024_047","date_run":"2026-08-23T15:00:00Z","date_validite":"2026-08-23T17:00:00Z","echeance_h":2,"vent_ms":6.2,"vent_kmh":22.2,"vent_u_ms":-5.97,"vent_v_ms":-1.52,"direction_vent_deg":76.0,"direction_fleche_deg":256.0}},{"type":"Feature","geometry":{"type":"Point","coordinates":[-1.56,47.26000000000001]},"properties":{"id_point":"AROME_024_049","date_run":"2026-08-23T15:00:00Z","date_validite":"2026-08-23T17:00:00Z","echeance_h":2,"vent_ms":6.1,"vent_kmh":21.9,"vent_u_ms":-5.91,"vent_v_ms":-1.42,"direction_vent_deg":77.0,"direction_fleche_deg":257.0}},{"type":"Feature","geometry":{"type":"Point","coordinates":[-1.5400000000000005,47.26]},"properties":{"id_point":"AROME_024_051","date_run":"2026-08-23T15:00:00Z","date_validite":"2026-08-23T17:00:00Z","echeance_h":2,"vent_ms":6.1,"vent_kmh":22.1,"vent_u_ms":-5.98,"vent_v_ms":-1.36,"direction_vent_deg":77.0,"direction_fleche_deg":257.0}},{"type":"Feature","geometry":{"type":"Point","coordinates":[-1.4899999999999987,47.25999999999999]},"properties":{"id_point":"AROME_024_056","date_run":"2026-08-23T15:00:00Z","date_validite":"2026-08-23T17:00:00Z","echeance_h":2,"vent_ms":5.7,"vent_kmh":20.4,"vent_u_ms":-5.56,"vent_v_ms":-1.17,"direction_vent_deg":78.0,"direction_fleche_deg":258.0}},{"type":"Feature","geometry":{"type":"Point","coordinates":[-1.4600000000000006,47.26]},"properties":{"id_point":"AROME_024_059","date_run":"2026-08-23T15:00:00Z","date_validite":"2026-08-23T17:00:00Z","echeance_h":2,"vent_ms":6.4,"vent_kmh":23.0,"vent_u_ms":-6.21,"vent_v_ms":-1.53,"direction_vent_deg":76.0,"direction_fleche_deg":256.0}},{"type":"Feature","geometry":{"type":"Point","coordinates":[-1.4400000000000004,47.26]},"properties":{"id_point":"AROME_024_061","date_run":"2026-08-23T15:00:00Z","date_validite":"2026-08-23T17:00:00Z","echeance_h":2,"vent_ms":6.3,"vent_kmh":22.8,"vent_u_ms":-6.06,"vent_v_ms":-1.8,"direction_vent_deg":73.0,"direction_fleche_deg":253.0}},{"type":"Feature","geometry":{"type":"Point","coordinates":[-1.88,47.24999999999999]},"properties":{"id_point":"AROME_025_017","date_run":"2026-08-23T15:00:00Z","date_validite":"2026-08-23T17:00:00Z","echeance_h":2,"vent_ms":5.9,"vent_kmh":21.4,"vent_u_ms":-5.5,"vent_v_ms":-2.26,"direction_vent_deg":68.0,"direction_fleche_deg":248.0}},{"type":"Feature","geometry":{"type":"Point","coordinates":[-1.8699999999999997,47.24999999999999]},"properties":{"id_point":"AROME_025_018","date_run":"2026-08-23T15:00:00Z","date_validite":"2026-08-23T17:00:00Z","echeance_h":2,"vent_ms":6.2,"vent_kmh":22.2,"vent_u_ms":-5.74,"vent_v_ms":-2.25,"direction_vent_deg":69.0,"direction_fleche_deg":249.0}},{"type":"Feature","geometry":{"type":"Point","coordinates":[-1.8599999999999988,47.249999999999986]},"properties":{"id_point":"AROME_025_019","date_run":"2026-08-23T15:00:00Z","date_validite":"2026-08-23T17:00:00Z","echeance_h":2,"vent_ms":6.4,"vent_kmh":23.1,"vent_u_ms":-6.03,"vent_v_ms":-2.26,"direction_vent_deg":69.0,"direction_fleche_deg":249.0}},{"type":"Feature","geometry":{"type":"Point","coordinates":[-1.7300000000000004,47.24999999999999]},"properties":{"id_point":"AROME_025_032","date_run":"2026-08-23T15:00:00Z","date_validite":"2026-08-23T17:00:00Z","echeance_h":2,"vent_ms":6.7,"vent_kmh":24.1,"vent_u_ms":-6.43,"vent_v_ms":-1.86,"direction_vent_deg":74.0,"direction_fleche_deg":254.0}},{"type":"Feature","geometry":{"type":"Point","coordinates":[-1.7199999999999995,47.24999999999999]},"properties":{"id_point":"AROME_025_033","date_run":"2026-08-23T15:00:00Z","date_validite":"2026-08-23T17:00:00Z","echeance_h":2,"vent_ms":6.7,"vent_kmh":24.2,"vent_u_ms":-6.45,"vent_v_ms":-1.92,"direction_vent_deg":73.0,"direction_fleche_deg":253.0}},{"type":"Feature","geometry":{"type":"Point","coordinates":[-1.7099999999999993,47.24999999999999]},"properties":{"id_point":"AROME_025_034","date_run":"2026-08-23T15:00:00Z","date_validite":"2026-08-23T17:00:00Z","echeance_h":2,"vent_ms":6.8,"vent_kmh":24.5,"vent_u_ms":-6.5,"vent_v_ms":-2.01,"direction_vent_deg":73.0,"direction_fleche_deg":253.0}},{"type":"Feature","geometry":{"type":"Point","coordinates":[-1.69,47.24999999999999]},"properties":{"id_point":"AROME_025_036","date_run":"2026-08-23T15:00:00Z","date_validite":"2026-08-23T17:00:00Z","echeance_h":2,"vent_ms":6.6,"vent_kmh":23.7,"vent_u_ms":-6.27,"vent_v_ms":-2.03,"direction_vent_deg":72.0,"direction_fleche_deg":252.0}},{"type":"Feature","geometry":{"type":"Point","coordinates":[-1.6800000000000004,47.24999999999999]},"properties":{"id_point":"AROME_025_037","date_run":"2026-08-23T15:00:00Z","date_validite":"2026-08-23T17:00:00Z","echeance_h":2,"vent_ms":6.4,"vent_kmh":23.0,"vent_u_ms":-6.06,"vent_v_ms":-1.98,"direction_vent_deg":72.0,"direction_fleche_deg":252.0}},{"type":"Feature","geometry":{"type":"Point","coordinates":[-1.6699999999999995,47.24999999999999]},"properties":{"id_point":"AROME_025_038","date_run":"2026-08-23T15:00:00Z","date_validite":"2026-08-23T17:00:00Z","echeance_h":2,"vent_ms":6.1,"vent_kmh":22.1,"vent_u_ms":-5.84,"vent_v_ms":-1.91,"direction_vent_deg":72.0,"direction_fleche_deg":252.0}},{"type":"Feature","geometry":{"type":"Point","coordinates":[-1.6600000000000001,47.24999999999999]},"properties":{"id_point":"AROME_025_039","date_run":"2026-08-23T15:00:00Z","date_validite":"2026-08-23T17:00:00Z","echeance_h":2,"vent_ms":6.1,"vent_kmh":21.9,"vent_u_ms":-5.78,"vent_v_ms":-1.88,"direction_vent_deg":72.0,"direction_fleche_deg":252.0}},{"type":"Feature","geometry":{"type":"Point","coordinates":[-1.65,47.24999999999999]},"properties":{"id_point":"AROME_025_040","date_run":"2026-08-23T15:00:00Z","date_validite":"2026-08-23T17:00:00Z","echeance_h":2,"vent_ms":6.0,"vent_kmh":21.7,"vent_u_ms":-5.75,"vent_v_ms":-1.84,"direction_vent_deg":72.0,"direction_fleche_deg":252.0}},{"type":"Feature","geometry":{"type":"Point","coordinates":[-1.639999999999999,47.24999999999999]},"properties":{"id_point":"AROME_025_041","date_run":"2026-08-23T15:00:00Z","date_validite":"2026-08-23T17:00:00Z","echeance_h":2,"vent_ms":6.0,"vent_kmh":21.6,"vent_u_ms":-5.74,"vent_v_ms":-1.79,"direction_vent_deg":73.0,"direction_fleche_deg":253.0}},{"type":"Feature","geometry":{"type":"Point","coordinates":[-1.6300000000000003,47.24999999999999]},"properties":{"id_point":"AROME_025_042","date_run":"2026-08-23T15:00:00Z","date_validite":"2026-08-23T17:00:00Z","echeance_h":2,"vent_ms":6.0,"vent_kmh":21.7,"vent_u_ms":-5.78,"vent_v_ms":-1.75,"direction_vent_deg":73.0,"direction_fleche_deg":253.0}},{"type":"Feature","geometry":{"type":"Point","coordinates":[-1.62,47.24999999999999]},"properties":{"id_point":"AROME_025_043","date_run":"2026-08-23T15:00:00Z","date_validite":"2026-08-23T17:00:00Z","echeance_h":2,"vent_ms":6.1,"vent_kmh":21.9,"vent_u_ms":-5.85,"vent_v_ms":-1.71,"direction_vent_deg":74.0,"direction_fleche_deg":254.0}},{"type":"Feature","geometry":{"type":"Point","coordinates":[-1.5799999999999996,47.24999999999999]},"properties":{"id_point":"AROME_025_047","date_run":"2026-08-23T15:00:00Z","date_validite":"2026-08-23T17:00:00Z","echeance_h":2,"vent_ms":6.2,"vent_kmh":22.4,"vent_u_ms":-6.04,"vent_v_ms":-1.49,"direction_vent_deg":76.0,"direction_fleche_deg":256.0}},{"type":"Feature","geometry":{"type":"Point","coordinates":[-1.56,47.24999999999999]},"properties":{"id_point":"AROME_025_049","date_run":"2026-08-23T15:00:00Z","date_validite":"2026-08-23T17:00:00Z","echeance_h":2,"vent_ms":6.1,"vent_kmh":22.1,"vent_u_ms":-5.96,"vent_v_ms":-1.39,"direction_vent_deg":77.0,"direction_fleche_deg":257.0}},{"type":"Feature","geometry":{"type":"Point","coordinates":[-1.4599999999999997,47.24999999999999]},"properties":{"id_point":"AROME_025_059","date_run":"2026-08-23T15:00:00Z","date_validite":"2026-08-23T17:00:00Z","echeance_h":2,"vent_ms":6.3,"vent_kmh":22.6,"vent_u_ms":-6.01,"vent_v_ms":-1.8,"direction_vent_deg":73.0,"direction_fleche_deg":253.0}},{"type":"Feature","geometry":{"type":"Point","coordinates":[-1.4499999999999988,47.24999999999999]},"properties":{"id_point":"AROME_025_060","date_run":"2026-08-23T15:00:00Z","date_validite":"2026-08-23T17:00:00Z","echeance_h":2,"vent_ms":6.3,"vent_kmh":22.8,"vent_u_ms":-6.02,"vent_v_ms":-2.01,"direction_vent_deg":72.0,"direction_fleche_deg":252.0}},{"type":"Feature","geometry":{"type":"Point","coordinates":[-1.8599999999999997,47.23999999999998]},"properties":{"id_point":"AROME_026_019","date_run":"2026-08-23T15:00:00Z","date_validite":"2026-08-23T17:00:00Z","echeance_h":2,"vent_ms":6.5,"vent_kmh":23.3,"vent_u_ms":-6.0,"vent_v_ms":-2.44,"direction_vent_deg":68.0,"direction_fleche_deg":248.0}},{"type":"Feature","geometry":{"type":"Point","coordinates":[-1.8499999999999994,47.23999999999998]},"properties":{"id_point":"AROME_026_020","date_run":"2026-08-23T15:00:00Z","date_validite":"2026-08-23T17:00:00Z","echeance_h":2,"vent_ms":6.6,"vent_kmh":23.7,"vent_u_ms":-6.12,"vent_v_ms":-2.43,"direction_vent_deg":68.0,"direction_fleche_deg":248.0}},{"type":"Feature","geometry":{"type":"Point","coordinates":[-1.8299999999999998,47.23999999999998]},"properties":{"id_point":"AROME_026_022","date_run":"2026-08-23T15:00:00Z","date_validite":"2026-08-23T17:00:00Z","echeance_h":2,"vent_ms":6.8,"vent_kmh":24.3,"vent_u_ms":-6.36,"vent_v_ms":-2.28,"direction_vent_deg":70.0,"direction_fleche_deg":250.0}},{"type":"Feature","geometry":{"type":"Point","coordinates":[-1.74,47.23999999999999]},"properties":{"id_point":"AROME_026_031","date_run":"2026-08-23T15:00:00Z","date_validite":"2026-08-23T17:00:00Z","echeance_h":2,"vent_ms":6.6,"vent_kmh":23.8,"vent_u_ms":-6.33,"vent_v_ms":-1.9,"direction_vent_deg":73.0,"direction_fleche_deg":253.0}},{"type":"Feature","geometry":{"type":"Point","coordinates":[-1.7300000000000004,47.23999999999999]},"properties":{"id_point":"AROME_026_032","date_run":"2026-08-23T15:00:00Z","date_validite":"2026-08-23T17:00:00Z","echeance_h":2,"vent_ms":6.5,"vent_kmh":23.5,"vent_u_ms":-6.25,"vent_v_ms":-1.89,"direction_vent_deg":73.0,"direction_fleche_deg":253.0}},{"type":"Feature","geometry":{"type":"Point","coordinates":[-1.7200000000000004,47.23999999999999]},"properties":{"id_point":"AROME_026_033","date_run":"2026-08-23T15:00:00Z","date_validite":"2026-08-23T17:00:00Z","echeance_h":2,"vent_ms":6.5,"vent_kmh":23.3,"vent_u_ms":-6.2,"vent_v_ms":-1.89,"direction_vent_deg":73.0,"direction_fleche_deg":253.0}},{"type":"Feature","geometry":{"type":"Point","coordinates":[-1.710000000000001,47.23999999999999]},"properties":{"id_point":"AROME_026_034","date_run":"2026-08-23T15:00:00Z","date_validite":"2026-08-23T17:00:00Z","echeance_h":2,"vent_ms":6.6,"vent_kmh":23.6,"vent_u_ms":-6.26,"vent_v_ms":-1.94,"direction_vent_deg":73.0,"direction_fleche_deg":253.0}},{"type":"Feature","geometry":{"type":"Point","coordinates":[-1.6999999999999993,47.23999999999998]},"properties":{"id_point":"AROME_026_035","date_run":"2026-08-23T15:00:00Z","date_validite":"2026-08-23T17:00:00Z","echeance_h":2,"vent_ms":6.6,"vent_kmh":23.7,"vent_u_ms":-6.28,"vent_v_ms":-1.98,"direction_vent_deg":73.0,"direction_fleche_deg":253.0}},{"type":"Feature","geometry":{"type":"Point","coordinates":[-1.69,47.23999999999999]},"properties":{"id_point":"AROME_026_036","date_run":"2026-08-23T15:00:00Z","date_validite":"2026-08-23T17:00:00Z","echeance_h":2,"vent_ms":6.5,"vent_kmh":23.6,"vent_u_ms":-6.23,"vent_v_ms":-1.99,"direction_vent_deg":72.0,"direction_fleche_deg":252.0}},{"type":"Feature","geometry":{"type":"Point","coordinates":[-1.6799999999999997,47.23999999999999]},"properties":{"id_point":"AROME_026_037","date_run":"2026-08-23T15:00:00Z","date_validite":"2026-08-23T17:00:00Z","echeance_h":2,"vent_ms":6.5,"vent_kmh":23.3,"vent_u_ms":-6.16,"vent_v_ms":-1.96,"direction_vent_deg":72.0,"direction_fleche_deg":252.0}},{"type":"Feature","geometry":{"type":"Point","coordinates":[-1.6499999999999992,47.23999999999998]},"properties":{"id_point":"AROME_026_040","date_run":"2026-08-23T15:00:00Z","date_validite":"2026-08-23T17:00:00Z","echeance_h":2,"vent_ms":6.4,"vent_kmh":23.0,"vent_u_ms":-6.11,"vent_v_ms":-1.82,"direction_vent_deg":73.0,"direction_fleche_deg":253.0}},{"type":"Feature","geometry":{"type":"Point","coordinates":[-1.6400000000000006,47.23999999999999]},"properties":{"id_point":"AROME_026_041","date_run":"2026-08-23T15:00:00Z","date_validite":"2026-08-23T17:00:00Z","echeance_h":2,"vent_ms":6.3,"vent_kmh":22.6,"vent_u_ms":-6.03,"vent_v_ms":-1.72,"direction_vent_deg":74.0,"direction_fleche_deg":254.0}},{"type":"Feature","geometry":{"type":"Point","coordinates":[-1.6299999999999997,47.23999999999999]},"properties":{"id_point":"AROME_026_042","date_run":"2026-08-23T15:00:00Z","date_validite":"2026-08-23T17:00:00Z","echeance_h":2,"vent_ms":6.2,"vent_kmh":22.2,"vent_u_ms":-5.94,"vent_v_ms":-1.64,"direction_vent_deg":75.0,"direction_fleche_deg":255.0}},{"type":"Feature","geometry":{"type":"Point","coordinates":[-1.620000000000001,47.23999999999999]},"properties":{"id_point":"AROME_026_043","date_run":"2026-08-23T15:00:00Z","date_validite":"2026-08-23T17:00:00Z","echeance_h":2,"vent_ms":6.0,"vent_kmh":21.6,"vent_u_ms":-5.82,"vent_v_ms":-1.54,"direction_vent_deg":75.0,"direction_fleche_deg":255.0}},{"type":"Feature","geometry":{"type":"Point","coordinates":[-1.6100000000000008,47.23999999999999]},"properties":{"id_point":"AROME_026_044","date_run":"2026-08-23T15:00:00Z","date_validite":"2026-08-23T17:00:00Z","echeance_h":2,"vent_ms":6.1,"vent_kmh":21.8,"vent_u_ms":-5.87,"vent_v_ms":-1.51,"direction_vent_deg":76.0,"direction_fleche_deg":256.0}},{"type":"Feature","geometry":{"type":"Point","coordinates":[-1.5999999999999999,47.23999999999999]},"properties":{"id_point":"AROME_026_045","date_run":"2026-08-23T15:00:00Z","date_validite":"2026-08-23T17:00:00Z","echeance_h":2,"vent_ms":6.2,"vent_kmh":22.3,"vent_u_ms":-6.01,"vent_v_ms":-1.51,"direction_vent_deg":76.0,"direction_fleche_deg":256.0}},{"type":"Feature","geometry":{"type":"Point","coordinates":[-1.5699999999999994,47.23999999999999]},"properties":{"id_point":"AROME_026_048","date_run":"2026-08-23T15:00:00Z","date_validite":"2026-08-23T17:00:00Z","echeance_h":2,"vent_ms":6.3,"vent_kmh":22.6,"vent_u_ms":-6.11,"vent_v_ms":-1.48,"direction_vent_deg":76.0,"direction_fleche_deg":256.0}},{"type":"Feature","geometry":{"type":"Point","coordinates":[-1.5500000000000005,47.23999999999999]},"properties":{"id_point":"AROME_026_050","date_run":"2026-08-23T15:00:00Z","date_validite":"2026-08-23T17:00:00Z","echeance_h":2,"vent_ms":6.1,"vent_kmh":21.9,"vent_u_ms":-5.92,"vent_v_ms":-1.39,"direction_vent_deg":77.0,"direction_fleche_deg":257.0}},{"type":"Feature","geometry":{"type":"Point","coordinates":[-1.5299999999999994,47.23999999999999]},"properties":{"id_point":"AROME_026_052","date_run":"2026-08-23T15:00:00Z","date_validite":"2026-08-23T17:00:00Z","echeance_h":2,"vent_ms":6.0,"vent_kmh":21.5,"vent_u_ms":-5.82,"vent_v_ms":-1.35,"direction_vent_deg":77.0,"direction_fleche_deg":257.0}},{"type":"Feature","geometry":{"type":"Point","coordinates":[-1.5199999999999994,47.23999999999998]},"properties":{"id_point":"AROME_026_053","date_run":"2026-08-23T15:00:00Z","date_validite":"2026-08-23T17:00:00Z","echeance_h":2,"vent_ms":6.0,"vent_kmh":21.5,"vent_u_ms":-5.82,"vent_v_ms":-1.39,"direction_vent_deg":77.0,"direction_fleche_deg":257.0}},{"type":"Feature","geometry":{"type":"Point","coordinates":[-1.51,47.23999999999999]},"properties":{"id_point":"AROME_026_054","date_run":"2026-08-23T15:00:00Z","date_validite":"2026-08-23T17:00:00Z","echeance_h":2,"vent_ms":6.0,"vent_kmh":21.7,"vent_u_ms":-5.84,"vent_v_ms":-1.46,"direction_vent_deg":76.0,"direction_fleche_deg":256.0}},{"type":"Feature","geometry":{"type":"Point","coordinates":[-1.5000000000000004,47.23999999999999]},"properties":{"id_point":"AROME_026_055","date_run":"2026-08-23T15:00:00Z","date_validite":"2026-08-23T17:00:00Z","echeance_h":2,"vent_ms":6.1,"vent_kmh":21.9,"vent_u_ms":-5.9,"vent_v_ms":-1.55,"direction_vent_deg":75.0,"direction_fleche_deg":255.0}},{"type":"Feature","geometry":{"type":"Point","coordinates":[-1.4800000000000009,47.23999999999999]},"properties":{"id_point":"AROME_026_057","date_run":"2026-08-23T15:00:00Z","date_validite":"2026-08-23T17:00:00Z","echeance_h":2,"vent_ms":6.1,"vent_kmh":22.1,"vent_u_ms":-5.89,"vent_v_ms":-1.77,"direction_vent_deg":73.0,"direction_fleche_deg":253.0}},{"type":"Feature","geometry":{"type":"Point","coordinates":[-1.4699999999999993,47.23999999999999]},"properties":{"id_point":"AROME_026_058","date_run":"2026-08-23T15:00:00Z","date_validite":"2026-08-23T17:00:00Z","echeance_h":2,"vent_ms":6.2,"vent_kmh":22.4,"vent_u_ms":-5.89,"vent_v_ms":-1.96,"direction_vent_deg":72.0,"direction_fleche_deg":252.0}},{"type":"Feature","geometry":{"type":"Point","coordinates":[-1.8599999999999997,47.23000000000003]},"properties":{"id_point":"AROME_027_019","date_run":"2026-08-23T15:00:00Z","date_validite":"2026-08-23T17:00:00Z","echeance_h":2,"vent_ms":6.4,"vent_kmh":23.1,"vent_u_ms":-5.88,"vent_v_ms":-2.6,"direction_vent_deg":66.0,"direction_fleche_deg":246.0}},{"type":"Feature","geometry":{"type":"Point","coordinates":[-1.8499999999999985,47.23000000000002]},"properties":{"id_point":"AROME_027_020","date_run":"2026-08-23T15:00:00Z","date_validite":"2026-08-23T17:00:00Z","echeance_h":2,"vent_ms":6.6,"vent_kmh":23.8,"vent_u_ms":-6.09,"vent_v_ms":-2.57,"direction_vent_deg":67.0,"direction_fleche_deg":247.0}},{"type":"Feature","geometry":{"type":"Point","coordinates":[-1.8399999999999992,47.23000000000002]},"properties":{"id_point":"AROME_027_021","date_run":"2026-08-23T15:00:00Z","date_validite":"2026-08-23T17:00:00Z","echeance_h":2,"vent_ms":6.8,"vent_kmh":24.4,"vent_u_ms":-6.3,"vent_v_ms":-2.53,"direction_vent_deg":68.0,"direction_fleche_deg":248.0}},{"type":"Feature","geometry":{"type":"Point","coordinates":[-1.8200000000000005,47.23000000000002]},"properties":{"id_point":"AROME_027_023","date_run":"2026-08-23T15:00:00Z","date_validite":"2026-08-23T17:00:00Z","echeance_h":2,"vent_ms":6.8,"vent_kmh":24.4,"vent_u_ms":-6.34,"vent_v_ms":-2.36,"direction_vent_deg":70.0,"direction_fleche_deg":250.0}},{"type":"Feature","geometry":{"type":"Point","coordinates":[-1.8099999999999996,47.23000000000002]},"properties":{"id_point":"AROME_027_024","date_run":"2026-08-23T15:00:00Z","date_validite":"2026-08-23T17:00:00Z","echeance_h":2,"vent_ms":6.8,"vent_kmh":24.3,"vent_u_ms":-6.35,"vent_v_ms":-2.28,"direction_vent_deg":70.0,"direction_fleche_deg":250.0}},{"type":"Feature","geometry":{"type":"Point","coordinates":[-1.7700000000000005,47.23000000000002]},"properties":{"id_point":"AROME_027_028","date_run":"2026-08-23T15:00:00Z","date_validite":"2026-08-23T17:00:00Z","echeance_h":2,"vent_ms":6.7,"vent_kmh":24.2,"vent_u_ms":-6.38,"vent_v_ms":-2.11,"direction_vent_deg":72.0,"direction_fleche_deg":252.0}},{"type":"Feature","geometry":{"type":"Point","coordinates":[-1.7599999999999996,47.23000000000002]},"properties":{"id_point":"AROME_027_029","date_run":"2026-08-23T15:00:00Z","date_validite":"2026-08-23T17:00:00Z","echeance_h":2,"vent_ms":6.7,"vent_kmh":24.2,"vent_u_ms":-6.4,"vent_v_ms":-2.1,"direction_vent_deg":72.0,"direction_fleche_deg":252.0}},{"type":"Feature","geometry":{"type":"Point","coordinates":[-1.7499999999999993,47.23000000000002]},"properties":{"id_point":"AROME_027_030","date_run":"2026-08-23T15:00:00Z","date_validite":"2026-08-23T17:00:00Z","echeance_h":2,"vent_ms":6.6,"vent_kmh":23.9,"vent_u_ms":-6.32,"vent_v_ms":-2.06,"direction_vent_deg":72.0,"direction_fleche_deg":252.0}},{"type":"Feature","geometry":{"type":"Point","coordinates":[-1.739999999999999,47.23000000000002]},"properties":{"id_point":"AROME_027_031","date_run":"2026-08-23T15:00:00Z","date_validite":"2026-08-23T17:00:00Z","echeance_h":2,"vent_ms":6.4,"vent_kmh":23.1,"vent_u_ms":-6.1,"vent_v_ms":-1.96,"direction_vent_deg":72.0,"direction_fleche_deg":252.0}},{"type":"Feature","geometry":{"type":"Point","coordinates":[-1.7299999999999989,47.23000000000002]},"properties":{"id_point":"AROME_027_032","date_run":"2026-08-23T15:00:00Z","date_validite":"2026-08-23T17:00:00Z","echeance_h":2,"vent_ms":6.2,"vent_kmh":22.4,"vent_u_ms":-5.92,"vent_v_ms":-1.89,"direction_vent_deg":72.0,"direction_fleche_deg":252.0}},{"type":"Feature","geometry":{"type":"Point","coordinates":[-1.7199999999999995,47.23000000000002]},"properties":{"id_point":"AROME_027_033","date_run":"2026-08-23T15:00:00Z","date_validite":"2026-08-23T17:00:00Z","echeance_h":2,"vent_ms":6.0,"vent_kmh":21.6,"vent_u_ms":-5.74,"vent_v_ms":-1.8,"direction_vent_deg":73.0,"direction_fleche_deg":253.0}},{"type":"Feature","geometry":{"type":"Point","coordinates":[-1.7099999999999993,47.23000000000002]},"properties":{"id_point":"AROME_027_034","date_run":"2026-08-23T15:00:00Z","date_validite":"2026-08-23T17:00:00Z","echeance_h":2,"vent_ms":6.1,"vent_kmh":21.9,"vent_u_ms":-5.8,"vent_v_ms":-1.82,"direction_vent_deg":73.0,"direction_fleche_deg":253.0}},{"type":"Feature","geometry":{"type":"Point","coordinates":[-1.7000000000000008,47.23000000000003]},"properties":{"id_point":"AROME_027_035","date_run":"2026-08-23T15:00:00Z","date_validite":"2026-08-23T17:00:00Z","echeance_h":2,"vent_ms":6.1,"vent_kmh":22.1,"vent_u_ms":-5.85,"vent_v_ms":-1.84,"direction_vent_deg":73.0,"direction_fleche_deg":253.0}},{"type":"Feature","geometry":{"type":"Point","coordinates":[-1.689999999999999,47.23000000000002]},"properties":{"id_point":"AROME_027_036","date_run":"2026-08-23T15:00:00Z","date_validite":"2026-08-23T17:00:00Z","echeance_h":2,"vent_ms":6.2,"vent_kmh":22.3,"vent_u_ms":-5.9,"vent_v_ms":-1.85,"direction_vent_deg":73.0,"direction_fleche_deg":253.0}},{"type":"Feature","geometry":{"type":"Point","coordinates":[-1.6800000000000004,47.23000000000003]},"properties":{"id_point":"AROME_027_037","date_run":"2026-08-23T15:00:00Z","date_validite":"2026-08-23T17:00:00Z","echeance_h":2,"vent_ms":6.2,"vent_kmh":22.4,"vent_u_ms":-5.94,"vent_v_ms":-1.85,"direction_vent_deg":73.0,"direction_fleche_deg":253.0}},{"type":"Feature","geometry":{"type":"Point","coordinates":[-1.670000000000001,47.23000000000002]},"properties":{"id_point":"AROME_027_038","date_run":"2026-08-23T15:00:00Z","date_validite":"2026-08-23T17:00:00Z","echeance_h":2,"vent_ms":6.3,"vent_kmh":22.5,"vent_u_ms":-5.98,"vent_v_ms":-1.86,"direction_vent_deg":73.0,"direction_fleche_deg":253.0}},{"type":"Feature","geometry":{"type":"Point","coordinates":[-1.6599999999999993,47.23000000000002]},"properties":{"id_point":"AROME_027_039","date_run":"2026-08-23T15:00:00Z","date_validite":"2026-08-23T17:00:00Z","echeance_h":2,"vent_ms":6.2,"vent_kmh":22.4,"vent_u_ms":-5.95,"vent_v_ms":-1.82,"direction_vent_deg":73.0,"direction_fleche_deg":253.0}},{"type":"Feature","geometry":{"type":"Point","coordinates":[-1.6199999999999994,47.23000000000002]},"properties":{"id_point":"AROME_027_043","date_run":"2026-08-23T15:00:00Z","date_validite":"2026-08-23T17:00:00Z","echeance_h":2,"vent_ms":6.1,"vent_kmh":21.9,"vent_u_ms":-5.89,"vent_v_ms":-1.6,"direction_vent_deg":75.0,"direction_fleche_deg":255.0}},{"type":"Feature","geometry":{"type":"Point","coordinates":[-1.6000000000000008,47.23000000000003]},"properties":{"id_point":"AROME_027_045","date_run":"2026-08-23T15:00:00Z","date_validite":"2026-08-23T17:00:00Z","echeance_h":2,"vent_ms":6.2,"vent_kmh":22.5,"vent_u_ms":-6.06,"vent_v_ms":-1.53,"direction_vent_deg":76.0,"direction_fleche_deg":256.0}},{"type":"Feature","geometry":{"type":"Point","coordinates":[-1.5799999999999996,47.23000000000002]},"properties":{"id_point":"AROME_027_047","date_run":"2026-08-23T15:00:00Z","date_validite":"2026-08-23T17:00:00Z","echeance_h":2,"vent_ms":6.2,"vent_kmh":22.5,"vent_u_ms":-6.07,"vent_v_ms":-1.48,"direction_vent_deg":76.0,"direction_fleche_deg":256.0}},{"type":"Feature","geometry":{"type":"Point","coordinates":[-1.56,47.23000000000002]},"properties":{"id_point":"AROME_027_049","date_run":"2026-08-23T15:00:00Z","date_validite":"2026-08-23T17:00:00Z","echeance_h":2,"vent_ms":6.2,"vent_kmh":22.3,"vent_u_ms":-6.02,"vent_v_ms":-1.51,"direction_vent_deg":76.0,"direction_fleche_deg":256.0}},{"type":"Feature","geometry":{"type":"Point","coordinates":[-1.5399999999999996,47.23000000000002]},"properties":{"id_point":"AROME_027_051","date_run":"2026-08-23T15:00:00Z","date_validite":"2026-08-23T17:00:00Z","echeance_h":2,"vent_ms":6.1,"vent_kmh":22.0,"vent_u_ms":-5.92,"vent_v_ms":-1.53,"direction_vent_deg":76.0,"direction_fleche_deg":256.0}},{"type":"Feature","geometry":{"type":"Point","coordinates":[-1.52,47.23000000000003]},"properties":{"id_point":"AROME_027_053","date_run":"2026-08-23T15:00:00Z","date_validite":"2026-08-23T17:00:00Z","echeance_h":2,"vent_ms":6.1,"vent_kmh":22.1,"vent_u_ms":-5.92,"vent_v_ms":-1.64,"direction_vent_deg":75.0,"direction_fleche_deg":255.0}},{"type":"Feature","geometry":{"type":"Point","coordinates":[-1.5100000000000007,47.23000000000002]},"properties":{"id_point":"AROME_027_054","date_run":"2026-08-23T15:00:00Z","date_validite":"2026-08-23T17:00:00Z","echeance_h":2,"vent_ms":6.2,"vent_kmh":22.2,"vent_u_ms":-5.93,"vent_v_ms":-1.74,"direction_vent_deg":74.0,"direction_fleche_deg":254.0}},{"type":"Feature","geometry":{"type":"Point","coordinates":[-1.4899999999999995,47.23000000000002]},"properties":{"id_point":"AROME_027_056","date_run":"2026-08-23T15:00:00Z","date_validite":"2026-08-23T17:00:00Z","echeance_h":2,"vent_ms":6.3,"vent_kmh":22.7,"vent_u_ms":-5.97,"vent_v_ms":-2.03,"direction_vent_deg":71.0,"direction_fleche_deg":251.0}},{"type":"Feature","geometry":{"type":"Point","coordinates":[-1.4800000000000009,47.23000000000002]},"properties":{"id_point":"AROME_027_057","date_run":"2026-08-23T15:00:00Z","date_validite":"2026-08-23T17:00:00Z","echeance_h":2,"vent_ms":6.3,"vent_kmh":22.8,"vent_u_ms":-5.95,"vent_v_ms":-2.2,"direction_vent_deg":70.0,"direction_fleche_deg":250.0}},{"type":"Feature","geometry":{"type":"Point","coordinates":[-1.4600000000000006,47.23000000000002]},"properties":{"id_point":"AROME_027_059","date_run":"2026-08-23T15:00:00Z","date_validite":"2026-08-23T17:00:00Z","echeance_h":2,"vent_ms":6.4,"vent_kmh":23.1,"vent_u_ms":-5.85,"vent_v_ms":-2.62,"direction_vent_deg":66.0,"direction_fleche_deg":246.0}},{"type":"Feature","geometry":{"type":"Point","coordinates":[-1.4500000000000004,47.23000000000002]},"properties":{"id_point":"AROME_027_060","date_run":"2026-08-23T15:00:00Z","date_validite":"2026-08-23T17:00:00Z","echeance_h":2,"vent_ms":6.3,"vent_kmh":22.6,"vent_u_ms":-5.64,"vent_v_ms":-2.76,"direction_vent_deg":64.0,"direction_fleche_deg":244.0}},{"type":"Feature","geometry":{"type":"Point","coordinates":[-1.8399999999999992,47.22]},"properties":{"id_point":"AROME_028_021","date_run":"2026-08-23T15:00:00Z","date_validite":"2026-08-23T17:00:00Z","echeance_h":2,"vent_ms":6.6,"vent_kmh":23.9,"vent_u_ms":-6.12,"vent_v_ms":-2.6,"direction_vent_deg":67.0,"direction_fleche_deg":247.0}},{"type":"Feature","geometry":{"type":"Point","coordinates":[-1.8299999999999992,47.22]},"properties":{"id_point":"AROME_028_022","date_run":"2026-08-23T15:00:00Z","date_validite":"2026-08-23T17:00:00Z","echeance_h":2,"vent_ms":6.7,"vent_kmh":24.2,"vent_u_ms":-6.24,"vent_v_ms":-2.55,"direction_vent_deg":68.0,"direction_fleche_deg":248.0}},{"type":"Feature","geometry":{"type":"Point","coordinates":[-1.8099999999999996,47.22]},"properties":{"id_point":"AROME_028_024","date_run":"2026-08-23T15:00:00Z","date_validite":"2026-08-23T17:00:00Z","echeance_h":2,"vent_ms":6.8,"vent_kmh":24.5,"vent_u_ms":-6.36,"vent_v_ms":-2.41,"direction_vent_deg":69.0,"direction_fleche_deg":249.0}},{"type":"Feature","geometry":{"type":"Point","coordinates":[-1.8,47.22000000000001]},"properties":{"id_point":"AROME_028_025","date_run":"2026-08-23T15:00:00Z","date_validite":"2026-08-23T17:00:00Z","echeance_h":2,"vent_ms":6.8,"vent_kmh":24.4,"vent_u_ms":-6.35,"vent_v_ms":-2.34,"direction_vent_deg":70.0,"direction_fleche_deg":250.0}},{"type":"Feature","geometry":{"type":"Point","coordinates":[-1.79,47.22]},"properties":{"id_point":"AROME_028_026","date_run":"2026-08-23T15:00:00Z","date_validite":"2026-08-23T17:00:00Z","echeance_h":2,"vent_ms":6.7,"vent_kmh":24.0,"vent_u_ms":-6.28,"vent_v_ms":-2.27,"direction_vent_deg":70.0,"direction_fleche_deg":250.0}},{"type":"Feature","geometry":{"type":"Point","coordinates":[-1.7799999999999998,47.22]},"properties":{"id_point":"AROME_028_027","date_run":"2026-08-23T15:00:00Z","date_validite":"2026-08-23T17:00:00Z","echeance_h":2,"vent_ms":6.5,"vent_kmh":23.4,"vent_u_ms":-6.13,"vent_v_ms":-2.18,"direction_vent_deg":70.0,"direction_fleche_deg":250.0}},{"type":"Feature","geometry":{"type":"Point","coordinates":[-1.7700000000000005,47.22]},"properties":{"id_point":"AROME_028_028","date_run":"2026-08-23T15:00:00Z","date_validite":"2026-08-23T17:00:00Z","echeance_h":2,"vent_ms":6.3,"vent_kmh":22.8,"vent_u_ms":-5.97,"vent_v_ms":-2.1,"direction_vent_deg":71.0,"direction_fleche_deg":251.0}},{"type":"Feature","geometry":{"type":"Point","coordinates":[-1.7599999999999996,47.22]},"properties":{"id_point":"AROME_028_029","date_run":"2026-08-23T15:00:00Z","date_validite":"2026-08-23T17:00:00Z","echeance_h":2,"vent_ms":6.4,"vent_kmh":23.1,"vent_u_ms":-6.07,"vent_v_ms":-2.11,"direction_vent_deg":71.0,"direction_fleche_deg":251.0}},{"type":"Feature","geometry":{"type":"Point","coordinates":[-1.75,47.22]},"properties":{"id_point":"AROME_028_030","date_run":"2026-08-23T15:00:00Z","date_validite":"2026-08-23T17:00:00Z","echeance_h":2,"vent_ms":6.4,"vent_kmh":23.1,"vent_u_ms":-6.07,"vent_v_ms":-2.08,"direction_vent_deg":71.0,"direction_fleche_deg":251.0}},{"type":"Feature","geometry":{"type":"Point","coordinates":[-1.7299999999999998,47.22]},"properties":{"id_point":"AROME_028_032","date_run":"2026-08-23T15:00:00Z","date_validite":"2026-08-23T17:00:00Z","echeance_h":2,"vent_ms":6.0,"vent_kmh":21.7,"vent_u_ms":-5.74,"vent_v_ms":-1.9,"direction_vent_deg":72.0,"direction_fleche_deg":252.0}},{"type":"Feature","geometry":{"type":"Point","coordinates":[-1.7099999999999993,47.22]},"properties":{"id_point":"AROME_028_034","date_run":"2026-08-23T15:00:00Z","date_validite":"2026-08-23T17:00:00Z","echeance_h":2,"vent_ms":5.8,"vent_kmh":21.0,"vent_u_ms":-5.54,"vent_v_ms":-1.78,"direction_vent_deg":72.0,"direction_fleche_deg":252.0}},{"type":"Feature","geometry":{"type":"Point","coordinates":[-1.6999999999999993,47.22]},"properties":{"id_point":"AROME_028_035","date_run":"2026-08-23T15:00:00Z","date_validite":"2026-08-23T17:00:00Z","echeance_h":2,"vent_ms":5.8,"vent_kmh":21.0,"vent_u_ms":-5.57,"vent_v_ms":-1.76,"direction_vent_deg":72.0,"direction_fleche_deg":252.0}},{"type":"Feature","geometry":{"type":"Point","coordinates":[-1.6700000000000004,47.22]},"properties":{"id_point":"AROME_028_038","date_run":"2026-08-23T15:00:00Z","date_validite":"2026-08-23T17:00:00Z","echeance_h":2,"vent_ms":6.2,"vent_kmh":22.4,"vent_u_ms":-5.97,"vent_v_ms":-1.78,"direction_vent_deg":73.0,"direction_fleche_deg":253.0}},{"type":"Feature","geometry":{"type":"Point","coordinates":[-1.6600000000000001,47.22]},"properties":{"id_point":"AROME_028_039","date_run":"2026-08-23T15:00:00Z","date_validite":"2026-08-23T17:00:00Z","echeance_h":2,"vent_ms":6.2,"vent_kmh":22.2,"vent_u_ms":-5.92,"vent_v_ms":-1.74,"direction_vent_deg":74.0,"direction_fleche_deg":254.0}},{"type":"Feature","geometry":{"type":"Point","coordinates":[-1.6300000000000012,47.22000000000001]},"properties":{"id_point":"AROME_028_042","date_run":"2026-08-23T15:00:00Z","date_validite":"2026-08-23T17:00:00Z","echeance_h":2,"vent_ms":6.0,"vent_kmh":21.5,"vent_u_ms":-5.75,"vent_v_ms":-1.61,"direction_vent_deg":74.0,"direction_fleche_deg":254.0}},{"type":"Feature","geometry":{"type":"Point","coordinates":[-1.620000000000001,47.22000000000001]},"properties":{"id_point":"AROME_028_043","date_run":"2026-08-23T15:00:00Z","date_validite":"2026-08-23T17:00:00Z","echeance_h":2,"vent_ms":6.1,"vent_kmh":22.1,"vent_u_ms":-5.92,"vent_v_ms":-1.64,"direction_vent_deg":75.0,"direction_fleche_deg":255.0}},{"type":"Feature","geometry":{"type":"Point","coordinates":[-1.6099999999999992,47.22]},"properties":{"id_point":"AROME_028_044","date_run":"2026-08-23T15:00:00Z","date_validite":"2026-08-23T17:00:00Z","echeance_h":2,"vent_ms":6.2,"vent_kmh":22.5,"vent_u_ms":-6.03,"vent_v_ms":-1.63,"direction_vent_deg":75.0,"direction_fleche_deg":255.0}},{"type":"Feature","geometry":{"type":"Point","coordinates":[-1.5799999999999996,47.22]},"properties":{"id_point":"AROME_028_047","date_run":"2026-08-23T15:00:00Z","date_validite":"2026-08-23T17:00:00Z","echeance_h":2,"vent_ms":6.2,"vent_kmh":22.2,"vent_u_ms":-5.95,"vent_v_ms":-1.59,"direction_vent_deg":75.0,"direction_fleche_deg":255.0}},{"type":"Feature","geometry":{"type":"Point","coordinates":[-1.5100000000000007,47.22]},"properties":{"id_point":"AROME_028_054","date_run":"2026-08-23T15:00:00Z","date_validite":"2026-08-23T17:00:00Z","echeance_h":2,"vent_ms":6.3,"vent_kmh":22.5,"vent_u_ms":-5.92,"vent_v_ms":-2.03,"direction_vent_deg":71.0,"direction_fleche_deg":251.0}},{"type":"Feature","geometry":{"type":"Point","coordinates":[-1.4899999999999995,47.22]},"properties":{"id_point":"AROME_028_056","date_run":"2026-08-23T15:00:00Z","date_validite":"2026-08-23T17:00:00Z","echeance_h":2,"vent_ms":6.4,"vent_kmh":22.9,"vent_u_ms":-5.9,"vent_v_ms":-2.39,"direction_vent_deg":68.0,"direction_fleche_deg":248.0}},{"type":"Feature","geometry":{"type":"Point","coordinates":[-1.4800000000000002,47.22000000000001]},"properties":{"id_point":"AROME_028_057","date_run":"2026-08-23T15:00:00Z","date_validite":"2026-08-23T17:00:00Z","echeance_h":2,"vent_ms":6.3,"vent_kmh":22.6,"vent_u_ms":-5.75,"vent_v_ms":-2.55,"direction_vent_deg":66.0,"direction_fleche_deg":246.0}},{"type":"Feature","geometry":{"type":"Point","coordinates":[-1.4699999999999993,47.22000000000001]},"properties":{"id_point":"AROME_028_058","date_run":"2026-08-23T15:00:00Z","date_validite":"2026-08-23T17:00:00Z","echeance_h":2,"vent_ms":6.2,"vent_kmh":22.5,"vent_u_ms":-5.61,"vent_v_ms":-2.72,"direction_vent_deg":64.0,"direction_fleche_deg":244.0}},{"type":"Feature","geometry":{"type":"Point","coordinates":[-1.4599999999999997,47.22]},"properties":{"id_point":"AROME_028_059","date_run":"2026-08-23T15:00:00Z","date_validite":"2026-08-23T17:00:00Z","echeance_h":2,"vent_ms":6.2,"vent_kmh":22.3,"vent_u_ms":-5.47,"vent_v_ms":-2.89,"direction_vent_deg":62.0,"direction_fleche_deg":242.0}},{"type":"Feature","geometry":{"type":"Point","coordinates":[-1.8299999999999998,47.21000000000001]},"properties":{"id_point":"AROME_029_022","date_run":"2026-08-23T15:00:00Z","date_validite":"2026-08-23T17:00:00Z","echeance_h":2,"vent_ms":6.5,"vent_kmh":23.3,"vent_u_ms":-5.93,"vent_v_ms":-2.58,"direction_vent_deg":66.0,"direction_fleche_deg":246.0}},{"type":"Feature","geometry":{"type":"Point","coordinates":[-1.8199999999999996,47.209999999999994]},"properties":{"id_point":"AROME_029_023","date_run":"2026-08-23T15:00:00Z","date_validite":"2026-08-23T17:00:00Z","echeance_h":2,"vent_ms":6.6,"vent_kmh":23.7,"vent_u_ms":-6.07,"vent_v_ms":-2.53,"direction_vent_deg":67.0,"direction_fleche_deg":247.0}},{"type":"Feature","geometry":{"type":"Point","coordinates":[-1.8099999999999987,47.209999999999994]},"properties":{"id_point":"AROME_029_024","date_run":"2026-08-23T15:00:00Z","date_validite":"2026-08-23T17:00:00Z","echeance_h":2,"vent_ms":6.6,"vent_kmh":23.9,"vent_u_ms":-6.16,"vent_v_ms":-2.47,"direction_vent_deg":68.0,"direction_fleche_deg":248.0}},{"type":"Feature","geometry":{"type":"Point","coordinates":[-1.8,47.209999999999994]},"properties":{"id_point":"AROME_029_025","date_run":"2026-08-23T15:00:00Z","date_validite":"2026-08-23T17:00:00Z","echeance_h":2,"vent_ms":6.5,"vent_kmh":23.5,"vent_u_ms":-6.07,"vent_v_ms":-2.38,"direction_vent_deg":69.0,"direction_fleche_deg":249.0}},{"type":"Feature","geometry":{"type":"Point","coordinates":[-1.7700000000000005,47.209999999999994]},"properties":{"id_point":"AROME_029_028","date_run":"2026-08-23T15:00:00Z","date_validite":"2026-08-23T17:00:00Z","echeance_h":2,"vent_ms":5.6,"vent_kmh":20.2,"vent_u_ms":-5.25,"vent_v_ms":-1.95,"direction_vent_deg":70.0,"direction_fleche_deg":250.0}},{"type":"Feature","geometry":{"type":"Point","coordinates":[-1.7600000000000011,47.21000000000001]},"properties":{"id_point":"AROME_029_029","date_run":"2026-08-23T15:00:00Z","date_validite":"2026-08-23T17:00:00Z","echeance_h":2,"vent_ms":6.0,"vent_kmh":21.5,"vent_u_ms":-5.61,"vent_v_ms":-2.01,"direction_vent_deg":70.0,"direction_fleche_deg":250.0}},{"type":"Feature","geometry":{"type":"Point","coordinates":[-1.739999999999999,47.209999999999994]},"properties":{"id_point":"AROME_029_031","date_run":"2026-08-23T15:00:00Z","date_validite":"2026-08-23T17:00:00Z","echeance_h":2,"vent_ms":6.3,"vent_kmh":22.6,"vent_u_ms":-5.96,"vent_v_ms":-2.01,"direction_vent_deg":71.0,"direction_fleche_deg":251.0}},{"type":"Feature","geometry":{"type":"Point","coordinates":[-1.7199999999999995,47.209999999999994]},"properties":{"id_point":"AROME_029_033","date_run":"2026-08-23T15:00:00Z","date_validite":"2026-08-23T17:00:00Z","echeance_h":2,"vent_ms":6.1,"vent_kmh":22.1,"vent_u_ms":-5.83,"vent_v_ms":-1.92,"direction_vent_deg":72.0,"direction_fleche_deg":252.0}},{"type":"Feature","geometry":{"type":"Point","coordinates":[-1.7099999999999993,47.209999999999994]},"properties":{"id_point":"AROME_029_034","date_run":"2026-08-23T15:00:00Z","date_validite":"2026-08-23T17:00:00Z","echeance_h":2,"vent_ms":6.0,"vent_kmh":21.8,"vent_u_ms":-5.75,"vent_v_ms":-1.86,"direction_vent_deg":72.0,"direction_fleche_deg":252.0}},{"type":"Feature","geometry":{"type":"Point","coordinates":[-1.6999999999999993,47.209999999999994]},"properties":{"id_point":"AROME_029_035","date_run":"2026-08-23T15:00:00Z","date_validite":"2026-08-23T17:00:00Z","echeance_h":2,"vent_ms":6.0,"vent_kmh":21.4,"vent_u_ms":-5.67,"vent_v_ms":-1.8,"direction_vent_deg":72.0,"direction_fleche_deg":252.0}},{"type":"Feature","geometry":{"type":"Point","coordinates":[-1.69,47.209999999999994]},"properties":{"id_point":"AROME_029_036","date_run":"2026-08-23T15:00:00Z","date_validite":"2026-08-23T17:00:00Z","echeance_h":2,"vent_ms":5.9,"vent_kmh":21.2,"vent_u_ms":-5.62,"vent_v_ms":-1.71,"direction_vent_deg":73.0,"direction_fleche_deg":253.0}},{"type":"Feature","geometry":{"type":"Point","coordinates":[-1.6799999999999997,47.209999999999994]},"properties":{"id_point":"AROME_029_037","date_run":"2026-08-23T15:00:00Z","date_validite":"2026-08-23T17:00:00Z","echeance_h":2,"vent_ms":5.9,"vent_kmh":21.3,"vent_u_ms":-5.69,"vent_v_ms":-1.66,"direction_vent_deg":74.0,"direction_fleche_deg":254.0}},{"type":"Feature","geometry":{"type":"Point","coordinates":[-1.6700000000000004,47.209999999999994]},"properties":{"id_point":"AROME_029_038","date_run":"2026-08-23T15:00:00Z","date_validite":"2026-08-23T17:00:00Z","echeance_h":2,"vent_ms":6.2,"vent_kmh":22.3,"vent_u_ms":-5.98,"vent_v_ms":-1.67,"direction_vent_deg":74.0,"direction_fleche_deg":254.0}},{"type":"Feature","geometry":{"type":"Point","coordinates":[-1.6300000000000003,47.21000000000001]},"properties":{"id_point":"AROME_029_042","date_run":"2026-08-23T15:00:00Z","date_validite":"2026-08-23T17:00:00Z","echeance_h":2,"vent_ms":5.9,"vent_kmh":21.2,"vent_u_ms":-5.67,"vent_v_ms":-1.55,"direction_vent_deg":75.0,"direction_fleche_deg":255.0}},{"type":"Feature","geometry":{"type":"Point","coordinates":[-1.62,47.21000000000001]},"properties":{"id_point":"AROME_029_043","date_run":"2026-08-23T15:00:00Z","date_validite":"2026-08-23T17:00:00Z","echeance_h":2,"vent_ms":6.1,"vent_kmh":21.9,"vent_u_ms":-5.86,"vent_v_ms":-1.63,"direction_vent_deg":74.0,"direction_fleche_deg":254.0}},{"type":"Feature","geometry":{"type":"Point","coordinates":[-1.5900000000000005,47.209999999999994]},"properties":{"id_point":"AROME_029_046","date_run":"2026-08-23T15:00:00Z","date_validite":"2026-08-23T17:00:00Z","echeance_h":2,"vent_ms":6.2,"vent_kmh":22.4,"vent_u_ms":-5.98,"vent_v_ms":-1.76,"direction_vent_deg":74.0,"direction_fleche_deg":254.0}},{"type":"Feature","geometry":{"type":"Point","coordinates":[-1.5299999999999994,47.209999999999994]},"properties":{"id_point":"AROME_029_052","date_run":"2026-08-23T15:00:00Z","date_validite":"2026-08-23T17:00:00Z","echeance_h":2,"vent_ms":6.2,"vent_kmh":22.4,"vent_u_ms":-5.85,"vent_v_ms":-2.14,"direction_vent_deg":70.0,"direction_fleche_deg":250.0}},{"type":"Feature","geometry":{"type":"Point","coordinates":[-1.5100000000000007,47.209999999999994]},"properties":{"id_point":"AROME_029_054","date_run":"2026-08-23T15:00:00Z","date_validite":"2026-08-23T17:00:00Z","echeance_h":2,"vent_ms":6.2,"vent_kmh":22.2,"vent_u_ms":-5.72,"vent_v_ms":-2.35,"direction_vent_deg":68.0,"direction_fleche_deg":248.0}},{"type":"Feature","geometry":{"type":"Point","coordinates":[-1.5000000000000004,47.21000000000001]},"properties":{"id_point":"AROME_029_055","date_run":"2026-08-23T15:00:00Z","date_validite":"2026-08-23T17:00:00Z","echeance_h":2,"vent_ms":6.2,"vent_kmh":22.2,"vent_u_ms":-5.64,"vent_v_ms":-2.49,"direction_vent_deg":66.0,"direction_fleche_deg":246.0}},{"type":"Feature","geometry":{"type":"Point","coordinates":[-1.4799999999999993,47.209999999999994]},"properties":{"id_point":"AROME_029_057","date_run":"2026-08-23T15:00:00Z","date_validite":"2026-08-23T17:00:00Z","echeance_h":2,"vent_ms":5.8,"vent_kmh":21.0,"vent_u_ms":-5.17,"vent_v_ms":-2.68,"direction_vent_deg":63.0,"direction_fleche_deg":243.0}},{"type":"Feature","geometry":{"type":"Point","coordinates":[-1.4599999999999997,47.209999999999994]},"properties":{"id_point":"AROME_029_059","date_run":"2026-08-23T15:00:00Z","date_validite":"2026-08-23T17:00:00Z","echeance_h":2,"vent_ms":5.8,"vent_kmh":20.8,"vent_u_ms":-4.94,"vent_v_ms":-3.02,"direction_vent_deg":59.0,"direction_fleche_deg":239.0}},{"type":"Feature","geometry":{"type":"Point","coordinates":[-1.8200000000000005,47.2]},"properties":{"id_point":"AROME_030_023","date_run":"2026-08-23T15:00:00Z","date_validite":"2026-08-23T17:00:00Z","echeance_h":2,"vent_ms":6.0,"vent_kmh":21.8,"vent_u_ms":-5.54,"vent_v_ms":-2.42,"direction_vent_deg":66.0,"direction_fleche_deg":246.0}},{"type":"Feature","geometry":{"type":"Point","coordinates":[-1.8099999999999996,47.2]},"properties":{"id_point":"AROME_030_024","date_run":"2026-08-23T15:00:00Z","date_validite":"2026-08-23T17:00:00Z","echeance_h":2,"vent_ms":6.1,"vent_kmh":22.1,"vent_u_ms":-5.66,"vent_v_ms":-2.38,"direction_vent_deg":67.0,"direction_fleche_deg":247.0}},{"type":"Feature","geometry":{"type":"Point","coordinates":[-1.7999999999999994,47.2]},"properties":{"id_point":"AROME_030_025","date_run":"2026-08-23T15:00:00Z","date_validite":"2026-08-23T17:00:00Z","echeance_h":2,"vent_ms":6.2,"vent_kmh":22.2,"vent_u_ms":-5.71,"vent_v_ms":-2.32,"direction_vent_deg":68.0,"direction_fleche_deg":248.0}},{"type":"Feature","geometry":{"type":"Point","coordinates":[-1.79,47.2]},"properties":{"id_point":"AROME_030_026","date_run":"2026-08-23T15:00:00Z","date_validite":"2026-08-23T17:00:00Z","echeance_h":2,"vent_ms":6.1,"vent_kmh":21.9,"vent_u_ms":-5.65,"vent_v_ms":-2.23,"direction_vent_deg":68.0,"direction_fleche_deg":248.0}},{"type":"Feature","geometry":{"type":"Point","coordinates":[-1.7799999999999998,47.2]},"properties":{"id_point":"AROME_030_027","date_run":"2026-08-23T15:00:00Z","date_validite":"2026-08-23T17:00:00Z","echeance_h":2,"vent_ms":6.0,"vent_kmh":21.6,"vent_u_ms":-5.59,"vent_v_ms":-2.14,"direction_vent_deg":69.0,"direction_fleche_deg":249.0}},{"type":"Feature","geometry":{"type":"Point","coordinates":[-1.7499999999999993,47.2]},"properties":{"id_point":"AROME_030_030","date_run":"2026-08-23T15:00:00Z","date_validite":"2026-08-23T17:00:00Z","echeance_h":2,"vent_ms":6.4,"vent_kmh":23.0,"vent_u_ms":-6.04,"vent_v_ms":-2.1,"direction_vent_deg":71.0,"direction_fleche_deg":251.0}},{"type":"Feature","geometry":{"type":"Point","coordinates":[-1.7299999999999998,47.2]},"properties":{"id_point":"AROME_030_032","date_run":"2026-08-23T15:00:00Z","date_validite":"2026-08-23T17:00:00Z","echeance_h":2,"vent_ms":6.5,"vent_kmh":23.4,"vent_u_ms":-6.17,"vent_v_ms":-2.06,"direction_vent_deg":72.0,"direction_fleche_deg":252.0}},{"type":"Feature","geometry":{"type":"Point","coordinates":[-1.7199999999999995,47.2]},"properties":{"id_point":"AROME_030_033","date_run":"2026-08-23T15:00:00Z","date_validite":"2026-08-23T17:00:00Z","echeance_h":2,"vent_ms":6.6,"vent_kmh":23.6,"vent_u_ms":-6.24,"vent_v_ms":-2.05,"direction_vent_deg":72.0,"direction_fleche_deg":252.0}},{"type":"Feature","geometry":{"type":"Point","coordinates":[-1.7099999999999993,47.2]},"properties":{"id_point":"AROME_030_034","date_run":"2026-08-23T15:00:00Z","date_validite":"2026-08-23T17:00:00Z","echeance_h":2,"vent_ms":6.5,"vent_kmh":23.3,"vent_u_ms":-6.14,"vent_v_ms":-1.99,"direction_vent_deg":72.0,"direction_fleche_deg":252.0}},{"type":"Feature","geometry":{"type":"Point","coordinates":[-1.7,47.2]},"properties":{"id_point":"AROME_030_035","date_run":"2026-08-23T15:00:00Z","date_validite":"2026-08-23T17:00:00Z","echeance_h":2,"vent_ms":6.3,"vent_kmh":22.7,"vent_u_ms":-6.01,"vent_v_ms":-1.9,"direction_vent_deg":72.0,"direction_fleche_deg":252.0}},{"type":"Feature","geometry":{"type":"Point","coordinates":[-1.689999999999999,47.19999999999999]},"properties":{"id_point":"AROME_030_036","date_run":"2026-08-23T15:00:00Z","date_validite":"2026-08-23T17:00:00Z","echeance_h":2,"vent_ms":6.0,"vent_kmh":21.7,"vent_u_ms":-5.75,"vent_v_ms":-1.75,"direction_vent_deg":73.0,"direction_fleche_deg":253.0}},{"type":"Feature","geometry":{"type":"Point","coordinates":[-1.6800000000000004,47.2]},"properties":{"id_point":"AROME_030_037","date_run":"2026-08-23T15:00:00Z","date_validite":"2026-08-23T17:00:00Z","echeance_h":2,"vent_ms":5.9,"vent_kmh":21.2,"vent_u_ms":-5.66,"vent_v_ms":-1.65,"direction_vent_deg":74.0,"direction_fleche_deg":254.0}},{"type":"Feature","geometry":{"type":"Point","coordinates":[-1.6600000000000008,47.2]},"properties":{"id_point":"AROME_030_039","date_run":"2026-08-23T15:00:00Z","date_validite":"2026-08-23T17:00:00Z","echeance_h":2,"vent_ms":6.1,"vent_kmh":21.8,"vent_u_ms":-5.84,"vent_v_ms":-1.6,"direction_vent_deg":75.0,"direction_fleche_deg":255.0}},{"type":"Feature","geometry":{"type":"Point","coordinates":[-1.6499999999999992,47.2]},"properties":{"id_point":"AROME_030_040","date_run":"2026-08-23T15:00:00Z","date_validite":"2026-08-23T17:00:00Z","echeance_h":2,"vent_ms":5.9,"vent_kmh":21.4,"vent_u_ms":-5.74,"vent_v_ms":-1.54,"direction_vent_deg":75.0,"direction_fleche_deg":255.0}},{"type":"Feature","geometry":{"type":"Point","coordinates":[-1.6399999999999997,47.2]},"properties":{"id_point":"AROME_030_041","date_run":"2026-08-23T15:00:00Z","date_validite":"2026-08-23T17:00:00Z","echeance_h":2,"vent_ms":5.9,"vent_kmh":21.3,"vent_u_ms":-5.71,"vent_v_ms":-1.55,"direction_vent_deg":75.0,"direction_fleche_deg":255.0}},{"type":"Feature","geometry":{"type":"Point","coordinates":[-1.6100000000000008,47.2]},"properties":{"id_point":"AROME_030_044","date_run":"2026-08-23T15:00:00Z","date_validite":"2026-08-23T17:00:00Z","echeance_h":2,"vent_ms":6.2,"vent_kmh":22.3,"vent_u_ms":-5.92,"vent_v_ms":-1.8,"direction_vent_deg":73.0,"direction_fleche_deg":253.0}},{"type":"Feature","geometry":{"type":"Point","coordinates":[-1.6000000000000008,47.2]},"properties":{"id_point":"AROME_030_045","date_run":"2026-08-23T15:00:00Z","date_validite":"2026-08-23T17:00:00Z","echeance_h":2,"vent_ms":6.3,"vent_kmh":22.7,"vent_u_ms":-6.0,"vent_v_ms":-1.92,"direction_vent_deg":72.0,"direction_fleche_deg":252.0}},{"type":"Feature","geometry":{"type":"Point","coordinates":[-1.5699999999999994,47.2]},"properties":{"id_point":"AROME_030_048","date_run":"2026-08-23T15:00:00Z","date_validite":"2026-08-23T17:00:00Z","echeance_h":2,"vent_ms":6.1,"vent_kmh":21.9,"vent_u_ms":-5.73,"vent_v_ms":-2.07,"direction_vent_deg":70.0,"direction_fleche_deg":250.0}},{"type":"Feature","geometry":{"type":"Point","coordinates":[-1.5499999999999998,47.2]},"properties":{"id_point":"AROME_030_050","date_run":"2026-08-23T15:00:00Z","date_validite":"2026-08-23T17:00:00Z","echeance_h":2,"vent_ms":6.1,"vent_kmh":22.0,"vent_u_ms":-5.71,"vent_v_ms":-2.2,"direction_vent_deg":69.0,"direction_fleche_deg":249.0}},{"type":"Feature","geometry":{"type":"Point","coordinates":[-1.4899999999999995,47.2]},"properties":{"id_point":"AROME_030_056","date_run":"2026-08-23T15:00:00Z","date_validite":"2026-08-23T17:00:00Z","echeance_h":2,"vent_ms":5.9,"vent_kmh":21.2,"vent_u_ms":-5.16,"vent_v_ms":-2.86,"direction_vent_deg":61.0,"direction_fleche_deg":241.0}},{"type":"Feature","geometry":{"type":"Point","coordinates":[-1.4800000000000002,47.2]},"properties":{"id_point":"AROME_030_057","date_run":"2026-08-23T15:00:00Z","date_validite":"2026-08-23T17:00:00Z","echeance_h":2,"vent_ms":5.8,"vent_kmh":20.8,"vent_u_ms":-4.94,"vent_v_ms":-2.98,"direction_vent_deg":59.0,"direction_fleche_deg":239.0}},{"type":"Feature","geometry":{"type":"Point","coordinates":[-1.4699999999999993,47.2]},"properties":{"id_point":"AROME_030_058","date_run":"2026-08-23T15:00:00Z","date_validite":"2026-08-23T17:00:00Z","echeance_h":2,"vent_ms":5.7,"vent_kmh":20.6,"vent_u_ms":-4.81,"vent_v_ms":-3.12,"direction_vent_deg":57.0,"direction_fleche_deg":237.0}},{"type":"Feature","geometry":{"type":"Point","coordinates":[-1.4599999999999997,47.2]},"properties":{"id_point":"AROME_030_059","date_run":"2026-08-23T15:00:00Z","date_validite":"2026-08-23T17:00:00Z","echeance_h":2,"vent_ms":5.8,"vent_kmh":20.7,"vent_u_ms":-4.73,"vent_v_ms":-3.27,"direction_vent_deg":55.0,"direction_fleche_deg":235.0}},{"type":"Feature","geometry":{"type":"Point","coordinates":[-1.7999999999999994,47.190000000000005]},"properties":{"id_point":"AROME_031_025","date_run":"2026-08-23T15:00:00Z","date_validite":"2026-08-23T17:00:00Z","echeance_h":2,"vent_ms":6.0,"vent_kmh":21.6,"vent_u_ms":-5.56,"vent_v_ms":-2.24,"direction_vent_deg":68.0,"direction_fleche_deg":248.0}},{"type":"Feature","geometry":{"type":"Point","coordinates":[-1.7899999999999985,47.18999999999999]},"properties":{"id_point":"AROME_031_026","date_run":"2026-08-23T15:00:00Z","date_validite":"2026-08-23T17:00:00Z","echeance_h":2,"vent_ms":6.0,"vent_kmh":21.7,"vent_u_ms":-5.6,"vent_v_ms":-2.2,"direction_vent_deg":69.0,"direction_fleche_deg":249.0}},{"type":"Feature","geometry":{"type":"Point","coordinates":[-1.7799999999999998,47.190000000000005]},"properties":{"id_point":"AROME_031_027","date_run":"2026-08-23T15:00:00Z","date_validite":"2026-08-23T17:00:00Z","echeance_h":2,"vent_ms":6.1,"vent_kmh":22.1,"vent_u_ms":-5.72,"vent_v_ms":-2.18,"direction_vent_deg":69.0,"direction_fleche_deg":249.0}},{"type":"Feature","geometry":{"type":"Point","coordinates":[-1.7700000000000005,47.190000000000005]},"properties":{"id_point":"AROME_031_028","date_run":"2026-08-23T15:00:00Z","date_validite":"2026-08-23T17:00:00Z","echeance_h":2,"vent_ms":6.3,"vent_kmh":22.6,"vent_u_ms":-5.89,"vent_v_ms":-2.19,"direction_vent_deg":70.0,"direction_fleche_deg":250.0}},{"type":"Feature","geometry":{"type":"Point","coordinates":[-1.7600000000000002,47.19000000000001]},"properties":{"id_point":"AROME_031_029","date_run":"2026-08-23T15:00:00Z","date_validite":"2026-08-23T17:00:00Z","echeance_h":2,"vent_ms":6.4,"vent_kmh":23.0,"vent_u_ms":-5.99,"vent_v_ms":-2.18,"direction_vent_deg":70.0,"direction_fleche_deg":250.0}},{"type":"Feature","geometry":{"type":"Point","coordinates":[-1.75,47.190000000000005]},"properties":{"id_point":"AROME_031_030","date_run":"2026-08-23T15:00:00Z","date_validite":"2026-08-23T17:00:00Z","echeance_h":2,"vent_ms":6.4,"vent_kmh":23.1,"vent_u_ms":-6.04,"vent_v_ms":-2.17,"direction_vent_deg":70.0,"direction_fleche_deg":250.0}},{"type":"Feature","geometry":{"type":"Point","coordinates":[-1.739999999999999,47.190000000000005]},"properties":{"id_point":"AROME_031_031","date_run":"2026-08-23T15:00:00Z","date_validite":"2026-08-23T17:00:00Z","echeance_h":2,"vent_ms":6.3,"vent_kmh":22.5,"vent_u_ms":-5.89,"vent_v_ms":-2.09,"direction_vent_deg":70.0,"direction_fleche_deg":250.0}},{"type":"Feature","geometry":{"type":"Point","coordinates":[-1.7299999999999998,47.190000000000005]},"properties":{"id_point":"AROME_031_032","date_run":"2026-08-23T15:00:00Z","date_validite":"2026-08-23T17:00:00Z","echeance_h":2,"vent_ms":6.2,"vent_kmh":22.2,"vent_u_ms":-5.83,"vent_v_ms":-2.05,"direction_vent_deg":71.0,"direction_fleche_deg":251.0}},{"type":"Feature","geometry":{"type":"Point","coordinates":[-1.7200000000000004,47.190000000000005]},"properties":{"id_point":"AROME_031_033","date_run":"2026-08-23T15:00:00Z","date_validite":"2026-08-23T17:00:00Z","echeance_h":2,"vent_ms":6.2,"vent_kmh":22.4,"vent_u_ms":-5.89,"vent_v_ms":-2.03,"direction_vent_deg":71.0,"direction_fleche_deg":251.0}},{"type":"Feature","geometry":{"type":"Point","coordinates":[-1.7,47.190000000000005]},"properties":{"id_point":"AROME_031_035","date_run":"2026-08-23T15:00:00Z","date_validite":"2026-08-23T17:00:00Z","echeance_h":2,"vent_ms":6.1,"vent_kmh":22.1,"vent_u_ms":-5.82,"vent_v_ms":-1.91,"direction_vent_deg":72.0,"direction_fleche_deg":252.0}},{"type":"Feature","geometry":{"type":"Point","coordinates":[-1.6799999999999997,47.190000000000005]},"properties":{"id_point":"AROME_031_037","date_run":"2026-08-23T15:00:00Z","date_validite":"2026-08-23T17:00:00Z","echeance_h":2,"vent_ms":5.8,"vent_kmh":20.8,"vent_u_ms":-5.5,"vent_v_ms":-1.74,"direction_vent_deg":72.0,"direction_fleche_deg":252.0}},{"type":"Feature","geometry":{"type":"Point","coordinates":[-1.670000000000001,47.19000000000001]},"properties":{"id_point":"AROME_031_038","date_run":"2026-08-23T15:00:00Z","date_validite":"2026-08-23T17:00:00Z","echeance_h":2,"vent_ms":5.9,"vent_kmh":21.3,"vent_u_ms":-5.65,"vent_v_ms":-1.75,"direction_vent_deg":73.0,"direction_fleche_deg":253.0}},{"type":"Feature","geometry":{"type":"Point","coordinates":[-1.6599999999999993,47.190000000000005]},"properties":{"id_point":"AROME_031_039","date_run":"2026-08-23T15:00:00Z","date_validite":"2026-08-23T17:00:00Z","echeance_h":2,"vent_ms":6.0,"vent_kmh":21.6,"vent_u_ms":-5.74,"vent_v_ms":-1.75,"direction_vent_deg":73.0,"direction_fleche_deg":253.0}},{"type":"Feature","geometry":{"type":"Point","coordinates":[-1.6499999999999992,47.190000000000005]},"properties":{"id_point":"AROME_031_040","date_run":"2026-08-23T15:00:00Z","date_validite":"2026-08-23T17:00:00Z","echeance_h":2,"vent_ms":6.0,"vent_kmh":21.7,"vent_u_ms":-5.78,"vent_v_ms":-1.74,"direction_vent_deg":73.0,"direction_fleche_deg":253.0}},{"type":"Feature","geometry":{"type":"Point","coordinates":[-1.6199999999999994,47.190000000000005]},"properties":{"id_point":"AROME_031_043","date_run":"2026-08-23T15:00:00Z","date_validite":"2026-08-23T17:00:00Z","echeance_h":2,"vent_ms":6.2,"vent_kmh":22.2,"vent_u_ms":-5.88,"vent_v_ms":-1.92,"direction_vent_deg":72.0,"direction_fleche_deg":252.0}},{"type":"Feature","geometry":{"type":"Point","coordinates":[-1.61,47.19000000000001]},"properties":{"id_point":"AROME_031_044","date_run":"2026-08-23T15:00:00Z","date_validite":"2026-08-23T17:00:00Z","echeance_h":2,"vent_ms":6.2,"vent_kmh":22.4,"vent_u_ms":-5.89,"vent_v_ms":-2.03,"direction_vent_deg":71.0,"direction_fleche_deg":251.0}},{"type":"Feature","geometry":{"type":"Point","coordinates":[-1.5800000000000003,47.190000000000005]},"properties":{"id_point":"AROME_031_047","date_run":"2026-08-23T15:00:00Z","date_validite":"2026-08-23T17:00:00Z","echeance_h":2,"vent_ms":6.2,"vent_kmh":22.5,"vent_u_ms":-5.79,"vent_v_ms":-2.34,"direction_vent_deg":68.0,"direction_fleche_deg":248.0}},{"type":"Feature","geometry":{"type":"Point","coordinates":[-1.5400000000000005,47.190000000000005]},"properties":{"id_point":"AROME_031_051","date_run":"2026-08-23T15:00:00Z","date_validite":"2026-08-23T17:00:00Z","echeance_h":2,"vent_ms":6.3,"vent_kmh":22.7,"vent_u_ms":-5.75,"vent_v_ms":-2.57,"direction_vent_deg":66.0,"direction_fleche_deg":246.0}},{"type":"Feature","geometry":{"type":"Point","coordinates":[-1.4800000000000002,47.190000000000005]},"properties":{"id_point":"AROME_031_057","date_run":"2026-08-23T15:00:00Z","date_validite":"2026-08-23T17:00:00Z","echeance_h":2,"vent_ms":5.6,"vent_kmh":20.1,"vent_u_ms":-4.64,"vent_v_ms":-3.12,"direction_vent_deg":56.0,"direction_fleche_deg":236.0}},{"type":"Feature","geometry":{"type":"Point","coordinates":[-1.4699999999999993,47.190000000000005]},"properties":{"id_point":"AROME_031_058","date_run":"2026-08-23T15:00:00Z","date_validite":"2026-08-23T17:00:00Z","echeance_h":2,"vent_ms":5.5,"vent_kmh":20.0,"vent_u_ms":-4.53,"vent_v_ms":-3.21,"direction_vent_deg":55.0,"direction_fleche_deg":235.0}},{"type":"Feature","geometry":{"type":"Point","coordinates":[-1.4600000000000006,47.190000000000005]},"properties":{"id_point":"AROME_031_059","date_run":"2026-08-23T15:00:00Z","date_validite":"2026-08-23T17:00:00Z","echeance_h":2,"vent_ms":5.5,"vent_kmh":19.9,"vent_u_ms":-4.44,"vent_v_ms":-3.28,"direction_vent_deg":54.0,"direction_fleche_deg":234.0}},{"type":"Feature","geometry":{"type":"Point","coordinates":[-1.4499999999999997,47.190000000000005]},"properties":{"id_point":"AROME_031_060","date_run":"2026-08-23T15:00:00Z","date_validite":"2026-08-23T17:00:00Z","echeance_h":2,"vent_ms":5.5,"vent_kmh":19.7,"vent_u_ms":-4.41,"vent_v_ms":-3.24,"direction_vent_deg":54.0,"direction_fleche_deg":234.0}},{"type":"Feature","geometry":{"type":"Point","coordinates":[-1.7599999999999987,47.18000000000001]},"properties":{"id_point":"AROME_032_029","date_run":"2026-08-23T15:00:00Z","date_validite":"2026-08-23T17:00:00Z","echeance_h":2,"vent_ms":5.9,"vent_kmh":21.4,"vent_u_ms":-5.58,"vent_v_ms":-2.04,"direction_vent_deg":70.0,"direction_fleche_deg":250.0}},{"type":"Feature","geometry":{"type":"Point","coordinates":[-1.7499999999999993,47.18000000000001]},"properties":{"id_point":"AROME_032_030","date_run":"2026-08-23T15:00:00Z","date_validite":"2026-08-23T17:00:00Z","echeance_h":2,"vent_ms":6.1,"vent_kmh":21.8,"vent_u_ms":-5.68,"vent_v_ms":-2.09,"direction_vent_deg":70.0,"direction_fleche_deg":250.0}},{"type":"Feature","geometry":{"type":"Point","coordinates":[-1.74,47.18000000000001]},"properties":{"id_point":"AROME_032_031","date_run":"2026-08-23T15:00:00Z","date_validite":"2026-08-23T17:00:00Z","echeance_h":2,"vent_ms":6.0,"vent_kmh":21.7,"vent_u_ms":-5.66,"vent_v_ms":-2.08,"direction_vent_deg":70.0,"direction_fleche_deg":250.0}},{"type":"Feature","geometry":{"type":"Point","coordinates":[-1.7300000000000004,47.18000000000001]},"properties":{"id_point":"AROME_032_032","date_run":"2026-08-23T15:00:00Z","date_validite":"2026-08-23T17:00:00Z","echeance_h":2,"vent_ms":6.0,"vent_kmh":21.6,"vent_u_ms":-5.64,"vent_v_ms":-2.07,"direction_vent_deg":70.0,"direction_fleche_deg":250.0}},{"type":"Feature","geometry":{"type":"Point","coordinates":[-1.7199999999999995,47.18000000000001]},"properties":{"id_point":"AROME_032_033","date_run":"2026-08-23T15:00:00Z","date_validite":"2026-08-23T17:00:00Z","echeance_h":2,"vent_ms":6.0,"vent_kmh":21.5,"vent_u_ms":-5.62,"vent_v_ms":-2.03,"direction_vent_deg":70.0,"direction_fleche_deg":250.0}},{"type":"Feature","geometry":{"type":"Point","coordinates":[-1.7099999999999993,47.18000000000001]},"properties":{"id_point":"AROME_032_034","date_run":"2026-08-23T15:00:00Z","date_validite":"2026-08-23T17:00:00Z","echeance_h":2,"vent_ms":5.9,"vent_kmh":21.2,"vent_u_ms":-5.56,"vent_v_ms":-1.99,"direction_vent_deg":70.0,"direction_fleche_deg":250.0}},{"type":"Feature","geometry":{"type":"Point","coordinates":[-1.6999999999999993,47.18000000000001]},"properties":{"id_point":"AROME_032_035","date_run":"2026-08-23T15:00:00Z","date_validite":"2026-08-23T17:00:00Z","echeance_h":2,"vent_ms":5.8,"vent_kmh":20.9,"vent_u_ms":-5.48,"vent_v_ms":-1.93,"direction_vent_deg":71.0,"direction_fleche_deg":251.0}},{"type":"Feature","geometry":{"type":"Point","coordinates":[-1.689999999999999,47.18000000000001]},"properties":{"id_point":"AROME_032_036","date_run":"2026-08-23T15:00:00Z","date_validite":"2026-08-23T17:00:00Z","echeance_h":2,"vent_ms":5.8,"vent_kmh":21.0,"vent_u_ms":-5.5,"vent_v_ms":-1.93,"direction_vent_deg":71.0,"direction_fleche_deg":251.0}},{"type":"Feature","geometry":{"type":"Point","coordinates":[-1.6799999999999997,47.18000000000001]},"properties":{"id_point":"AROME_032_037","date_run":"2026-08-23T15:00:00Z","date_validite":"2026-08-23T17:00:00Z","echeance_h":2,"vent_ms":5.9,"vent_kmh":21.3,"vent_u_ms":-5.58,"vent_v_ms":-1.96,"direction_vent_deg":71.0,"direction_fleche_deg":251.0}},{"type":"Feature","geometry":{"type":"Point","coordinates":[-1.6699999999999995,47.18000000000001]},"properties":{"id_point":"AROME_032_038","date_run":"2026-08-23T15:00:00Z","date_validite":"2026-08-23T17:00:00Z","echeance_h":2,"vent_ms":6.2,"vent_kmh":22.2,"vent_u_ms":-5.83,"vent_v_ms":-2.05,"direction_vent_deg":71.0,"direction_fleche_deg":251.0}},{"type":"Feature","geometry":{"type":"Point","coordinates":[-1.6599999999999993,47.18000000000001]},"properties":{"id_point":"AROME_032_039","date_run":"2026-08-23T15:00:00Z","date_validite":"2026-08-23T17:00:00Z","echeance_h":2,"vent_ms":6.3,"vent_kmh":22.8,"vent_u_ms":-5.98,"vent_v_ms":-2.11,"direction_vent_deg":71.0,"direction_fleche_deg":251.0}},{"type":"Feature","geometry":{"type":"Point","coordinates":[-1.65,47.18000000000001]},"properties":{"id_point":"AROME_032_040","date_run":"2026-08-23T15:00:00Z","date_validite":"2026-08-23T17:00:00Z","echeance_h":2,"vent_ms":6.3,"vent_kmh":22.8,"vent_u_ms":-5.98,"vent_v_ms":-2.14,"direction_vent_deg":70.0,"direction_fleche_deg":250.0}},{"type":"Feature","geometry":{"type":"Point","coordinates":[-1.639999999999999,47.18000000000001]},"properties":{"id_point":"AROME_032_041","date_run":"2026-08-23T15:00:00Z","date_validite":"2026-08-23T17:00:00Z","echeance_h":2,"vent_ms":6.3,"vent_kmh":22.6,"vent_u_ms":-5.9,"vent_v_ms":-2.16,"direction_vent_deg":70.0,"direction_fleche_deg":250.0}},{"type":"Feature","geometry":{"type":"Point","coordinates":[-1.6300000000000003,47.18000000000001]},"properties":{"id_point":"AROME_032_042","date_run":"2026-08-23T15:00:00Z","date_validite":"2026-08-23T17:00:00Z","echeance_h":2,"vent_ms":6.2,"vent_kmh":22.3,"vent_u_ms":-5.81,"vent_v_ms":-2.19,"direction_vent_deg":69.0,"direction_fleche_deg":249.0}},{"type":"Feature","geometry":{"type":"Point","coordinates":[-1.5300000000000002,47.18000000000001]},"properties":{"id_point":"AROME_032_052","date_run":"2026-08-23T15:00:00Z","date_validite":"2026-08-23T17:00:00Z","echeance_h":2,"vent_ms":6.3,"vent_kmh":22.8,"vent_u_ms":-5.61,"vent_v_ms":-2.92,"direction_vent_deg":62.0,"direction_fleche_deg":242.0}},{"type":"Feature","geometry":{"type":"Point","coordinates":[-1.5199999999999994,47.180000000000014]},"properties":{"id_point":"AROME_032_053","date_run":"2026-08-23T15:00:00Z","date_validite":"2026-08-23T17:00:00Z","echeance_h":2,"vent_ms":6.2,"vent_kmh":22.4,"vent_u_ms":-5.42,"vent_v_ms":-3.02,"direction_vent_deg":61.0,"direction_fleche_deg":241.0}},{"type":"Feature","geometry":{"type":"Point","coordinates":[-1.5000000000000004,47.180000000000014]},"properties":{"id_point":"AROME_032_055","date_run":"2026-08-23T15:00:00Z","date_validite":"2026-08-23T17:00:00Z","echeance_h":2,"vent_ms":5.8,"vent_kmh":20.8,"vent_u_ms":-4.88,"vent_v_ms":-3.11,"direction_vent_deg":57.0,"direction_fleche_deg":237.0}},{"type":"Feature","geometry":{"type":"Point","coordinates":[-1.4699999999999993,47.18000000000001]},"properties":{"id_point":"AROME_032_058","date_run":"2026-08-23T15:00:00Z","date_validite":"2026-08-23T17:00:00Z","echeance_h":2,"vent_ms":5.4,"vent_kmh":19.4,"vent_u_ms":-4.34,"vent_v_ms":-3.19,"direction_vent_deg":54.0,"direction_fleche_deg":234.0}},{"type":"Feature","geometry":{"type":"Point","coordinates":[-1.459999999999999,47.18000000000001]},"properties":{"id_point":"AROME_032_059","date_run":"2026-08-23T15:00:00Z","date_validite":"2026-08-23T17:00:00Z","echeance_h":2,"vent_ms":5.4,"vent_kmh":19.4,"vent_u_ms":-4.35,"vent_v_ms":-3.2,"direction_vent_deg":54.0,"direction_fleche_deg":234.0}},{"type":"Feature","geometry":{"type":"Point","coordinates":[-1.4399999999999995,47.18000000000001]},"properties":{"id_point":"AROME_032_061","date_run":"2026-08-23T15:00:00Z","date_validite":"2026-08-23T17:00:00Z","echeance_h":2,"vent_ms":5.3,"vent_kmh":19.1,"vent_u_ms":-4.41,"vent_v_ms":-2.96,"direction_vent_deg":56.0,"direction_fleche_deg":236.0}},{"type":"Feature","geometry":{"type":"Point","coordinates":[-1.4299999999999993,47.18000000000001]},"properties":{"id_point":"AROME_032_062","date_run":"2026-08-23T15:00:00Z","date_validite":"2026-08-23T17:00:00Z","echeance_h":2,"vent_ms":5.2,"vent_kmh":18.7,"vent_u_ms":-4.4,"vent_v_ms":-2.76,"direction_vent_deg":58.0,"direction_fleche_deg":238.0}},{"type":"Feature","geometry":{"type":"Point","coordinates":[-1.419999999999999,47.18000000000001]},"properties":{"id_point":"AROME_032_063","date_run":"2026-08-23T15:00:00Z","date_validite":"2026-08-23T17:00:00Z","echeance_h":2,"vent_ms":5.1,"vent_kmh":18.5,"vent_u_ms":-4.44,"vent_v_ms":-2.59,"direction_vent_deg":60.0,"direction_fleche_deg":240.0}},{"type":"Feature","geometry":{"type":"Point","coordinates":[-1.7700000000000011,47.170000000000016]},"properties":{"id_point":"AROME_033_028","date_run":"2026-08-23T15:00:00Z","date_validite":"2026-08-23T17:00:00Z","echeance_h":2,"vent_ms":5.7,"vent_kmh":20.4,"vent_u_ms":-5.32,"vent_v_ms":-1.95,"direction_vent_deg":70.0,"direction_fleche_deg":250.0}},{"type":"Feature","geometry":{"type":"Point","coordinates":[-1.7599999999999996,47.17]},"properties":{"id_point":"AROME_033_029","date_run":"2026-08-23T15:00:00Z","date_validite":"2026-08-23T17:00:00Z","echeance_h":2,"vent_ms":5.8,"vent_kmh":20.8,"vent_u_ms":-5.41,"vent_v_ms":-2.0,"direction_vent_deg":70.0,"direction_fleche_deg":250.0}},{"type":"Feature","geometry":{"type":"Point","coordinates":[-1.7499999999999993,47.17]},"properties":{"id_point":"AROME_033_030","date_run":"2026-08-23T15:00:00Z","date_validite":"2026-08-23T17:00:00Z","echeance_h":2,"vent_ms":5.9,"vent_kmh":21.3,"vent_u_ms":-5.53,"vent_v_ms":-2.09,"direction_vent_deg":69.0,"direction_fleche_deg":249.0}},{"type":"Feature","geometry":{"type":"Point","coordinates":[-1.7400000000000007,47.17]},"properties":{"id_point":"AROME_033_031","date_run":"2026-08-23T15:00:00Z","date_validite":"2026-08-23T17:00:00Z","echeance_h":2,"vent_ms":6.0,"vent_kmh":21.4,"vent_u_ms":-5.57,"vent_v_ms":-2.12,"direction_vent_deg":69.0,"direction_fleche_deg":249.0}},{"type":"Feature","geometry":{"type":"Point","coordinates":[-1.7300000000000013,47.170000000000016]},"properties":{"id_point":"AROME_033_032","date_run":"2026-08-23T15:00:00Z","date_validite":"2026-08-23T17:00:00Z","echeance_h":2,"vent_ms":6.0,"vent_kmh":21.5,"vent_u_ms":-5.59,"vent_v_ms":-2.14,"direction_vent_deg":69.0,"direction_fleche_deg":249.0}},{"type":"Feature","geometry":{"type":"Point","coordinates":[-1.7100000000000002,47.17]},"properties":{"id_point":"AROME_033_034","date_run":"2026-08-23T15:00:00Z","date_validite":"2026-08-23T17:00:00Z","echeance_h":2,"vent_ms":6.1,"vent_kmh":21.8,"vent_u_ms":-5.66,"vent_v_ms":-2.14,"direction_vent_deg":69.0,"direction_fleche_deg":249.0}},{"type":"Feature","geometry":{"type":"Point","coordinates":[-1.6999999999999993,47.17]},"properties":{"id_point":"AROME_033_035","date_run":"2026-08-23T15:00:00Z","date_validite":"2026-08-23T17:00:00Z","echeance_h":2,"vent_ms":6.1,"vent_kmh":21.9,"vent_u_ms":-5.67,"vent_v_ms":-2.14,"direction_vent_deg":69.0,"direction_fleche_deg":249.0}},{"type":"Feature","geometry":{"type":"Point","coordinates":[-1.689999999999999,47.17]},"properties":{"id_point":"AROME_033_036","date_run":"2026-08-23T15:00:00Z","date_validite":"2026-08-23T17:00:00Z","echeance_h":2,"vent_ms":6.1,"vent_kmh":22.0,"vent_u_ms":-5.71,"vent_v_ms":-2.17,"direction_vent_deg":69.0,"direction_fleche_deg":249.0}},{"type":"Feature","geometry":{"type":"Point","coordinates":[-1.6799999999999997,47.17]},"properties":{"id_point":"AROME_033_037","date_run":"2026-08-23T15:00:00Z","date_validite":"2026-08-23T17:00:00Z","echeance_h":2,"vent_ms":6.1,"vent_kmh":22.1,"vent_u_ms":-5.74,"vent_v_ms":-2.21,"direction_vent_deg":69.0,"direction_fleche_deg":249.0}},{"type":"Feature","geometry":{"type":"Point","coordinates":[-1.6699999999999995,47.17]},"properties":{"id_point":"AROME_033_038","date_run":"2026-08-23T15:00:00Z","date_validite":"2026-08-23T17:00:00Z","echeance_h":2,"vent_ms":6.2,"vent_kmh":22.3,"vent_u_ms":-5.78,"vent_v_ms":-2.24,"direction_vent_deg":69.0,"direction_fleche_deg":249.0}},{"type":"Feature","geometry":{"type":"Point","coordinates":[-1.6600000000000001,47.17]},"properties":{"id_point":"AROME_033_039","date_run":"2026-08-23T15:00:00Z","date_validite":"2026-08-23T17:00:00Z","echeance_h":2,"vent_ms":6.2,"vent_kmh":22.4,"vent_u_ms":-5.78,"vent_v_ms":-2.28,"direction_vent_deg":68.0,"direction_fleche_deg":248.0}},{"type":"Feature","geometry":{"type":"Point","coordinates":[-1.65,47.17]},"properties":{"id_point":"AROME_033_040","date_run":"2026-08-23T15:00:00Z","date_validite":"2026-08-23T17:00:00Z","echeance_h":2,"vent_ms":6.2,"vent_kmh":22.2,"vent_u_ms":-5.72,"vent_v_ms":-2.32,"direction_vent_deg":68.0,"direction_fleche_deg":248.0}},{"type":"Feature","geometry":{"type":"Point","coordinates":[-1.6400000000000006,47.170000000000016]},"properties":{"id_point":"AROME_033_041","date_run":"2026-08-23T15:00:00Z","date_validite":"2026-08-23T17:00:00Z","echeance_h":2,"vent_ms":6.1,"vent_kmh":21.8,"vent_u_ms":-5.58,"vent_v_ms":-2.36,"direction_vent_deg":67.0,"direction_fleche_deg":247.0}},{"type":"Feature","geometry":{"type":"Point","coordinates":[-1.6100000000000008,47.170000000000016]},"properties":{"id_point":"AROME_033_044","date_run":"2026-08-23T15:00:00Z","date_validite":"2026-08-23T17:00:00Z","echeance_h":2,"vent_ms":6.1,"vent_kmh":21.9,"vent_u_ms":-5.51,"vent_v_ms":-2.56,"direction_vent_deg":65.0,"direction_fleche_deg":245.0}},{"type":"Feature","geometry":{"type":"Point","coordinates":[-1.599999999999999,47.17]},"properties":{"id_point":"AROME_033_045","date_run":"2026-08-23T15:00:00Z","date_validite":"2026-08-23T17:00:00Z","echeance_h":2,"vent_ms":6.2,"vent_kmh":22.4,"vent_u_ms":-5.64,"vent_v_ms":-2.65,"direction_vent_deg":65.0,"direction_fleche_deg":245.0}},{"type":"Feature","geometry":{"type":"Point","coordinates":[-1.5899999999999996,47.17]},"properties":{"id_point":"AROME_033_046","date_run":"2026-08-23T15:00:00Z","date_validite":"2026-08-23T17:00:00Z","echeance_h":2,"vent_ms":6.4,"vent_kmh":22.9,"vent_u_ms":-5.75,"vent_v_ms":-2.73,"direction_vent_deg":65.0,"direction_fleche_deg":245.0}},{"type":"Feature","geometry":{"type":"Point","coordinates":[-1.57,47.17]},"properties":{"id_point":"AROME_033_048","date_run":"2026-08-23T15:00:00Z","date_validite":"2026-08-23T17:00:00Z","echeance_h":2,"vent_ms":6.6,"vent_kmh":23.9,"vent_u_ms":-5.96,"vent_v_ms":-2.88,"direction_vent_deg":64.0,"direction_fleche_deg":244.0}},{"type":"Feature","geometry":{"type":"Point","coordinates":[-1.5399999999999996,47.17]},"properties":{"id_point":"AROME_033_051","date_run":"2026-08-23T15:00:00Z","date_validite":"2026-08-23T17:00:00Z","echeance_h":2,"vent_ms":6.4,"vent_kmh":23.0,"vent_u_ms":-5.61,"vent_v_ms":-3.02,"direction_vent_deg":62.0,"direction_fleche_deg":242.0}},{"type":"Feature","geometry":{"type":"Point","coordinates":[-1.5299999999999994,47.17]},"properties":{"id_point":"AROME_033_052","date_run":"2026-08-23T15:00:00Z","date_validite":"2026-08-23T17:00:00Z","echeance_h":2,"vent_ms":6.2,"vent_kmh":22.2,"vent_u_ms":-5.37,"vent_v_ms":-3.07,"direction_vent_deg":60.0,"direction_fleche_deg":240.0}},{"type":"Feature","geometry":{"type":"Point","coordinates":[-1.5199999999999994,47.17]},"properties":{"id_point":"AROME_033_053","date_run":"2026-08-23T15:00:00Z","date_validite":"2026-08-23T17:00:00Z","echeance_h":2,"vent_ms":6.1,"vent_kmh":21.9,"vent_u_ms":-5.2,"vent_v_ms":-3.16,"direction_vent_deg":59.0,"direction_fleche_deg":239.0}},{"type":"Feature","geometry":{"type":"Point","coordinates":[-1.490000000000001,47.170000000000016]},"properties":{"id_point":"AROME_033_056","date_run":"2026-08-23T15:00:00Z","date_validite":"2026-08-23T17:00:00Z","echeance_h":2,"vent_ms":5.5,"vent_kmh":19.8,"vent_u_ms":-4.47,"vent_v_ms":-3.19,"direction_vent_deg":54.0,"direction_fleche_deg":234.0}},{"type":"Feature","geometry":{"type":"Point","coordinates":[-1.4599999999999997,47.17]},"properties":{"id_point":"AROME_033_059","date_run":"2026-08-23T15:00:00Z","date_validite":"2026-08-23T17:00:00Z","echeance_h":2,"vent_ms":5.4,"vent_kmh":19.4,"vent_u_ms":-4.44,"vent_v_ms":-3.05,"direction_vent_deg":56.0,"direction_fleche_deg":236.0}},{"type":"Feature","geometry":{"type":"Point","coordinates":[-1.4499999999999997,47.170000000000016]},"properties":{"id_point":"AROME_033_060","date_run":"2026-08-23T15:00:00Z","date_validite":"2026-08-23T17:00:00Z","echeance_h":2,"vent_ms":5.3,"vent_kmh":19.2,"vent_u_ms":-4.47,"vent_v_ms":-2.89,"direction_vent_deg":57.0,"direction_fleche_deg":237.0}},{"type":"Feature","geometry":{"type":"Point","coordinates":[-1.4399999999999986,47.169999999999995]},"properties":{"id_point":"AROME_033_061","date_run":"2026-08-23T15:00:00Z","date_validite":"2026-08-23T17:00:00Z","echeance_h":2,"vent_ms":5.2,"vent_kmh":18.7,"vent_u_ms":-4.46,"vent_v_ms":-2.69,"direction_vent_deg":59.0,"direction_fleche_deg":239.0}},{"type":"Feature","geometry":{"type":"Point","coordinates":[-1.4300000000000002,47.17]},"properties":{"id_point":"AROME_033_062","date_run":"2026-08-23T15:00:00Z","date_validite":"2026-08-23T17:00:00Z","echeance_h":2,"vent_ms":5.1,"vent_kmh":18.3,"vent_u_ms":-4.44,"vent_v_ms":-2.48,"direction_vent_deg":61.0,"direction_fleche_deg":241.0}},{"type":"Feature","geometry":{"type":"Point","coordinates":[-1.74,47.160000000000025]},"properties":{"id_point":"AROME_034_031","date_run":"2026-08-23T15:00:00Z","date_validite":"2026-08-23T17:00:00Z","echeance_h":2,"vent_ms":6.0,"vent_kmh":21.7,"vent_u_ms":-5.61,"vent_v_ms":-2.23,"direction_vent_deg":68.0,"direction_fleche_deg":248.0}},{"type":"Feature","geometry":{"type":"Point","coordinates":[-1.7300000000000004,47.160000000000025]},"properties":{"id_point":"AROME_034_032","date_run":"2026-08-23T15:00:00Z","date_validite":"2026-08-23T17:00:00Z","echeance_h":2,"vent_ms":6.0,"vent_kmh":21.7,"vent_u_ms":-5.61,"vent_v_ms":-2.24,"direction_vent_deg":68.0,"direction_fleche_deg":248.0}},{"type":"Feature","geometry":{"type":"Point","coordinates":[-1.7199999999999995,47.160000000000004]},"properties":{"id_point":"AROME_034_033","date_run":"2026-08-23T15:00:00Z","date_validite":"2026-08-23T17:00:00Z","echeance_h":2,"vent_ms":6.1,"vent_kmh":21.9,"vent_u_ms":-5.65,"vent_v_ms":-2.24,"direction_vent_deg":68.0,"direction_fleche_deg":248.0}},{"type":"Feature","geometry":{"type":"Point","coordinates":[-1.7100000000000002,47.160000000000025]},"properties":{"id_point":"AROME_034_034","date_run":"2026-08-23T15:00:00Z","date_validite":"2026-08-23T17:00:00Z","echeance_h":2,"vent_ms":6.1,"vent_kmh":22.0,"vent_u_ms":-5.68,"vent_v_ms":-2.26,"direction_vent_deg":68.0,"direction_fleche_deg":248.0}},{"type":"Feature","geometry":{"type":"Point","coordinates":[-1.7000000000000008,47.160000000000025]},"properties":{"id_point":"AROME_034_035","date_run":"2026-08-23T15:00:00Z","date_validite":"2026-08-23T17:00:00Z","echeance_h":2,"vent_ms":6.2,"vent_kmh":22.2,"vent_u_ms":-5.72,"vent_v_ms":-2.28,"direction_vent_deg":68.0,"direction_fleche_deg":248.0}},{"type":"Feature","geometry":{"type":"Point","coordinates":[-1.689999999999999,47.160000000000004]},"properties":{"id_point":"AROME_034_036","date_run":"2026-08-23T15:00:00Z","date_validite":"2026-08-23T17:00:00Z","echeance_h":2,"vent_ms":6.2,"vent_kmh":22.4,"vent_u_ms":-5.77,"vent_v_ms":-2.33,"direction_vent_deg":68.0,"direction_fleche_deg":248.0}},{"type":"Feature","geometry":{"type":"Point","coordinates":[-1.6800000000000004,47.160000000000025]},"properties":{"id_point":"AROME_034_037","date_run":"2026-08-23T15:00:00Z","date_validite":"2026-08-23T17:00:00Z","echeance_h":2,"vent_ms":6.3,"vent_kmh":22.6,"vent_u_ms":-5.82,"vent_v_ms":-2.39,"direction_vent_deg":68.0,"direction_fleche_deg":248.0}},{"type":"Feature","geometry":{"type":"Point","coordinates":[-1.6699999999999995,47.160000000000025]},"properties":{"id_point":"AROME_034_038","date_run":"2026-08-23T15:00:00Z","date_validite":"2026-08-23T17:00:00Z","echeance_h":2,"vent_ms":6.2,"vent_kmh":22.4,"vent_u_ms":-5.75,"vent_v_ms":-2.4,"direction_vent_deg":67.0,"direction_fleche_deg":247.0}},{"type":"Feature","geometry":{"type":"Point","coordinates":[-1.6600000000000001,47.160000000000025]},"properties":{"id_point":"AROME_034_039","date_run":"2026-08-23T15:00:00Z","date_validite":"2026-08-23T17:00:00Z","echeance_h":2,"vent_ms":6.2,"vent_kmh":22.2,"vent_u_ms":-5.67,"vent_v_ms":-2.42,"direction_vent_deg":67.0,"direction_fleche_deg":247.0}},{"type":"Feature","geometry":{"type":"Point","coordinates":[-1.65,47.160000000000025]},"properties":{"id_point":"AROME_034_040","date_run":"2026-08-23T15:00:00Z","date_validite":"2026-08-23T17:00:00Z","echeance_h":2,"vent_ms":6.1,"vent_kmh":22.0,"vent_u_ms":-5.59,"vent_v_ms":-2.48,"direction_vent_deg":66.0,"direction_fleche_deg":246.0}},{"type":"Feature","geometry":{"type":"Point","coordinates":[-1.6399999999999997,47.160000000000025]},"properties":{"id_point":"AROME_034_041","date_run":"2026-08-23T15:00:00Z","date_validite":"2026-08-23T17:00:00Z","echeance_h":2,"vent_ms":6.0,"vent_kmh":21.6,"vent_u_ms":-5.46,"vent_v_ms":-2.52,"direction_vent_deg":65.0,"direction_fleche_deg":245.0}},{"type":"Feature","geometry":{"type":"Point","coordinates":[-1.6300000000000003,47.160000000000025]},"properties":{"id_point":"AROME_034_042","date_run":"2026-08-23T15:00:00Z","date_validite":"2026-08-23T17:00:00Z","echeance_h":2,"vent_ms":5.9,"vent_kmh":21.1,"vent_u_ms":-5.28,"vent_v_ms":-2.55,"direction_vent_deg":64.0,"direction_fleche_deg":244.0}},{"type":"Feature","geometry":{"type":"Point","coordinates":[-1.62,47.160000000000004]},"properties":{"id_point":"AROME_034_043","date_run":"2026-08-23T15:00:00Z","date_validite":"2026-08-23T17:00:00Z","echeance_h":2,"vent_ms":6.0,"vent_kmh":21.6,"vent_u_ms":-5.38,"vent_v_ms":-2.65,"direction_vent_deg":64.0,"direction_fleche_deg":244.0}},{"type":"Feature","geometry":{"type":"Point","coordinates":[-1.61,47.160000000000025]},"properties":{"id_point":"AROME_034_044","date_run":"2026-08-23T15:00:00Z","date_validite":"2026-08-23T17:00:00Z","echeance_h":2,"vent_ms":6.2,"vent_kmh":22.2,"vent_u_ms":-5.51,"vent_v_ms":-2.76,"direction_vent_deg":63.0,"direction_fleche_deg":243.0}},{"type":"Feature","geometry":{"type":"Point","coordinates":[-1.57,47.160000000000025]},"properties":{"id_point":"AROME_034_048","date_run":"2026-08-23T15:00:00Z","date_validite":"2026-08-23T17:00:00Z","echeance_h":2,"vent_ms":6.5,"vent_kmh":23.5,"vent_u_ms":-5.8,"vent_v_ms":-2.99,"direction_vent_deg":63.0,"direction_fleche_deg":243.0}},{"type":"Feature","geometry":{"type":"Point","coordinates":[-1.5599999999999983,47.160000000000004]},"properties":{"id_point":"AROME_034_049","date_run":"2026-08-23T15:00:00Z","date_validite":"2026-08-23T17:00:00Z","echeance_h":2,"vent_ms":6.6,"vent_kmh":23.8,"vent_u_ms":-5.83,"vent_v_ms":-3.09,"direction_vent_deg":62.0,"direction_fleche_deg":242.0}},{"type":"Feature","geometry":{"type":"Point","coordinates":[-1.5399999999999996,47.160000000000004]},"properties":{"id_point":"AROME_034_051","date_run":"2026-08-23T15:00:00Z","date_validite":"2026-08-23T17:00:00Z","echeance_h":2,"vent_ms":6.1,"vent_kmh":21.9,"vent_u_ms":-5.25,"vent_v_ms":-3.1,"direction_vent_deg":59.0,"direction_fleche_deg":239.0}},{"type":"Feature","geometry":{"type":"Point","coordinates":[-1.5300000000000002,47.160000000000025]},"properties":{"id_point":"AROME_034_052","date_run":"2026-08-23T15:00:00Z","date_validite":"2026-08-23T17:00:00Z","echeance_h":2,"vent_ms":5.8,"vent_kmh":20.8,"vent_u_ms":-4.88,"vent_v_ms":-3.07,"direction_vent_deg":58.0,"direction_fleche_deg":238.0}},{"type":"Feature","geometry":{"type":"Point","coordinates":[-1.5100000000000007,47.160000000000025]},"properties":{"id_point":"AROME_034_054","date_run":"2026-08-23T15:00:00Z","date_validite":"2026-08-23T17:00:00Z","echeance_h":2,"vent_ms":5.8,"vent_kmh":21.0,"vent_u_ms":-4.78,"vent_v_ms":-3.32,"direction_vent_deg":55.0,"direction_fleche_deg":235.0}},{"type":"Feature","geometry":{"type":"Point","coordinates":[-1.499999999999999,47.160000000000004]},"properties":{"id_point":"AROME_034_055","date_run":"2026-08-23T15:00:00Z","date_validite":"2026-08-23T17:00:00Z","echeance_h":2,"vent_ms":5.7,"vent_kmh":20.4,"vent_u_ms":-4.63,"vent_v_ms":-3.3,"direction_vent_deg":55.0,"direction_fleche_deg":235.0}},{"type":"Feature","geometry":{"type":"Point","coordinates":[-1.4899999999999995,47.160000000000004]},"properties":{"id_point":"AROME_034_056","date_run":"2026-08-23T15:00:00Z","date_validite":"2026-08-23T17:00:00Z","echeance_h":2,"vent_ms":5.5,"vent_kmh":19.8,"vent_u_ms":-4.46,"vent_v_ms":-3.22,"direction_vent_deg":54.0,"direction_fleche_deg":234.0}},{"type":"Feature","geometry":{"type":"Point","coordinates":[-1.4799999999999993,47.160000000000025]},"properties":{"id_point":"AROME_034_057","date_run":"2026-08-23T15:00:00Z","date_validite":"2026-08-23T17:00:00Z","echeance_h":2,"vent_ms":5.3,"vent_kmh":19.2,"vent_u_ms":-4.36,"vent_v_ms":-3.07,"direction_vent_deg":55.0,"direction_fleche_deg":235.0}},{"type":"Feature","geometry":{"type":"Point","coordinates":[-1.4699999999999993,47.160000000000025]},"properties":{"id_point":"AROME_034_058","date_run":"2026-08-23T15:00:00Z","date_validite":"2026-08-23T17:00:00Z","echeance_h":2,"vent_ms":5.3,"vent_kmh":19.0,"vent_u_ms":-4.39,"vent_v_ms":-2.93,"direction_vent_deg":56.0,"direction_fleche_deg":236.0}},{"type":"Feature","geometry":{"type":"Point","coordinates":[-1.459999999999999,47.160000000000004]},"properties":{"id_point":"AROME_034_059","date_run":"2026-08-23T15:00:00Z","date_validite":"2026-08-23T17:00:00Z","echeance_h":2,"vent_ms":5.4,"vent_kmh":19.4,"vent_u_ms":-4.57,"vent_v_ms":-2.83,"direction_vent_deg":58.0,"direction_fleche_deg":238.0}},{"type":"Feature","geometry":{"type":"Point","coordinates":[-1.4499999999999997,47.160000000000025]},"properties":{"id_point":"AROME_034_060","date_run":"2026-08-23T15:00:00Z","date_validite":"2026-08-23T17:00:00Z","echeance_h":2,"vent_ms":5.3,"vent_kmh":19.1,"vent_u_ms":-4.59,"vent_v_ms":-2.64,"direction_vent_deg":60.0,"direction_fleche_deg":240.0}},{"type":"Feature","geometry":{"type":"Point","coordinates":[-1.440000000000001,47.160000000000025]},"properties":{"id_point":"AROME_034_061","date_run":"2026-08-23T15:00:00Z","date_validite":"2026-08-23T17:00:00Z","echeance_h":2,"vent_ms":5.2,"vent_kmh":18.6,"vent_u_ms":-4.56,"vent_v_ms":-2.42,"direction_vent_deg":62.0,"direction_fleche_deg":242.0}},{"type":"Feature","geometry":{"type":"Point","coordinates":[-1.7200000000000004,47.15000000000001]},"properties":{"id_point":"AROME_035_033","date_run":"2026-08-23T15:00:00Z","date_validite":"2026-08-23T17:00:00Z","echeance_h":2,"vent_ms":6.1,"vent_kmh":21.9,"vent_u_ms":-5.62,"vent_v_ms":-2.32,"direction_vent_deg":68.0,"direction_fleche_deg":248.0}},{"type":"Feature","geometry":{"type":"Point","coordinates":[-1.7100000000000002,47.15000000000001]},"properties":{"id_point":"AROME_035_034","date_run":"2026-08-23T15:00:00Z","date_validite":"2026-08-23T17:00:00Z","echeance_h":2,"vent_ms":6.1,"vent_kmh":21.8,"vent_u_ms":-5.6,"vent_v_ms":-2.32,"direction_vent_deg":68.0,"direction_fleche_deg":248.0}},{"type":"Feature","geometry":{"type":"Point","coordinates":[-1.7,47.15000000000001]},"properties":{"id_point":"AROME_035_035","date_run":"2026-08-23T15:00:00Z","date_validite":"2026-08-23T17:00:00Z","echeance_h":2,"vent_ms":6.0,"vent_kmh":21.7,"vent_u_ms":-5.57,"vent_v_ms":-2.32,"direction_vent_deg":67.0,"direction_fleche_deg":247.0}},{"type":"Feature","geometry":{"type":"Point","coordinates":[-1.69,47.15000000000001]},"properties":{"id_point":"AROME_035_036","date_run":"2026-08-23T15:00:00Z","date_validite":"2026-08-23T17:00:00Z","echeance_h":2,"vent_ms":6.2,"vent_kmh":22.2,"vent_u_ms":-5.67,"vent_v_ms":-2.42,"direction_vent_deg":67.0,"direction_fleche_deg":247.0}},{"type":"Feature","geometry":{"type":"Point","coordinates":[-1.6800000000000004,47.15000000000001]},"properties":{"id_point":"AROME_035_037","date_run":"2026-08-23T15:00:00Z","date_validite":"2026-08-23T17:00:00Z","echeance_h":2,"vent_ms":6.4,"vent_kmh":23.0,"vent_u_ms":-5.85,"vent_v_ms":-2.53,"direction_vent_deg":67.0,"direction_fleche_deg":247.0}},{"type":"Feature","geometry":{"type":"Point","coordinates":[-1.6700000000000004,47.15000000000001]},"properties":{"id_point":"AROME_035_038","date_run":"2026-08-23T15:00:00Z","date_validite":"2026-08-23T17:00:00Z","echeance_h":2,"vent_ms":6.4,"vent_kmh":23.0,"vent_u_ms":-5.82,"vent_v_ms":-2.6,"direction_vent_deg":66.0,"direction_fleche_deg":246.0}},{"type":"Feature","geometry":{"type":"Point","coordinates":[-1.6599999999999993,47.15000000000001]},"properties":{"id_point":"AROME_035_039","date_run":"2026-08-23T15:00:00Z","date_validite":"2026-08-23T17:00:00Z","echeance_h":2,"vent_ms":6.3,"vent_kmh":22.8,"vent_u_ms":-5.77,"vent_v_ms":-2.65,"direction_vent_deg":65.0,"direction_fleche_deg":245.0}},{"type":"Feature","geometry":{"type":"Point","coordinates":[-1.6499999999999992,47.15000000000001]},"properties":{"id_point":"AROME_035_040","date_run":"2026-08-23T15:00:00Z","date_validite":"2026-08-23T17:00:00Z","echeance_h":2,"vent_ms":6.3,"vent_kmh":22.6,"vent_u_ms":-5.66,"vent_v_ms":-2.7,"direction_vent_deg":65.0,"direction_fleche_deg":245.0}},{"type":"Feature","geometry":{"type":"Point","coordinates":[-1.6400000000000006,47.15000000000003]},"properties":{"id_point":"AROME_035_041","date_run":"2026-08-23T15:00:00Z","date_validite":"2026-08-23T17:00:00Z","echeance_h":2,"vent_ms":6.2,"vent_kmh":22.2,"vent_u_ms":-5.54,"vent_v_ms":-2.74,"direction_vent_deg":64.0,"direction_fleche_deg":244.0}},{"type":"Feature","geometry":{"type":"Point","coordinates":[-1.6300000000000003,47.15000000000003]},"properties":{"id_point":"AROME_035_042","date_run":"2026-08-23T15:00:00Z","date_validite":"2026-08-23T17:00:00Z","echeance_h":2,"vent_ms":6.1,"vent_kmh":21.9,"vent_u_ms":-5.42,"vent_v_ms":-2.78,"direction_vent_deg":63.0,"direction_fleche_deg":243.0}},{"type":"Feature","geometry":{"type":"Point","coordinates":[-1.620000000000001,47.15000000000001]},"properties":{"id_point":"AROME_035_043","date_run":"2026-08-23T15:00:00Z","date_validite":"2026-08-23T17:00:00Z","echeance_h":2,"vent_ms":6.2,"vent_kmh":22.5,"vent_u_ms":-5.53,"vent_v_ms":-2.9,"direction_vent_deg":62.0,"direction_fleche_deg":242.0}},{"type":"Feature","geometry":{"type":"Point","coordinates":[-1.6099999999999992,47.15000000000001]},"properties":{"id_point":"AROME_035_044","date_run":"2026-08-23T15:00:00Z","date_validite":"2026-08-23T17:00:00Z","echeance_h":2,"vent_ms":6.4,"vent_kmh":23.2,"vent_u_ms":-5.69,"vent_v_ms":-3.03,"direction_vent_deg":62.0,"direction_fleche_deg":242.0}},{"type":"Feature","geometry":{"type":"Point","coordinates":[-1.5800000000000003,47.15000000000001]},"properties":{"id_point":"AROME_035_047","date_run":"2026-08-23T15:00:00Z","date_validite":"2026-08-23T17:00:00Z","echeance_h":2,"vent_ms":6.2,"vent_kmh":22.4,"vent_u_ms":-5.46,"vent_v_ms":-3.0,"direction_vent_deg":61.0,"direction_fleche_deg":241.0}},{"type":"Feature","geometry":{"type":"Point","coordinates":[-1.52,47.15000000000001]},"properties":{"id_point":"AROME_035_053","date_run":"2026-08-23T15:00:00Z","date_validite":"2026-08-23T17:00:00Z","echeance_h":2,"vent_ms":5.9,"vent_kmh":21.2,"vent_u_ms":-4.87,"vent_v_ms":-3.32,"direction_vent_deg":56.0,"direction_fleche_deg":236.0}},{"type":"Feature","geometry":{"type":"Point","coordinates":[-1.51,47.15000000000001]},"properties":{"id_point":"AROME_035_054","date_run":"2026-08-23T15:00:00Z","date_validite":"2026-08-23T17:00:00Z","echeance_h":2,"vent_ms":5.8,"vent_kmh":21.0,"vent_u_ms":-4.78,"vent_v_ms":-3.35,"direction_vent_deg":55.0,"direction_fleche_deg":235.0}},{"type":"Feature","geometry":{"type":"Point","coordinates":[-1.4999999999999998,47.15000000000001]},"properties":{"id_point":"AROME_035_055","date_run":"2026-08-23T15:00:00Z","date_validite":"2026-08-23T17:00:00Z","echeance_h":2,"vent_ms":5.7,"vent_kmh":20.5,"vent_u_ms":-4.66,"vent_v_ms":-3.26,"direction_vent_deg":55.0,"direction_fleche_deg":235.0}},{"type":"Feature","geometry":{"type":"Point","coordinates":[-1.4900000000000004,47.15000000000001]},"properties":{"id_point":"AROME_035_056","date_run":"2026-08-23T15:00:00Z","date_validite":"2026-08-23T17:00:00Z","echeance_h":2,"vent_ms":5.5,"vent_kmh":19.9,"vent_u_ms":-4.55,"vent_v_ms":-3.11,"direction_vent_deg":56.0,"direction_fleche_deg":236.0}},{"type":"Feature","geometry":{"type":"Point","coordinates":[-1.4800000000000002,47.15000000000001]},"properties":{"id_point":"AROME_035_057","date_run":"2026-08-23T15:00:00Z","date_validite":"2026-08-23T17:00:00Z","echeance_h":2,"vent_ms":5.3,"vent_kmh":19.2,"vent_u_ms":-4.5,"vent_v_ms":-2.87,"direction_vent_deg":57.0,"direction_fleche_deg":237.0}},{"type":"Feature","geometry":{"type":"Point","coordinates":[-1.4699999999999993,47.15000000000001]},"properties":{"id_point":"AROME_035_058","date_run":"2026-08-23T15:00:00Z","date_validite":"2026-08-23T17:00:00Z","echeance_h":2,"vent_ms":5.3,"vent_kmh":18.9,"vent_u_ms":-4.53,"vent_v_ms":-2.67,"direction_vent_deg":59.0,"direction_fleche_deg":239.0}},{"type":"Feature","geometry":{"type":"Point","coordinates":[-1.4599999999999997,47.15]},"properties":{"id_point":"AROME_035_059","date_run":"2026-08-23T15:00:00Z","date_validite":"2026-08-23T17:00:00Z","echeance_h":2,"vent_ms":5.3,"vent_kmh":19.2,"vent_u_ms":-4.68,"vent_v_ms":-2.53,"direction_vent_deg":62.0,"direction_fleche_deg":242.0}},{"type":"Feature","geometry":{"type":"Point","coordinates":[-1.4499999999999997,47.15000000000001]},"properties":{"id_point":"AROME_035_060","date_run":"2026-08-23T15:00:00Z","date_validite":"2026-08-23T17:00:00Z","echeance_h":2,"vent_ms":5.3,"vent_kmh":19.2,"vent_u_ms":-4.76,"vent_v_ms":-2.38,"direction_vent_deg":63.0,"direction_fleche_deg":243.0}},{"type":"Feature","geometry":{"type":"Point","coordinates":[-1.7300000000000004,47.140000000000015]},"properties":{"id_point":"AROME_036_032","date_run":"2026-08-23T15:00:00Z","date_validite":"2026-08-23T17:00:00Z","echeance_h":2,"vent_ms":6.1,"vent_kmh":22.1,"vent_u_ms":-5.66,"vent_v_ms":-2.39,"direction_vent_deg":67.0,"direction_fleche_deg":247.0}},{"type":"Feature","geometry":{"type":"Point","coordinates":[-1.7199999999999995,47.140000000000015]},"properties":{"id_point":"AROME_036_033","date_run":"2026-08-23T15:00:00Z","date_validite":"2026-08-23T17:00:00Z","echeance_h":2,"vent_ms":6.1,"vent_kmh":21.9,"vent_u_ms":-5.62,"vent_v_ms":-2.36,"direction_vent_deg":67.0,"direction_fleche_deg":247.0}},{"type":"Feature","geometry":{"type":"Point","coordinates":[-1.710000000000001,47.140000000000015]},"properties":{"id_point":"AROME_036_034","date_run":"2026-08-23T15:00:00Z","date_validite":"2026-08-23T17:00:00Z","echeance_h":2,"vent_ms":6.0,"vent_kmh":21.7,"vent_u_ms":-5.56,"vent_v_ms":-2.35,"direction_vent_deg":67.0,"direction_fleche_deg":247.0}},{"type":"Feature","geometry":{"type":"Point","coordinates":[-1.7,47.140000000000015]},"properties":{"id_point":"AROME_036_035","date_run":"2026-08-23T15:00:00Z","date_validite":"2026-08-23T17:00:00Z","echeance_h":2,"vent_ms":5.9,"vent_kmh":21.2,"vent_u_ms":-5.42,"vent_v_ms":-2.34,"direction_vent_deg":67.0,"direction_fleche_deg":247.0}},{"type":"Feature","geometry":{"type":"Point","coordinates":[-1.69,47.140000000000015]},"properties":{"id_point":"AROME_036_036","date_run":"2026-08-23T15:00:00Z","date_validite":"2026-08-23T17:00:00Z","echeance_h":2,"vent_ms":6.0,"vent_kmh":21.7,"vent_u_ms":-5.5,"vent_v_ms":-2.44,"direction_vent_deg":66.0,"direction_fleche_deg":246.0}},{"type":"Feature","geometry":{"type":"Point","coordinates":[-1.6599999999999993,47.140000000000015]},"properties":{"id_point":"AROME_036_039","date_run":"2026-08-23T15:00:00Z","date_validite":"2026-08-23T17:00:00Z","echeance_h":2,"vent_ms":6.4,"vent_kmh":22.9,"vent_u_ms":-5.71,"vent_v_ms":-2.78,"direction_vent_deg":64.0,"direction_fleche_deg":244.0}},{"type":"Feature","geometry":{"type":"Point","coordinates":[-1.6500000000000008,47.140000000000015]},"properties":{"id_point":"AROME_036_040","date_run":"2026-08-23T15:00:00Z","date_validite":"2026-08-23T17:00:00Z","echeance_h":2,"vent_ms":6.2,"vent_kmh":22.3,"vent_u_ms":-5.53,"vent_v_ms":-2.81,"direction_vent_deg":63.0,"direction_fleche_deg":243.0}},{"type":"Feature","geometry":{"type":"Point","coordinates":[-1.6400000000000006,47.14000000000003]},"properties":{"id_point":"AROME_036_041","date_run":"2026-08-23T15:00:00Z","date_validite":"2026-08-23T17:00:00Z","echeance_h":2,"vent_ms":6.1,"vent_kmh":21.9,"vent_u_ms":-5.38,"vent_v_ms":-2.85,"direction_vent_deg":62.0,"direction_fleche_deg":242.0}},{"type":"Feature","geometry":{"type":"Point","coordinates":[-1.62,47.14000000000003]},"properties":{"id_point":"AROME_036_043","date_run":"2026-08-23T15:00:00Z","date_validite":"2026-08-23T17:00:00Z","echeance_h":2,"vent_ms":6.1,"vent_kmh":22.1,"vent_u_ms":-5.35,"vent_v_ms":-2.99,"direction_vent_deg":61.0,"direction_fleche_deg":241.0}},{"type":"Feature","geometry":{"type":"Point","coordinates":[-1.61,47.140000000000015]},"properties":{"id_point":"AROME_036_044","date_run":"2026-08-23T15:00:00Z","date_validite":"2026-08-23T17:00:00Z","echeance_h":2,"vent_ms":6.3,"vent_kmh":22.8,"vent_u_ms":-5.5,"vent_v_ms":-3.14,"direction_vent_deg":60.0,"direction_fleche_deg":240.0}},{"type":"Feature","geometry":{"type":"Point","coordinates":[-1.5999999999999999,47.140000000000015]},"properties":{"id_point":"AROME_036_045","date_run":"2026-08-23T15:00:00Z","date_validite":"2026-08-23T17:00:00Z","echeance_h":2,"vent_ms":6.3,"vent_kmh":22.8,"vent_u_ms":-5.49,"vent_v_ms":-3.17,"direction_vent_deg":60.0,"direction_fleche_deg":240.0}},{"type":"Feature","geometry":{"type":"Point","coordinates":[-1.5399999999999996,47.140000000000015]},"properties":{"id_point":"AROME_036_051","date_run":"2026-08-23T15:00:00Z","date_validite":"2026-08-23T17:00:00Z","echeance_h":2,"vent_ms":6.2,"vent_kmh":22.4,"vent_u_ms":-5.23,"vent_v_ms":-3.38,"direction_vent_deg":57.0,"direction_fleche_deg":237.0}},{"type":"Feature","geometry":{"type":"Point","coordinates":[-1.5299999999999994,47.140000000000015]},"properties":{"id_point":"AROME_036_052","date_run":"2026-08-23T15:00:00Z","date_validite":"2026-08-23T17:00:00Z","echeance_h":2,"vent_ms":6.1,"vent_kmh":21.8,"vent_u_ms":-5.05,"vent_v_ms":-3.34,"direction_vent_deg":57.0,"direction_fleche_deg":237.0}},{"type":"Feature","geometry":{"type":"Point","coordinates":[-1.5199999999999994,47.140000000000015]},"properties":{"id_point":"AROME_036_053","date_run":"2026-08-23T15:00:00Z","date_validite":"2026-08-23T17:00:00Z","echeance_h":2,"vent_ms":5.9,"vent_kmh":21.2,"vent_u_ms":-4.89,"vent_v_ms":-3.28,"direction_vent_deg":56.0,"direction_fleche_deg":236.0}},{"type":"Feature","geometry":{"type":"Point","coordinates":[-1.51,47.140000000000015]},"properties":{"id_point":"AROME_036_054","date_run":"2026-08-23T15:00:00Z","date_validite":"2026-08-23T17:00:00Z","echeance_h":2,"vent_ms":5.7,"vent_kmh":20.6,"vent_u_ms":-4.75,"vent_v_ms":-3.18,"direction_vent_deg":56.0,"direction_fleche_deg":236.0}},{"type":"Feature","geometry":{"type":"Point","coordinates":[-1.4999999999999998,47.140000000000015]},"properties":{"id_point":"AROME_036_055","date_run":"2026-08-23T15:00:00Z","date_validite":"2026-08-23T17:00:00Z","echeance_h":2,"vent_ms":5.5,"vent_kmh":19.7,"vent_u_ms":-4.6,"vent_v_ms":-2.98,"direction_vent_deg":57.0,"direction_fleche_deg":237.0}},{"type":"Feature","geometry":{"type":"Point","coordinates":[-1.4899999999999995,47.140000000000015]},"properties":{"id_point":"AROME_036_056","date_run":"2026-08-23T15:00:00Z","date_validite":"2026-08-23T17:00:00Z","echeance_h":2,"vent_ms":5.2,"vent_kmh":18.8,"vent_u_ms":-4.43,"vent_v_ms":-2.73,"direction_vent_deg":58.0,"direction_fleche_deg":238.0}},{"type":"Feature","geometry":{"type":"Point","coordinates":[-1.4799999999999993,47.140000000000015]},"properties":{"id_point":"AROME_036_057","date_run":"2026-08-23T15:00:00Z","date_validite":"2026-08-23T17:00:00Z","echeance_h":2,"vent_ms":5.2,"vent_kmh":18.8,"vent_u_ms":-4.57,"vent_v_ms":-2.54,"direction_vent_deg":61.0,"direction_fleche_deg":241.0}},{"type":"Feature","geometry":{"type":"Point","coordinates":[-1.4699999999999993,47.140000000000015]},"properties":{"id_point":"AROME_036_058","date_run":"2026-08-23T15:00:00Z","date_validite":"2026-08-23T17:00:00Z","echeance_h":2,"vent_ms":5.3,"vent_kmh":19.2,"vent_u_ms":-4.75,"vent_v_ms":-2.39,"direction_vent_deg":63.0,"direction_fleche_deg":243.0}},{"type":"Feature","geometry":{"type":"Point","coordinates":[-1.4600000000000006,47.140000000000015]},"properties":{"id_point":"AROME_036_059","date_run":"2026-08-23T15:00:00Z","date_validite":"2026-08-23T17:00:00Z","echeance_h":2,"vent_ms":5.6,"vent_kmh":20.1,"vent_u_ms":-5.06,"vent_v_ms":-2.34,"direction_vent_deg":65.0,"direction_fleche_deg":245.0}},{"type":"Feature","geometry":{"type":"Point","coordinates":[-1.4500000000000004,47.140000000000015]},"properties":{"id_point":"AROME_036_060","date_run":"2026-08-23T15:00:00Z","date_validite":"2026-08-23T17:00:00Z","echeance_h":2,"vent_ms":5.6,"vent_kmh":20.3,"vent_u_ms":-5.17,"vent_v_ms":-2.24,"direction_vent_deg":67.0,"direction_fleche_deg":247.0}},{"type":"Feature","geometry":{"type":"Point","coordinates":[-1.7300000000000004,47.13]},"properties":{"id_point":"AROME_037_032","date_run":"2026-08-23T15:00:00Z","date_validite":"2026-08-23T17:00:00Z","echeance_h":2,"vent_ms":6.2,"vent_kmh":22.4,"vent_u_ms":-5.73,"vent_v_ms":-2.45,"direction_vent_deg":67.0,"direction_fleche_deg":247.0}},{"type":"Feature","geometry":{"type":"Point","coordinates":[-1.7199999999999995,47.13]},"properties":{"id_point":"AROME_037_033","date_run":"2026-08-23T15:00:00Z","date_validite":"2026-08-23T17:00:00Z","echeance_h":2,"vent_ms":6.2,"vent_kmh":22.3,"vent_u_ms":-5.7,"vent_v_ms":-2.44,"direction_vent_deg":67.0,"direction_fleche_deg":247.0}},{"type":"Feature","geometry":{"type":"Point","coordinates":[-1.6699999999999995,47.13]},"properties":{"id_point":"AROME_037_038","date_run":"2026-08-23T15:00:00Z","date_validite":"2026-08-23T17:00:00Z","echeance_h":2,"vent_ms":6.0,"vent_kmh":21.6,"vent_u_ms":-5.39,"vent_v_ms":-2.66,"direction_vent_deg":64.0,"direction_fleche_deg":244.0}},{"type":"Feature","geometry":{"type":"Point","coordinates":[-1.6600000000000001,47.13]},"properties":{"id_point":"AROME_037_039","date_run":"2026-08-23T15:00:00Z","date_validite":"2026-08-23T17:00:00Z","echeance_h":2,"vent_ms":6.1,"vent_kmh":22.0,"vent_u_ms":-5.43,"vent_v_ms":-2.8,"direction_vent_deg":63.0,"direction_fleche_deg":243.0}},{"type":"Feature","geometry":{"type":"Point","coordinates":[-1.6499999999999992,47.13]},"properties":{"id_point":"AROME_037_040","date_run":"2026-08-23T15:00:00Z","date_validite":"2026-08-23T17:00:00Z","echeance_h":2,"vent_ms":5.9,"vent_kmh":21.4,"vent_u_ms":-5.22,"vent_v_ms":-2.83,"direction_vent_deg":62.0,"direction_fleche_deg":242.0}},{"type":"Feature","geometry":{"type":"Point","coordinates":[-1.6399999999999997,47.12999999999999]},"properties":{"id_point":"AROME_037_041","date_run":"2026-08-23T15:00:00Z","date_validite":"2026-08-23T17:00:00Z","echeance_h":2,"vent_ms":5.8,"vent_kmh":20.9,"vent_u_ms":-5.03,"vent_v_ms":-2.86,"direction_vent_deg":60.0,"direction_fleche_deg":240.0}},{"type":"Feature","geometry":{"type":"Point","coordinates":[-1.6300000000000003,47.13]},"properties":{"id_point":"AROME_037_042","date_run":"2026-08-23T15:00:00Z","date_validite":"2026-08-23T17:00:00Z","echeance_h":2,"vent_ms":5.7,"vent_kmh":20.5,"vent_u_ms":-4.89,"vent_v_ms":-2.91,"direction_vent_deg":59.0,"direction_fleche_deg":239.0}},{"type":"Feature","geometry":{"type":"Point","coordinates":[-1.62,47.13]},"properties":{"id_point":"AROME_037_043","date_run":"2026-08-23T15:00:00Z","date_validite":"2026-08-23T17:00:00Z","echeance_h":2,"vent_ms":5.8,"vent_kmh":20.9,"vent_u_ms":-4.96,"vent_v_ms":-3.02,"direction_vent_deg":59.0,"direction_fleche_deg":239.0}},{"type":"Feature","geometry":{"type":"Point","coordinates":[-1.6100000000000008,47.13]},"properties":{"id_point":"AROME_037_044","date_run":"2026-08-23T15:00:00Z","date_validite":"2026-08-23T17:00:00Z","echeance_h":2,"vent_ms":6.0,"vent_kmh":21.6,"vent_u_ms":-5.11,"vent_v_ms":-3.17,"direction_vent_deg":58.0,"direction_fleche_deg":238.0}},{"type":"Feature","geometry":{"type":"Point","coordinates":[-1.5399999999999996,47.13]},"properties":{"id_point":"AROME_037_051","date_run":"2026-08-23T15:00:00Z","date_validite":"2026-08-23T17:00:00Z","echeance_h":2,"vent_ms":6.0,"vent_kmh":21.5,"vent_u_ms":-5.05,"vent_v_ms":-3.17,"direction_vent_deg":58.0,"direction_fleche_deg":238.0}},{"type":"Feature","geometry":{"type":"Point","coordinates":[-1.5300000000000002,47.13]},"properties":{"id_point":"AROME_037_052","date_run":"2026-08-23T15:00:00Z","date_validite":"2026-08-23T17:00:00Z","echeance_h":2,"vent_ms":5.8,"vent_kmh":20.9,"vent_u_ms":-4.93,"vent_v_ms":-3.08,"direction_vent_deg":58.0,"direction_fleche_deg":238.0}},{"type":"Feature","geometry":{"type":"Point","coordinates":[-1.52,47.13]},"properties":{"id_point":"AROME_037_053","date_run":"2026-08-23T15:00:00Z","date_validite":"2026-08-23T17:00:00Z","echeance_h":2,"vent_ms":5.6,"vent_kmh":20.2,"vent_u_ms":-4.78,"vent_v_ms":-2.95,"direction_vent_deg":58.0,"direction_fleche_deg":238.0}},{"type":"Feature","geometry":{"type":"Point","coordinates":[-1.51,47.13]},"properties":{"id_point":"AROME_037_054","date_run":"2026-08-23T15:00:00Z","date_validite":"2026-08-23T17:00:00Z","echeance_h":2,"vent_ms":5.4,"vent_kmh":19.3,"vent_u_ms":-4.59,"vent_v_ms":-2.76,"direction_vent_deg":59.0,"direction_fleche_deg":239.0}},{"type":"Feature","geometry":{"type":"Point","coordinates":[-1.4899999999999995,47.13]},"properties":{"id_point":"AROME_037_056","date_run":"2026-08-23T15:00:00Z","date_validite":"2026-08-23T17:00:00Z","echeance_h":2,"vent_ms":4.7,"vent_kmh":17.0,"vent_u_ms":-4.14,"vent_v_ms":-2.24,"direction_vent_deg":62.0,"direction_fleche_deg":242.0}},{"type":"Feature","geometry":{"type":"Point","coordinates":[-1.4800000000000009,47.13]},"properties":{"id_point":"AROME_037_057","date_run":"2026-08-23T15:00:00Z","date_validite":"2026-08-23T17:00:00Z","echeance_h":2,"vent_ms":4.8,"vent_kmh":17.4,"vent_u_ms":-4.32,"vent_v_ms":-2.19,"direction_vent_deg":63.0,"direction_fleche_deg":243.0}},{"type":"Feature","geometry":{"type":"Point","coordinates":[-1.4699999999999993,47.13]},"properties":{"id_point":"AROME_037_058","date_run":"2026-08-23T15:00:00Z","date_validite":"2026-08-23T17:00:00Z","echeance_h":2,"vent_ms":5.1,"vent_kmh":18.3,"vent_u_ms":-4.6,"vent_v_ms":-2.19,"direction_vent_deg":65.0,"direction_fleche_deg":245.0}},{"type":"Feature","geometry":{"type":"Point","coordinates":[-1.4599999999999997,47.13]},"properties":{"id_point":"AROME_037_059","date_run":"2026-08-23T15:00:00Z","date_validite":"2026-08-23T17:00:00Z","echeance_h":2,"vent_ms":5.7,"vent_kmh":20.4,"vent_u_ms":-5.17,"vent_v_ms":-2.33,"direction_vent_deg":66.0,"direction_fleche_deg":246.0}},{"type":"Feature","geometry":{"type":"Point","coordinates":[-1.6300000000000012,47.12000000000001]},"properties":{"id_point":"AROME_038_042","date_run":"2026-08-23T15:00:00Z","date_validite":"2026-08-23T17:00:00Z","echeance_h":2,"vent_ms":5.3,"vent_kmh":19.2,"vent_u_ms":-4.47,"vent_v_ms":-2.89,"direction_vent_deg":57.0,"direction_fleche_deg":237.0}},{"type":"Feature","geometry":{"type":"Point","coordinates":[-1.6199999999999994,47.12000000000001]},"properties":{"id_point":"AROME_038_043","date_run":"2026-08-23T15:00:00Z","date_validite":"2026-08-23T17:00:00Z","echeance_h":2,"vent_ms":5.5,"vent_kmh":19.7,"vent_u_ms":-4.55,"vent_v_ms":-3.03,"direction_vent_deg":56.0,"direction_fleche_deg":236.0}},{"type":"Feature","geometry":{"type":"Point","coordinates":[-1.61,47.120000000000026]},"properties":{"id_point":"AROME_038_044","date_run":"2026-08-23T15:00:00Z","date_validite":"2026-08-23T17:00:00Z","echeance_h":2,"vent_ms":5.8,"vent_kmh":20.8,"vent_u_ms":-4.79,"vent_v_ms":-3.22,"direction_vent_deg":56.0,"direction_fleche_deg":236.0}},{"type":"Feature","geometry":{"type":"Point","coordinates":[-1.5300000000000002,47.12000000000001]},"properties":{"id_point":"AROME_038_052","date_run":"2026-08-23T15:00:00Z","date_validite":"2026-08-23T17:00:00Z","echeance_h":2,"vent_ms":5.6,"vent_kmh":20.2,"vent_u_ms":-4.87,"vent_v_ms":-2.78,"direction_vent_deg":60.0,"direction_fleche_deg":240.0}},{"type":"Feature","geometry":{"type":"Point","coordinates":[-1.6400000000000015,47.110000000000014]},"properties":{"id_point":"AROME_039_041","date_run":"2026-08-23T15:00:00Z","date_validite":"2026-08-23T17:00:00Z","echeance_h":2,"vent_ms":4.4,"vent_kmh":15.9,"vent_u_ms":-3.62,"vent_v_ms":-2.5,"direction_vent_deg":55.0,"direction_fleche_deg":235.0}},{"type":"Feature","geometry":{"type":"Point","coordinates":[-1.6300000000000012,47.11000000000003]},"properties":{"id_point":"AROME_039_042","date_run":"2026-08-23T15:00:00Z","date_validite":"2026-08-23T17:00:00Z","echeance_h":2,"vent_ms":4.6,"vent_kmh":16.4,"vent_u_ms":-3.71,"vent_v_ms":-2.64,"direction_vent_deg":55.0,"direction_fleche_deg":235.0}}]}
